question,model_answer,gold_answers,correct,probe_risk,token_risk,probe_layer
Which Cole Porter play won the first Tony Award for best musical in 1949?,the purlie ups,Kiss Me Kate | Kiss Me Kate (disambiguation),0,0.9094,2.8259,22
"Who, after marrying in 1791, and living in Naples, became the mistress of Lord Nelson, having his child, Horatia, in 1803?",Lady Hamilton,"Emma Hamilton | Emma Hart | Emma Lyon | Emma, Lady Hamilton | Lady Emma Hamilton",1,0.842,3.037,23
The term 'the fourth wall' would be used for an imaginary wall in what type of building?,theatre,A Theater | Children's Theater | Children's theater | Children's theatre | Entertainment venue,1,0.455,1.6021,23
Which millionaire introduced a free school milk programme in Chicago to combat rickets?,The first free school milk programme was introduced in Chicago in 1911,AL CAPONE | Al Capone | Al Cappone | Al capone | Albert Francis Capone,0,0.4021,2.8698,22
Which US comic superhero has the real name Steve Rogers?,captain america,Cap America | Cap. America | Capt. america | Captain America | Captain America (Marvel Comics),1,0.7531,1.531,26
"According to Arthurian legend, Arthur's wife Guinevere, had a little on the side with which Knight of the Round Table?",le fort,Arondight | Aroundight | Chevalier mal fet | Evaine | Joyous Gard,0,0.8481,1.8432,22
"Who won the 2010 Boston Marathon with a time of 2:05:52, easily breaking the course record of 2:07:14?",marcus ferguson,Robert Kiprono Cheruiyot,0,0.5253,3.6285,26
"In alphabetical order, what is the last U.S. state?",utah,44th State | Big Wonderful Wyoming | Climate of Wyoming | Constitution of Wyoming | Constitution of the State of Wyoming,0,0.7723,1.8188,22
"In internet/texting parlance, what does tl;dr mean?",tl;dr,"TL-DR | TL;DR | Tl;dr | Too long, didn't read | Too long; didn't read",1,0.6512,1.1567,23
"What commonly used English Latin expression means literally 'so' or 'thus' or 'in this manner', and generally refers to a quoted error?",so,(sic) | Bracketed sic | Recte | Sic | Sic (Latin),0,0.7397,2.4834,26
Tala is the basic monetary unit of which country?,tala,IS Samoa | ISO 3166-1:WS | Independent State of Samoa | Independent State of Western Samoa | Independent state of samoa,0,0.5801,2.9052,23
"What is the next in the series: Nigeria, Sierra Leone, Tanganyika, Uganda, Zanzibar, Kenya, Malawi, Zambia, Gambia, Botswana, Lesotho, Mauritius",Zimbabwe,Administrative divisions of Swaziland | Capital of Swaziland | Government of Swaziland | Health care in Swaziland | Health in Swaziland,0,0.4752,1.4643,22
The fashion designer Jimmy Choo is best known for designing which item of clothing?,shoes,Character shoe | Custom insoles | DJ House Shoes | Dance shoe | Dance shoes,1,0.4959,2.3456,23
"In Edwin Landseer's painting, 'Dignity and Impudence', what kind of creatures are depicted?","The painting depicts a pair of dogs, one of which is a bulldog,",DOG | DOGS | Dog (disambiguation) | Dog (song) | Dogs (album),1,0.7087,3.0423,23
What type of animal is Baloo in the novel ‘The Jungle Book’ by Rudyard Kipling?,bear,Arctos | BEAR | Bear | Bear (zoology) | Bear cub,1,0.4259,0.9926,26
The islands called the Moluccas were previously known as what?,The Moluccas were previously known as the Spice Islands,Spice Islands | Spice Islands (disambiguation) | Spice island | Spice islands | The Spice Islands,1,0.5468,1.4182,26
"Which side did Lancashire beat in the last match of the 2008 County Cricket Championship, thus staving off all thoughts of relegation?",wales,"County of Somerset | Highway, Somerset | Nether Wessex | Outer Wessex | SOMERSET",0,0.8997,2.9131,23
How many squares are there in a standard 'Sudoku' grid?,81,81 | eighty-one,1,0.4679,1.0867,26
What was Tony Blair’s constituency?,"Tony Blair was elected to the House of Commons in 1997,",SEDGEFIELD | Sedgefield | Segfield,0,0.7926,1.854,26
"Which European country has regions called Karlovy Vary, Plzeň and South Bohemia?",czech republic,4esko | Administrative divisions of the Czech Republic | Bohemia-Moravia | CZECH REPUBLIC | CZR,1,0.0631,0.4206,26
What was the name of the Cunard ocean liner which was launched on 20th September 1906?,The Cunard liner RMS Lusitania,Ancient mauretania | Classical mauretania | Classical morocco | Domain of Moor | King of Mauretania,0,0.5423,1.8198,26
What is the name of the giraffe that Toys-r-us uses as its' mascot?,"The giraffe is the mascot of Toys ""R"" Us.",Geoff | Geoffrey | Geoffrey (disambiguation) | Geoffroy,0,0.8199,2.3252,26
The 2007 film 300 is a fictionalised retelling of which battle?,Battle of Thermopylae,300 Spartans | BATTLE OF THERMOPYLAE | Battle Of Thermopylae | Battle Of Thermopylai | Battle of Termophylae,1,0.1145,2.1342,22
"What is the name of the system of stellar designation in which a specific star is identified by a Greek letter (then Latin letters in lower-case then upper-case), followed by the genitive form of its parent constellation's Latin name (e.g. Tauri)?",The system of stellar designation in which a specific star is identified by a Greek letter,Bayer classification | Bayer designation | Bayer designations | Bayer letter | Bayer letters,0,0.4792,1.6031,26
In which sport could the Pacers take on the Pistons?,The Pacers play in the Eastern Conference of the National Basketball Association (NBA),A: Basketball | B Ball | B ball | B-ball | Baketball,1,0.5177,2.048,23
"Cryos, the worlds largest sperm bank, recently announced that they will no longer accept donations from guys with what physical characteristic?",The sperm bank will no longer accept donations from guys with a height of 6,Red head | Red heads | Red-headed | Redhead | Redhead (disambiguation),0,0.8005,2.8534,22
Who has been Secretary of State for Work and Pensions since May 2010?,The Secretary of State for Work and Pensions is a senior civil servant in the,Ellen Oshey | George Iain Duncan Smith | Iain Duncan Cough | Iain Duncan Smith | Iain Duncan-Smith,0,0.6432,2.6993,22
Artiodactyla Suidae is the scientific name for which farm animal?,pig,Chazer | Pig | Piggeh | Pigs | Sus (genus),1,0.1551,0.605,26
"Edward Oxford and Rodney Maclean, et al, tried to assassinate which British monarch?",king george v,"Alexandrina Victoria | Alexandrina Victoria von Wettin | Alexandrina Victoria von Wettin, nee Hanover | Alexandrina Victoria von Wettin, née Hanover | Diamond Jubilee of Queen Victoria",0,0.757,1.1495,23
What is the middle name of US actor Samuel L Jackson?,"The middle name of US actor Samuel L Jackson is ""Lloyd"".",Le Roy | LeRoy | Lee Roy | Leeroy | Leroy,0,0.9133,3.4356,26
On which coast of South America would you find the country of Venezuela?,The country of Venezuela is located on the north coast of South America,North | Northward,1,0.2925,2.1135,22
"“And Another Thing...” by Eoin Colfer, published in 2009, eight years after the death of the author of the first five, is described as the sixth in which trilogy of books?",Eragon,100 more things to do in zero gravity | A Hitchhikers Guide to the Galaxy | Arcturan mega-donkey | Betelgeusians | Frood,0,0.7614,1.8733,22
"Which US city had the first subway system, being opened in 1895?",chicago,Bawstun | Bean Town | Beantown | Bofton | Bosotn,0,0.4995,1.7215,23
January 23 saw the anniversary of the introduction of the Apple Macintosh. In what year did this event happen?,1984,"1984 | one thousand, nine hundred and eighty-four",1,0.4827,0.3451,22
"In December 2006, the second longest motorway tunnel in Europe was opened connecting the port to the airport in which capital city?",The second longest motorway tunnel in Europe is the M25 motorway tunnel,Baile Atha Cliath | Baile Átha Cliath | Baile átha Cliath | BÁC | Capital of Ireland,0,0.6343,3.443,23
Arkansas Black is a variety of which fruit?,peach,An apple a day | Aplle | Apple | Apple (Fruit) | Apple (fruit),0,0.535,1.6412,23
Which musical features the song 'Second Hand Rose'?,the beatles,FUNNY GIRL | Funny Girl | Funny Girl (disambiguation),0,0.9842,2.7871,26
Which English Admiral gave his name to a battle cruiser which was sunk in 1941?,sir david yorke-davies,'Hood | Area of city | HOOD | Neighborhood | Neighborhood (residence),0,0.8567,2.9426,23
In which film did Kenneth Williams say infamy infamy they've all got it in for me?,The film was called The Infamous.,CARRY ON CLEO | Carry On Cleo | Carry on Cleo,0,0.9769,2.8742,22
"In 1956, which peninsula was the first part of Britain to be designated an 'Area of Outstanding Natural Beauty'?",The AONB designation was first given to the North York Moors in,Fairyhill | Gower | Gower AONB | Gower Area of Outstanding Natural Beauty | Gower Coast,0,0.7626,2.6271,23
"At which English racecourse did two horses collapse and die in the parade ring due to electrocution, in February 2011?",Newmarket,Newbury | Newbury (disambiguation),0,0.8814,3.2963,23
"Which Charles Dickens novel has two title characters, both called 'Paul' and a full title that ends with the words: 'Wholesale, Retail and for Exportation'?",A Tale of Two Cities,'DOMBEY & SON' | Cornelia Blimber | Dombey & Son | Dombey And Son | Dombey and Son,0,0.8821,2.3119,22
Which land mammal has the longest tail?,the hippopotamus,Adaptations of a giraffe | Cameleopard | Camelleopard | Camelopard | Girafe,0,0.3686,2.8955,22
An encephalogram is an X-Ray photograph of which part of the human body?,brain,Brain | Brain Function | Brain cell | Brain function | Brain functions,1,0.477,0.8559,23
"Considered unlucky in Italy, probably because its Roman numerals are an anagram of a Latin word which can mean loosely 'I have lived', implying 'I am dead' ?",13,17 | seventeen,0,0.7801,2.3187,26
What was the capital of West Germany from 1949 to 1990?,Bonn,"Boennsch (beer) | Bonn | Bonn (district) | Bonn am Rhein | Bonn, Germany",1,0.2078,0.335,22
"Although only 1 of 4 days that had a huge impact on the word, October 29, 1929, became the face of the catastrophe, and is commonly known by what name?",black Thursday,'29 crash | 10/24/29 | 1929 Crash | 1929 Stock Market Crash | 1929 Wall Street Crash,0,0.3831,1.0018,23
In which year in the 1930's were Bonnie and Clyde killed?,1933,"1934 | one thousand, nine hundred and thirty-four",0,0.6228,0.3018,23
"In which country were 29 miners killed after 2 explosions in the Pike River Mine in November 2010, making it the most-deadly mining disaster there in 96 years?",new zealand,Administrative divisions of New Zealand | Administrative divisions of new zealand | AoTeAroa | Aotearoa / New Zealand | Enzed,1,0.3948,0.5993,22
King Charles II nicknamed which US state (then colony) 'Old Dominion' for its loyalty to the Crown during the Commonwealth?,virginia,10th State | Commonwealth of VA | Commonwealth of Virginia | Council of Virginia | Mother of Presidents,1,0.5369,0.4894,26
"Alternatively known as Austrpphlebia Costalis, what type of insect is a Southern Giant Darner ?",dragonfly,Anisoptera | Anisopterans | DRAGONFLY | Darner dragonfly | Dining needle,1,0.516,0.6083,26
"What was the nickname of Henry Percy, the eldest son of the first Earl of Northumberland?","The nickname of Henry Percy, the eldest son of the first Earl of Northumberland",Audere est facere | COYS | FC Tottenham | Hotspur | Hotspur (disambiguation),0,0.6422,2.05,23
What is the title of the 1996 Oscar-winning documentary about the Muhammad Ali and George Foreman 1974 ‘Rumble in the Jungle’ fight in Zaire?,The Rumble in the Jungle,When We Were Kings,0,0.7941,1.5404,23
What does a querulous person do?,A querulous person is one who is easily irritated and prone to complaining,Amended complaint | Bitching | Carped | Carpers | Carping,1,0.6552,2.3361,26
Ivan Galamian has had world-wide influence as a teacher of what?,Galamian was a teacher of many of the leading composers of the 2,Carnatic Violin | Fiddle and violin | FiddleandViolin | Geige | The Violinist,0,0.7003,2.5557,22
By what name was netball previously known?,"The name ""netball"" was coined in 1900 by the",Female basketball | Girl's basketball | Women basketball | Women in basketball | Women's Basketball,0,0.5566,2.0872,22
Who is Vincent Furnier better know as?,He is better known as Vincent Furnier,ALICE COOPER | Alice Cooper | Alice Coper | Calico Cooper | Humanary Stew: A Tribute to Alice Cooper,1,0.8148,1.9347,26
Which aperitif is named for the Paris chemist who created it in 1846?,vermouth,DuBonnet | Dubonnet | Queen Elizabeth's favourite drink,0,0.6193,2.1377,23
"Which film, directed by David Lean and starring John Mills, opens with an escaped convict grabbing hold of a boy in a graveyard?",12 Angry Men,Bentley Drummle | Great Expectation | Great Expectations | Great Expectations plot details | Great expectations,0,0.9795,2.3762,26
"Which was the final battle of King Arthur, at which he was mortally wounded?",battle of Camlann,BATTLE OF CAMLANN | Battle Of Camlann | Battle of Camlan | Battle of Camlann | Battle of camlann,1,0.6215,2.0231,22
In Old Possums book of practical cats what is the name of the cat who is the terror of the Thames?,The name of the cat who is the terror of the Thames is Old Possum,GROWLTIGER | Growltiger | Growltiger's Last Stand,0,0.9704,3.6553,22
"In measurement, a hand is equal to how many inches?",9 inches,4 | Four | four,0,0.5715,1.6298,23
What movie takes place at Shermer High School's detention?,"The movie is called ""Shermer High School Detention"" and it takes place",Allison Reynolds | Breakfast Club | Carl Reed | Claire Standish | Fire in the Twilight,1,0.7138,2.0494,22
Who bought the McDonalds fast food outlet business from the McDonald brothers in 1961 and went on to build the business into a world wide billion dollar business ?,Bill Gates,RAY CROC | Ray A. Kroc | Ray Croc | Ray Kroc | Ray a. croc,0,0.7644,2.8867,23
"If Gordon Banks was 1, Nobby Stiles was 4, Bobby Charlton was 9, who was 16?","To find out who was 16, we need to add the ages of",MARTIN PETERS | Martin Peters,0,0.7683,2.44,22
"Which work by Gilbert and Sullivan features the 'Duke of Plaza Toro' and his daughter 'Casilda', who becomes the 'Queen of Barataria'?",the Pirates of Penzance,'THE GONDOLIERS' | Barataria (Gondoliers) | Gondoliers | King of Barataria | The Gondoliers,0,0.8714,1.7482,23
"""Which English comedian had a minor hit in 1958 with his cover version of the Bobby Darin song, """"Splish Splash""""?""",johnny ralph,CHARLIE DRAKE | Charles Edward Springall | Charles Springall | Charlie Drake | Mick and Montmorency,0,0.9951,3.7448,26
"What American animal is commonly called an antelope, but is not actually an antelope?",zebra,American antelope | Antilocapra | Antilocapra americana | Antilocapra anteflexa | Prong Horn Antelope,0,0.483,1.7483,23
"For what does the G stand in the navigational aid, usually known as a `GPS'?",The G stands for `global',Earthwide | Global | Global (album) | Global (disambiguation) | Globals,1,0.4614,2.0427,26
In what European city was snooker player John Higgins stung by the News of the World newspaper relating to an alleged betting fix?,london,"Capital city of Ukraine | Capital of Ukraine | Keiv | Kieff | Kieff,",0,0.7956,2.4521,22
Which country was founded by Muhammed Ali Jinnah?,pakistan,Al-Bakistan | Al-Pakistan | Bakistaan | Bakistan | Bakstaan,1,0.3016,1.0228,23
What Jewish banking family rose from the Frankfurt ghetto to become unthinkably wealthy?,"The Rothschild family, which rose from the Frankfurt ghetto to become unthinkably",Rothchild | Rothschield | Rothschild | Rothshield | Rotschield,1,0.6024,2.3824,23
What French region's capital city is Ajaccio?,corse,"Corse | Corsic | Corsica | Corsica (Journal) | Corsica, France",1,0.3913,1.6924,22
Which country is known as The Hashemite Kingdom?,jordan,Administrative divisions of Jordan | Al-'Urdun | Al-Mamlakah al | Al-Urdun | Al-Urdunn,1,0.3069,1.5507,23
Which Verdi opera is based on La Dame aux Camellias by Alexandre Dumas fils?,rigoletto,Addio del passato | Alfredo Germont | Di Provenza il mar | Giorgio Germont | La Traviata,0,0.6954,1.8525,22
Which leader of a British coalition Government became the first Earl of Dwfor?,The Earl of Dwfr,"D Lloyd-George | DAVID LLOYD-GEORGE | David Lloyd George | David Lloyd George, 1st Earl Lloyd George of Dwyfor | David Lloyd George, 1st Earl Lloyd-George of Dwyfor",0,0.8626,3.144,22
Who won the 1952 US Presidential election?,The 1952 United States presidential election was held on November 8,(Dwight D.) Eisenhower | 34th President of the United States | D. D. Eisenhower | D. Eisenhower | David D. Eisenhower,0,0.6588,1.9153,23
Which cardinal point does not appear in the names of the American states,south,East | Eastward | Eest | 东 | 東,0,0.6048,2.1759,22
"In the game of Cluedo, what colour is the piece that represents Mrs Peacock?",green,"(0, 0, 255) | Blae | Blue | Blue (Colour) | Blue (color)",0,0.666,1.1541,23
"Who wrote the music for the films A Fistful of Dollars, For a Few Dollars More and The Good, the Bad and the Ugly?",john sayles,Dan Savio | Enio morricone | Ennio Morricone | Ennio moricone | Ennio morricone,0,0.7322,2.1027,22
How many edges are there on a tetrahedron?,A tetrahedron has 6 edges,6 | six,1,0.4269,0.3415,22
What is the capital of Colombia?,Bogotá is the capital of Colombia,America/Bogota | Bacatá | Bogot%5CxC3%5CxA1 | Bogota | Bogota D.C.,1,0.2841,1.294,23
With which instrument do you associate British jazz musician Stan Tracey?,piano,Acoustic piano | Baby grand piano | Black key | Classical piano | Concert grand,1,0.71,2.2015,22
"Who was the Vanity Fair photographer responsible for the cover featuring a naked, pregnant Demi Moore?","The Vanity Fair photographer responsible for the cover featuring a naked, pregnant Demi Moore",ANNIE LEIBOVITZ | Anna-Lou Leibovitz | Annie Leibovitz | Annie Leibowitz | Annie Liebovitz,0,0.8217,3.6777,23
Can you name the singer of the title track for '1997 - Tomorrow Never Dies'?,The title track for '1997 - Tomorrow Never Dies' is ',"Cheryl Crow | Crow, Sheryl | Sheryl Crow | Sheryl Crowe | Sheryl Suzanne Crow",0,0.8872,2.9208,22
Who is currently the Supreme Governor of the Church of England?,The Church of England is the established church in England and is governed by the Church,Betsy Windsor | Betty Windsor | E II R | E.R. II | E2R,0,0.6169,1.4671,22
What is the principal charity for single parent families in the UK?,The charity is the largest provider of services to single parent families in the UK,Ginger bread | Ginger breads | Ginger cake | Gingerbread | Gingerbread cookie,0,0.7248,2.777,22
"In 2009 Artem Silchenko was first in the Red Bull World Series held at Antalya, Turkey & Sisikon, Switzerland in which sport?",skiing,Cliff Diving | Cliff diving | Cliff diving (disambiguation) | Cliffdiving | Cliffdiving (disambiguation),0,0.7015,2.6206,22
Who won his third rowing Olympic gold medal with Steve Redgrave in 2000?,michael phelps,"Matt Pinsent | Matthew Pinsent | Pinsent, Matthew | Sir Matthew Pinsent",0,0.9567,2.7767,22
"""The naem of which Japanese car company can be translated as """"three diamonds"""", which is reflected in its fanous logo?""",toyota,EVLI | MITSUBISHI | Mitsubishi Denki Kabushiki-gaisha | Mitsubishi Electric | Mitsubishi Electric Corp,0,0.8523,0.919,26
Which World War 2 American general was known as 'Vinegar Joe'?,general of the army,Stillwell | Stilwell | Stilwell (disambiguation),0,0.7592,2.5086,23
Who voiced Count Duckula in an animated 1980's and 1990's television series of the same name?,"The voice of Count Duckula was provided by the actor and comedian, John Rat",David Jason | David Jason filmography | Filmography of David Jason | Sir David Jason,0,0.9879,3.6584,26
In which city in the UK is the National Railways Museum?,shrewsbury,City of York | County Borough of York | Eoferwic | Eoforwic | Park Grove (1895),0,0.8765,2.2069,26
"Fremantle prison, which was closed in 1991 and is now a heritage site, is in which country?",australia,AUSTRALIA | AUSTRALIAN | Asutralia | Ausrtalia | Aussieland,1,0.3173,0.3422,22
Who wrote the 1961 novel The Prime of Miss Jean Brodie ?,john fowles,Camberg | Dame Muriel Spark | MURIEL SPARK | Muriel Camberg | Muriel Sarah Camberg,0,0.7118,2.6908,22
"In Indian cookery, dishes known as 'tandoori' are so named because their preparation involves a tandoor. What is a tandoor ?",A tandoor is a clay oven used for cooking food.,AN OVEN | Baking oven | Conventional oven | Conventional ovens | Gas oven,1,0.4494,1.34,26
‘Songs From the Tainted Cherry Tree’ is the debut album of which X Factor contestant?,jessica bennett,Diana Mae Vickers | Diana Vickers | Diana Vickers (Singer & musician) | Diana Vickers (Singer) | Diana Vickers (X-Factor singer),0,0.9607,3.3189,23
Name the Danny Boyle biopic about a climber trapped by a boulder for more than five days?,2010: The Harrowing,127 HOURS | 127 time | one hundred and twenty-seven  time,0,0.874,2.5332,22
What type of food in the United States are Brown Bobbies,The brown bobbie is a type of food in the United States.,Cake doughnut | Do-nut | Doenut | Dohnut | Dohnuts,0,0.7302,3.2866,22
Which six letter Japanese word describes a class of professional women in Japan who are trained from girlhood to dance and entertain social gatherings of men?,geisha,GEISHA | Geesha girls | Geigi | Geihsa | Geiko,1,0.5066,0.9355,23
Which tennis player born in 1969 won 22 Grand Slam singles titles and Olympic Gold in 1988?,steffi graf,Peter Graf | Stefanie Graf | Steffi Graf | Steffi Graff | Steffie Graf,1,0.8613,1.6405,23
Which Austrian composer who lived from 1797 to 1828 was nicknamed ‘The Little Mushroom’?,franz schubert,(Franz) Schubert | Franz Peter Schubert | Franz Schubert | Franz Shubert | Graz Waltzes,1,0.7975,2.9448,26
"Measuring from the closest point of each of these countries to the equator, which is the furthest from the equator?",1000 km,America's top hat | CANADA | Canada | Canada's | Canada.,0,0.5433,2.131,23
Who did Simple Simon meet on his way to the fair?,Simple Simon met a boy named Johnny on his way to the fair,Pie Man | Pie man | Pieman | Pieman (disambiguation) | The Pie man.,0,0.7976,3.6493,23
"Napoleon called this the 'Battle of Mont Saint Jean', by what name do we know it?",the Battle of the Somme,WATERLOO | Waterloo | Waterloo (disambiguation) | Waterloo (film) | Waterloo (movie),0,0.4133,2.0538,23
The region of Catalonia is part of which country?,Spain,El Reino de Espana | El Reino de España | Espagna | Espainia | Espainiako Erresuma,1,0.2672,1.4904,26
"Marat, Robespierre, Danton are names associated with what event at the end of the 18th century?",french revolution,1789 French Revolution | 1789 Revolution | 1789 revolution | French Rev | French Revolution,1,0.07,0.4625,22
"Barra island, Outer Hebrides, has at 2012 the world's only official beach-based what?",beach-based wildlife reserve,Aerfort | Aeropuerto | Air port | Air sides | Air strip,0,0.7787,3.271,22
Maria Fitzherbert was ‘married’ to which British monarch?,queen victoria,George IV | George IV (Hanover) | George IV Hanover | George IV of Britain | George IV of England,0,0.578,1.3326,26
"""Which American ragtime and early jazz pianist, bandleader and composer who wrote """"Wolverine Blues"""", """"Black Bottom Stomp"""", and """"Buddy Bolden's Blues"""" claimed, in self-promotional hyperbole, to have invented jazz outright in 1902?""",louis armstrong,"""""""Jelly Roll"""" Morton"" | F.P. Lamothe | Ferdinand %22Jelly Roll%22 Morton | Ferdinand Joseph La Menthe | Ferdinand Joseph Lamothe",0,0.8322,1.1609,23
"""Which Scottish singer had hits with """"Maggie Mae"""", """"Tonight's The Night"""" and """"Do You Think I'm Sexy"""", and has then turned to singing older standards?""","The Scottish singer who had hits with ""Maggie Mae,"" ""Tonight's",Rod Steward | Rod Stewart | Rod Stuart | Rod stewart | Roderick D. Stewart,0,0.9888,3.4121,22
"The UK's longest National Trail, what path stretches 630 miles between Minehead and Poole Harbour?",the South West Coast Path,SOUTH WEST COAST,1,0.7523,1.1634,22
Which film features the characters Sally Albright and Harry Burns?,the 1971 film The Man Who Shot Liberty Valance,I'll have what she's having | I’ll have what she’s having | Sally Albright | When Harry Met Sally | When Harry Met Sally ...,0,0.9717,3.9864,22
"The principal author of the US Constitution and writer of over 1/3 of the Federalist Papers, which US President, the 4th, was CIC during the War of 1812?",john adams,"4th President of the United States | Father of the Constitution | Fourth President of the United States | James Madison | James Madison, Jr.",0,0.4888,1.2757,23
Who invented the first practical camera in 1839?,"In 1839, the French inventor Joseph Nicéphore Ni",Fox Talbot | Henry Fox Talbot | Henry Fox-Talbot | W. H. Fox Talbot | William Fox Talbot,0,0.4891,1.7383,23
Which is the highest waterfall in the world?,"The highest waterfall in the world is located in the Himalayas, in Nepal.",Angel Falls | Angel falls | Churun Merú | Devil's mouth | Highest Waterfall,1,0.3686,2.7008,22
Mary Surratt was executed having been found guilty of the conspiracy to assassinate who?,Abraham Lincoln,16th President of the United States | A Lincoln | A. Lincoln | ABRAHAM LINCOLN | Abaham lincoln,1,0.5648,0.9176,22
Luzon is an island of which country?,philippines,Department of Health-Center for Health Development | Etymology of the Philippines | Filipines | Filipino Republic | Filippines,1,0.2457,0.1643,26
Which US state was known as the 'State of Franklin' from 1784 until 1788?,north carolina,Cherokee River | Rio Tennessee | Río Tennessee | TENNESSEE | Tennessee (river),0,0.5508,1.4233,26
"Pr is the symbol for which chemical element, atomic number 59?",gold,Element 59 | PRASEODYMIUM | Praeseodymium | Praseodymium | Praseodynium,0,0.6644,2.5449,26
"""Who starred in and directed the 2004 movie """"Beyond the Sea""""?""",jason harris,Kevin Spacey | Kevin Spacey Fowler | Kevin Spacey filmography | Kevin spacey | Kevin spacy,0,0.9555,3.8247,22
The white pinwheel shaped Tiare is the national flower of which South Pacific island group?,New Zealand,Dance in French Polynesia | French Establishments in Oceania | French Oceania | French Pacific | French Polynesia,0,0.3086,1.9924,22
Which English monarch was the son of Edward the Black Prince?,henry vi,King Richard II | King Richard II of England | Richard II | Richard II (England) | Richard II of England,0,0.6652,1.3955,26
Who composed the opera Cosi Fan Tutte?,The opera was composed by Gioachino Rossini,Amadeus Motzard | Amadeus Mozart | Ballets to the music of Wolfgang Amadeus Mozart | Joannes Chrysostomus Wolfgangus Theophilus Mozart | Johann Chrysostom Wolfgang Amadeus Mozart,0,0.6482,1.8248,23
"Which wife of Henry VIII had already married twice before she became queen, and married for a fourth time after Henry's death?",katherine of aragon,Anthony Martienssen | Catherine Borough | Catherine Parr | Catherine Parre | Kateryn Parr,0,0.7299,1.7548,22
"Didsbury, Ardwick and Fallowfield are all areas of which British city?",manchester,City of Manchester | Climate of Manchester | County Borough of Manchester | Drizzlechester | England Manchester,1,0.659,1.2044,23
What have you lost if you are suffering from anosmia,The loss of smell is called anosmia,Accessory olfactory system | Classification of smells | Macrosmatic | Odorless | Olefactory,0,0.4468,2.5206,26
Which well known known deceased musician was the father of singer Norah Jones,johnny cash,Pandit Ravi | Pandit Ravi Shankar | Ravi Sankar | Ravi Shankar | Ravi Shankar (musician),0,0.9215,2.8216,23
"""What was the code-name for the reporters Bernstein and Woodward's contact during their investigation of the """"Watergate"""" scandal?""","""deepthroat""",Deep Throat | Deep Throat (disambiguation) | Deep throat | Deep-throat | Deepthroat,1,0.6914,2.5295,23
"Monterrey, Puebla and Toluca are cities in which country?",mexico,Central Mexico | EUM | Estados Unidos Mexicanos | Estados Unidos de Mexico | Estados Unidos de México,1,0.1798,0.0256,23
Which invention made Carlton C McGee famous in 1935?,"The invention of the first successful motion picture camera, the Kinetoscope, by",Master meter | PARKING METER | Parking Meter | Parking meter | Parking meter theft,0,0.922,3.142,26
According to 2015 survey what fruit was most popular among USA children?,"The most popular fruit among children was apples, followed by bananas, grapes, and",An apple a day | Aplle | Apple | Apple (Fruit) | Apple (fruit),1,0.4377,2.1534,22
How many books in the Bible's Old Testament are included in the Catholic version but not in the Protestant one?,13,7 | seven,0,0.8129,1.6217,22
What nationality was Che Guevara,argentine,Airgintin | Airgintín | Antonia Merce Y Luque | Arc'hantina | Argentiina,0,0.1811,1.9139,22
"""The song """"Love is All Around"""" by Wet Wet Wet featured on the soundtrack for which 1994 film?""",the shining,4 Weddings and a Funeral | 4 weddings | 4 weddings and a funeral | Four Weddings & A Funeral | Four Weddings & a Funeral,0,0.9458,3.7203,22
Clyde Tombaugh discovered which celestial object in our solar system in 1930?,planet,Operation PLUTO | Operation Pluto | Operation pluto | P.L.U.T.O. | PLUTO,0,0.3822,1.3227,23
Approximately how many years old is the living part of Australia's Great Barrier Reef?,"25,000 years","20,000 | 20000 | twenty thousand",0,0.531,1.2817,22
Which is the only property on a traditional UK Monopoly board which is south of the River Thames?,The property is called Park Lane.,OLD KENT ROAD | Old Kent Road,0,0.9127,2.7472,26
"In the film ‘High Noon’, who has sworn to kill Will Kane (Gary Cooper)?",jesse mitchell,"FRANK MILLER | Frak miller | Frank Miller | Frank Miller (disambiguation) | Miller, Frank",0,0.8436,2.965,23
Which record label recorded The Supremes and The Jackson 5?,Motown Records,Detroit soul | Gordy Records | Gordy Records. | Hitsville West | Jobete,1,0.9084,2.1468,23
"St Thomas's Abbey, Brno in the Czech Republic was the scene of whose path-breaking work from 1856 to 1863?",The path-breaking work was the construction of the first church in the world to be,Father Mendel | G. J. Mendel | Greg Mendel | Gregor J. Mendel | Gregor Johann Mendel,0,0.8018,3.2335,22
What is the second Monday in October called in the USA?,The second Monday in October is called Columbus Day,Christopher Columbus day | Colombus day | Columbus Day | Columbus Day 2007 | Columbus day,1,0.3651,1.6154,22
True or False: Sharks do not blink?,True. Sharks do not blink because they have no eyelids.,TRUE | TRUE (Album) | True | True (Album) | True (album),1,0.5382,1.0766,23
In which building is Napoleon Bonaparte buried?,tomb of napoleon,Dome des Invalides | Dôme des Invalides | Eglise du Dome | Esplanade des Invalides | Hotel Des Invalides,0,0.3463,2.1919,22
"Born in 1927, which pianist had hits with 'Side Saddle' and 'Roulette'?",johnny cohen,Russ Conway | Trevor Stanford,0,0.9872,3.2267,26
"Which is the home city of cricketer Sachin Tendulkar, where he recently finished his career?",Mumbai,Bom Bahia | Bomaim | Bomaím | Bombai | Bombay,1,0.7349,1.1676,22
Which famous UK television duo provide the voices for the main characters in the children’s program ‘Engie Benjy’?,"The duo are the brothers, David and Simon Cowell",Ant & Dec | Ant & dec | Ant And Dec | Ant and Dec | Ant and dec,0,0.9591,3.3173,22
In past times a rabbit was what we’d call a baby bunny. What were adult bunnies called?,hare,CONEY | Coney | Coney (disambiguation) | Coneys | Conies,0,0.7151,2.9813,26
Which pub on Whitechapel Road was the site of William Booth's first sermon and the murder of the mobster George Cornell by Ronnie Kray?,"The Whitechapel Road pub, known as the ""Whitechapel Arms,""",'THE BLIND BEGGAR' | Blind Beggar | The Blind Beggar,0,0.9637,2.8635,26
"Who was the woman who was, at one time, the leader of the trade union SOGAT?","The woman who was, at one time, the leader of the trade union SO","BRENDA DEAN | Baroness Dean of Thornton-le-Fylde | Brenda Dean | Brenda Dean, Baroness Dean | Brenda Dean, Baroness Dean of Thornton-le-Fylde",0,0.8004,2.9506,22
In which year did Alcock and Brown make the first flight across the Atlantic?,1919,"1919 | one thousand, nine hundred and nineteen",1,0.6317,0.537,23
"""The musical """"Jersey Boys"""" is based around the music-of-which American pop group?""","The musical ""Jersey Boys"" is based around the music of the American pop",4 seasons | Four Seasons | Four seasons | The 4 Seasons | The Four Seasons,0,0.8729,1.5021,23
What is the residence of the Duke of Devonshire?,"The Duke of Devonshire, who is the 12th Duke of Devon",CHATSWORTH HOUSE | Chatsworth House | Chatsworth Library | Devonshire Collection,0,0.6407,2.0738,22
What was the name of the Edinburgh dog that watched over his owner's grave for 14 years?,"The dog was named ""Bobby"" and was a black and tan terrier",Greyfriar's Bobby | Greyfriars Bobby | John Gray (Old Jock),0,0.8512,2.9747,22
Whose portrait was on the back of the last English pound note issued?,The portrait of Queen Elizabeth II was on the back of the last English pound note,Cultural depictions of Isaac Newton | Hannah Ayscough | I. Newton | Isaac Newton | Isaac Newton's middle years,0,0.9049,2.2295,22
Which 1969 film concerns the dance marathon competitions during the Depression Era in America?,dance marathon,"THEY SHOOT HORSES DON'T THEY | They Shoot Horses Don't They | They Shoot Horses Don’t They%3F | They Shoot Horses, Don't They | They Shoot Horses, Don't They (disambiguation)",0,0.8891,2.2969,22
What colour is Lady Penelope’s car in the television puppet series ‘Thunderbirds’?,blue,FADADD | FFD1DC | Kinky pink | Light red | Lightish Red,0,0.7555,2.2708,23
The term ‘Heavy metal’ is said to have first appeared in which 1968 song?,"the title of the song ""heavy metal"" was first used in the 1",Born To Be Wild | Born to Be Wild | Born to Be Wild (Ozzy Osbourne Cover) | Born to be Wild | Born to be wild,0,0.9126,3.4326,23
What period film of Stanley Kubrick that recounts the exploits of an 18th century Irish adventurer is loosely based on a novel of William Makepeace Thackeray?,The film is loosely based on a novel of William Makepeace Thackeray.,Barry Lynd | Barry Lyndon | Barry Lyndon (film),0,0.8346,2.7959,22
The UK political Labour Party's famously controversial 1995 constitutional 'Clause IV' amendment mainly removed a commitment to?,"The Labour Party's 1995 constitutional amendment, known as Clause IV",Compensation (nationalization) | Nationalisation | Nationalisations | Nationalise | Nationalised,0,0.6856,2.9229,26
What does someone with ophthalmophobia fear?,Ophthalmophobia is the irrational fear of the eyes,BEING STARED AT,0,0.494,1.679,23
What stone was used to decipher Ancient Egyptian hieroglyphics?,The Rosetta Stone was used to decipher Ancient Egyptian hieroglyphics,Decree of Memphis (Ptolemy V) | Pierre de Rosette | Rashid Stone | Roseta stone | Rosetta Stone,1,0.4718,1.53,23
What colour was The Chillingham Bull?,The Chillingham Bull is a breed of cattle that originated in the Chilling,"(255, 255, 255) | Color/white | FFFFFF | Man on a white horse | Rgb(255, 255, 255)",0,0.6044,1.7784,22
What nationality was the tennis player Judy Teggart who lost to Billie Jean King in the 1968 Ladies Single Final at Wimbledon?,american,AUSTRALIA | AUSTRALIAN | Asutralia | Ausrtalia | Aussieland,0,0.6087,1.2836,22
"""Which 1968 book by Richard Hooker begins """"When Radar O'Reilly, just out of high school left Ottumwa, Iowa and enlisted in the United States Army...""""?""",The 1968 book by Richard Hooker that begins with the line,'M.A.S.H.' | M A S H | M*A*S*H (disambiguation) | M.A.S.H | M.A.S.H.,0,0.972,1.9088,22
"Born in 1947, James Jewel Osterberg is a rock/punk pop singer better known by what name?",jimi hendrix,Iggy Pop | Iggy Pop Biography | Iggy Stooge | Iggy pop | James Newell Osterberg,0,0.9157,2.0179,23
How is the number 14 written in Roman numerals?,The number 14 is written as XIV in Roman numerals,14 | XIV | fourteen,1,0.5401,0.7211,23
Which group recorded the 90s albums 'Nevermind' and 'In Utero'?,nirvana,Heaven (Buddhism) | NIRVANA | Nibbána | Nibbāna | Nirvaan,1,0.6012,0.8484,22
Who partnered Jo Durie when she won the Wimbledon mixed doubles title in 1987?,john mcenroe,Jeremy Bates | Jeremy Bates (disambiguation),0,0.9785,3.2568,26
The marathon is named after a city in what country?,1908,Eladha | Ellada | Elliniki Dimokratia | Elliniki Dimokratía | Elláda,0,0.5299,2.0708,22
"""In the James Bond film """"Goldfinger"""" who played Bond girl Pussy Galore?""",linda hamilton,Honor Blackman,0,0.9155,2.2025,23
"""In David Hockney's painting """"Mr and Mrs Clark and Percy"""", what is Percy?""",a dog,A Cat | Alley-cat | Asocial Aggression | Cat | Cat (animal),0,0.8809,2.5866,23
"Eventually a newspaper photographer for the Daily Bugle, what is the alter ego of Spiderman?",Peter Parker,Creation of Spider-Man | Fictional history of Spider-Man | Human spider | List of accolades received by the Spider-Man franchise | Man Spider,1,0.5897,0.4695,23
"""What single word sounds like """"Youth in Asia""""?""",youth,Assisted dying | Doctor-assisted suicide | Euphanasia | Euthanasation | Euthanasia,0,0.8152,1.2705,23
Mark David Chapman was scheduled to appear before the New York State parole board next week for his 6th attempt at getting out of prison for the 1980 murder of whom?,john lennon,9 Newcastle Road | Beatle John | Dr Winston O'Boogie | Dr. Winston O'Boogie | God Save Oz,1,0.8688,0.738,26
"""The border crossing known as """"Checkpoint Charlie"""" was between which two places?""",west Berlin and East Berlin,East and West Berlin,0,0.4367,1.0932,23
Gjetost is the national cheese of which country?,norway,Etymology of Norway | ISO 3166-1:NO | Kingdom of Norway | Kongeriket Noreg | Kongeriket Norge,1,0.3419,0.3709,23
"""In 1976 or 1977, John Carpenter and Debra Hill began drafting a story titled """"The Babysitter Murders"""", which eventually became what film?""",The Babysitter Murders,All Hallow's Eve | All Hallows Eve | All Hallows' Eve | All Hallows’ Even | All Saints Eve,0,0.9629,2.3251,22
What language did the playwright Henrik Ibsen write his plays in?,"Ibsen's plays were written in Norwegian, and he was a leading figure",Danish | Danish (disambiguation),0,0.42,2.7292,22
‘Impossible is nothing’ is the motto of which sportswear company?,puma,ADIDAS | Addidas | Adida | Adidas | Adidas AG,0,0.7773,0.9893,22
"How many points are needed to win a set in Table Tennis, under current Olympic rules?",The current Olympic rules state that a set is won by the first player to win,11 | Eleven | eleven,0,0.6488,2.4356,23
Which business organisation took over the Somerfield chain of stores ?,The business organisation that took over the Somerfield chain of stores was Tesco,CWS UK | Co-Op UK | Co-Operative Group | Co-op Group | Co-operative Group,0,0.8171,2.5479,23
"""Which composer, born in Grenoble in 1803 wrote """"Benvenuto Cellini"""", the first of his three operas?""",giuseppe verdi,"Berlioz | Berlioz, Hector | HECTOR BERLIOZ | Hector Berlios | Hector Berlioz",0,0.8283,2.5194,23
Which American state has the most airports,texas,"28th State | 28th state | Christianity in Texas | Everything is bigger in Texas | Lake Ozark, Texas",1,0.5132,2.4872,23
In the original television series of 'Star Trek' (not the pilot edition) who played the part of 'Scottie'?,george takei,JAMES DOOHAN | James Doohan | James Montgomery Doohan | Jimmy Doohan,0,0.9059,3.1644,23
Who was the author of 'The Shortest Way with Dissenters' and `A Journey of the Plague Year'?,John Keay,A British Officer In The Service Of The Czar | A Scots Gentleman in the Swedish Service | Captain George Carleton | Captain Tom | DANIEL DEFOE,0,0.8438,3.534,23
Against which power did Rome fight the 'Punic Wars'?,The Romans fought the Punic Wars against the Carthaginians,Ancient empire carthage | Archaeological Site of Carthage | CARTHAGE | Carchedon | Carthage,1,0.4515,1.9151,23
What movie takes place at Shermer High School's detention?,"The movie is called ""Shermer High School Detention"" and it takes place",Allison Reynolds | Breakfast Club | Carl Reed | Claire Standish | Fire in the Twilight,1,0.7965,2.0494,23
"In the Shakespeare play ‘King Lear’, what is the name of King Lear’s youngest daughter?",goneril,Cordelia | Cordelia (astronomy),0,0.6713,0.615,23
Which football manager as the nickname the bald eagle?,jerry brown,"JIM SMITH | Jim Smith | Jim Smith (basketball) | Jim Smith (disambiguation) | Smith, Jim",0,0.9262,3.1274,22
What animated character does Gene Kelly dance with in the film Anchors Aweigh?,Gene Kelly,Jerry (Tom and Jerry) | Jerry Mouse,0,0.9771,3.2538,22
Which Australian cricketer in his very last innings in 1948 scored a duck (0)?,don bradman,99.94 | Bradman | Bradmanesque | DG Bradman | Don Bradman,1,0.9885,3.3211,26
How many Copa de America winners medals did Pele and Maradona win between them?,1,0 | zero,0,0.7895,1.157,26
What is the maximum number of raised dots in a cell in Braille?,The maximum number of raised dots in a cell in Braille is 6,6 | Six | six,1,0.5725,1.7057,23
"Which French winner of the Nobel Prize for Literature, famously dedicated it to his primary school teacher?",alain robbe,ALBERT CAMUS | Absurd hero | Alber Camee | Alber Cami | Alber Cammi,0,0.6739,2.8805,22
"Steve Jobs, Ronald Wayne and Steve Wozniak founded which company in 1976?",apple,Apple (Company) | Apple (Computers) | Apple (company) | Apple (computer) | Apple (computers),0,0.2371,0.069,23
"""The former Tory Home Secretary Reginald Maudling is quoted as saying, """"For God's sake bring me a large scotch. What a bloody awful country"""". To where was he referring ?""",scotland,6 counties | Communications in Northern Ireland | Geography of Northern Ireland | Governance of Northern Ireland | Ireland (Northern Ireland),0,0.9311,2.5029,22
In which American state would you find Mt. Rushmore?,south dakota,40th State | Economy of South Dakota | Education in South Dakota | Fortieth State | Mount Rushmore State,1,0.2398,0.3275,23
The Proteas are a national cricket team representing which country?,south africa,Afrique du sud | Azania/South Africa | Capital of South Africa | ISO 3166-1:ZA | Mzansi,1,0.4173,0.8556,23
"""In which song does the singer sing about """"the way you wear your hat, the way you sip your tea"""", and """"the way you hold your knife, the way we danced till three""""?""","""The Way You Wear Your Hat""",They Can't Take That Away From Me | They Can't Take That Away from Me | They Can't Take that Away from Me | They cant take that away from me,0,0.9154,2.0556,22
What was the Troggs most famous hit?,"The Troggs' most famous hit was ""Wild Thing",Wild Thing | Wild Thing (disambiguation) | Wild Thing (song),1,0.8267,1.7004,23
"""Dr. Benjamin Spock, the American pediatrician who wrote """"Baby and Child Care"""", published in 1946, won an Olympic gold medal in what type of event?""",weightlifting,Oarsman | Oarsmen | Oarswoman | Row boat | Rowboat,0,0.7684,2.5338,22
How is the year 1994 depicted in Roman Numerals?,The year 1994 is written as MCMXCIV in Roman,1994 | 1994 a.d. | April 1994 | August 1994 | Deaths in 1994,1,0.486,1.5384,26
Estelle Parsons won a best supporting actress Oscar for her role in which 1967 film?,The Manchurian Candidate,Barrow gang | Bonney Parker | Bonnie & Clide | Bonnie & Clyde | Bonnie + Clyde,0,0.9666,2.7424,22
Which country's national flag contains a Yin and Yang symbol at its centre?,china,Corea Republic | Corean Republic | Daehan Minguk | Daehanmingook | Daehanminguk,0,0.4104,1.1472,22
Which famous fishing town of east Scotland lies roughly half-way between Montrose and Dundee?,ross-shire,"ARBROATH | Aberbrothock | Arbraoth, Angus | Arbraoth, Forfarshire | Arbroath",0,0.9193,2.5997,22
Ligustrum is the Latin name for which shrub?,privet,Ligustrum | Privet | Privets,1,0.1911,0.0968,22
Kia Motors Corporation is nearly one-third owned by which other Asian company?,"The company is nearly one-third owned by the Japanese conglomerate, Nippon",Drive your way | HYUNDAI Motor Company | Hyundai (automobile) | Hyundai (car) | Hyundai - Drive your way,0,0.6252,2.6443,23
"""""""Don't be evil"""" is the motto of which intemet company?""",google,.android | .gmail | .google | 1e100.net | 20 percent time,1,0.3204,0.3628,22
Who wrote ‘The Forsyte Saga’?,The Forsyte Saga was written by John Galsworthy.,"Galsworthian | Galsworthy | Galsworthy, John | John GALSWORTHY | John Galsworthy",1,0.7931,2.7543,22
Which English football team has played home games at St. Andrew's Stadium since 1906?,liverpool,Birmingham Blues | Birmingham City | Birmingham City F C | Birmingham City F. C. | Birmingham City F.C,0,0.9616,3.1329,22
"Which colourless, poisonous gas, with a smell like Geraniums was used in chemical warfare during World War II?",phosgene,C2H2AsCl3 | LEWISITE | Lewesite | Lewisite,0,0.5316,0.1725,23
The Kremlin is situated in which city?,moscow,Architecture of Moscow | Capital of Russia | City of Moscow | Demographics of Moscow | MOCKBA,1,0.1358,0.3312,22
"""Founded in London in 1766, what activity are """"Christie, Manson and Woods"""" involved in?""",auction,Auction | Auction Date | Auction block | Auction date | Auction house,1,0.8209,1.7065,26
What singer is by far the most famous person from the island nation of Barbados?,The most famous Barbadian singer is Rihanna.,Coffret 4 CD | Diamonds tour | Emergency Room (Featuring Akon) | Emergency Room (Rihanna song) | Emergency room (song),1,0.8041,2.609,22
"How were Dr Stantz, Dr Spengler and Dr Venkman better known in the 1980's?","Dr. Stantz was known as the ""Ghostbuster"" and Dr. Sp",Dana Barrett | Evo Shandor | GB1 | Ghost Busters | Ghost buster,1,0.767,2.247,22
"In ‘Dad’s Army’, what was the surname of the air-raid warden?",barker,HODGES | Hodges | Hodges (disambiguation),0,0.8936,4.7379,23
"Between 1838 and 1839, against which country did France fight the so-called Pastry War?",The Pastry War (1838–1839) was,Central Mexico | EUM | Estados Unidos Mexicanos | Estados Unidos de Mexico | Estados Unidos de México,0,0.7385,2.5466,26
"If the Staten Island Ferry is to New York, the Star Ferry that was originally called the Kowloon Ferry Company is to what city?",kowloon,CN-91 | China/Hong Kong | H K | H.K. | H.K.S.A.R.,0,0.5793,2.011,22
Which band released a 2001 album entitled ‘Amnesiac’?,the red hot chili peppers,Dead Air Space | Follow Me Around | Manic Hedgehog (album) | Manic Hedgehog Demo | Manic Hedgehog demo tape,0,0.832,2.0552,23
"According to the Old Testament, who was the wife of Abraham and the mother of Isaac ?",Sarah,Allison Blake | Allison Blake (Eureka character) | Allison Blake (Eureka) | Beverly Barlowe | Beverly Barlowe (Eureka character),1,0.5261,1.9776,22
Which former prime minister appeared on the Morecambe and Wise Christmas Special in 1978?,david blunkett,A week is a long time in politics | Baron Wilson of Rievaulx | Baron Wilson of Rievaulx Wilson Harold | First Shadow Cabinet of Harold Wilson | Harold Wilson,0,0.9423,3.1733,23
"In Greek mythology, what was the name of the beautiful shepherd boy of Asia Minor, beloved of the goddess Seelene, who put him in a deep sleep so that she might embrace him?",adonis,ENDYMION | Endimion | Endymion | Endymion (book) | Endymion (disambiguation),0,0.8038,2.4643,22
Where would you find 'Timbuktu?,The city of Timbuktu is located in Mali,In the African country of Mali,0,0.4456,1.9358,23
"The main characters in which TV programme had the surnames Geller, Green, Bing, Buffay, Tribbiani and Geller?",friends,"495 Grove St. Apt 20, New York | 495 Grove St. Apt. 19, New York. | Central Perk | Chandler and Joey's apartment | F.R.I.E.N.D.S",1,0.803,1.3593,22
What city has a neighborhood called Little Havana?,"The city of Miami, Florida, is home to a neighborhood called Little Havana.","City of Miami | City of Miami, FL | City of Miami, Florida | Miami | Miami (AFL)",1,0.398,2.2933,23
What Buddhist monastery in China is famous for martial arts?,Shaolin Temple,Shao Lin | Shaolin | Shaolin (disambiguation) | Shàolín | Thieu Lam,1,0.6663,2.2934,22
“Scandicrime” drama The Bridge is mainly set in Copenhagen and in which Swedish city?,Stockholm,Demographics of Malmo | History of Malmo | History of Malmoe | History of Malmö | Maelmo,0,0.8197,1.2912,22
In which county is Wentworth golf course,Wentworth Golf Club is a 18-hole golf course located in Wentworth,County of Surrey | Godley (Hundred) | History of Surrey | History of surrey | Kingdom of Surrey,0,0.7852,2.5827,22
At what Bikini Bottom restaurant does SpongeBob Squarepants earn a living as a fry cook?,The Krusty Krab,Crusty Crab | Crusty Krab | Krabby Patties | Krabby Patty | Krusty Crab,1,0.7546,1.9036,23
"""A novel by Edgar Rice Burroughs, first published in """"All-Story Magazine"""" in October 1912, was """"Tarzan of the ... """" what?""",jungle,Ape | Ape family | Apes | Apish | History of hominoid taxonomy,0,0.6681,0.3726,23
In which field of the arts has American born Annie Leibovitz achieved fame?,Annie Leibovitz is an American photographer who has achieved fame in the field,Art Photography | Commercial Photography | Commercial photographer | Commercial photography | Early photography,0,0.4732,1.7168,22
Which famous football figure managed the Ivory Coast national team at the FIFA 2010 World Cup Finals?,Didier Drogba,Sven Goeran Eriksson | Sven Goran Ericsson | Sven Goran Erikson | Sven Goran Eriksson | Sven Goran-Eriksson,0,0.8238,2.7048,22
Goliath is the name for a South American spider that eats what?,insects,Avafauna | Aves | Aviala | Avialan | Avialian,0,0.4248,2.3217,22
Who was US President immediately before and after Benjamin Harrison?,The 1912 election was the last time a sitting president was defeated,"22nd President of the United States | 22nd and 24th President of the United States | 24th President of the United States | Cleveland Administration | Cleveland, Grover",0,0.5395,2.1339,23
"Michael Jackson was one of ten children. Who is the youngest, born in 1966?",michael jackson,JANET | JANET(UK) | JNT Association | Ja.net | Janet(UK),0,0.8487,1.614,23
On which island does a narrow gauge railway run from Craignure to Torosay Castle?,The narrow gauge railway runs from Craignure to Torosay Castle on the,Glenforsa | Island of Mull | Isle of Mull | Isle of mull scotland | Malaeus,0,0.7476,2.5361,26
How many James Bond films did Pierce Brosnan do?,"Pierce Brosnan played James Bond in 11 films, the most of any",4 | four,0,0.7574,2.2455,23
"""Which actress played the Bond Girl, """"Solitaire"""" in the film """"Live and Let Die""""?""",lisa d'arling,"Jane Seymour | Jane Seymour, Queen of England | Jane St Maur | Jane semour | Queen Jane Seymour",0,0.9602,2.87,22
The Ore Mountains form a border between Germany and which country?,Czech Republic,4esko | Administrative divisions of the Czech Republic | Bohemia-Moravia | CZECH REPUBLIC | CZR,1,0.4272,1.8148,22
Who was housekeeper to Sherlock Holmes?,Mrs Hudson was the housekeeper to Sherlock Holmes,Athelney Jones | Inspector Baynes | Inspector Bradstreet | Inspector Gregson | Inspector Hopkins,1,0.361,2.1991,26
Cholecystectomy is the surgical removal of which small organ of the body?,gallbladder,Biliary Vesicle | Body of gallbladder | Cholecyst | Collum vesicae | Collum vesicae biliaris,1,0.456,0.3318,23
"""Which American President used the slogan: """"It's the economy, stupid"""" for his presidential campaign?""",bill clinton,42nd President of the United States | @billclinton | BILL CLINTON | Bil Clinton | Bill Blythe IV,1,0.8008,2.0013,22
Actress Fenella Fielding was the sister of which famous comedian and comic actor?,jim carrey,Lauretta Feldman | MARTY FELDMAN | Marty Feldman | Marty feldman,0,0.948,3.725,22
"Which politician, facing charges of murder, lost his seat in a General Election?",john mackintosh,Jeremy THORPE | Jeremy Thorpe | Jeremy liberal | John Jeremy Thorpe,0,0.8979,3.3362,23
"What part of the world has been ruled by Aelle, Ceawlin, Ethelberht, Rdwald, Edwin, Oswald, Oswy, Wulfhere, Ethelred, Ethelbald, Offa, Cnwulf and Egbert?",England,Aenglaland | Aengland | Anglica | Auld enemy | ENGLAND,1,0.5207,1.4776,23
What is the currency of Israel?,The currency of Israel is the Israeli New Shekel (ILS,Chatzi hashekel | Chatzi shekel | Half shekel | SheK. | Shekal,1,0.3448,1.5114,23
"Which river of West Africa rises in the Fouta Djallan Highlands only 150 miles from the Atlantic, but runs for over 4000 kilometres in length before flowing into the Atlantic?",Niger,A niger | A. Niger | Aspergillopsis nigra | Aspergillus niger | Aspergillus niger var. niger,1,0.3768,1.54,23
What facial hair style was made famous by American Civil War general Ambrose Burnside?,beard,Burnside's Invention | Lambchop sideburns | Mutton chop | Mutton chops | Muttonchop,0,0.7216,2.4573,22
To whom did the risen Jesus say 'Touch me not'?,"The risen Jesus said to the disciples, ""Touch me not; for I am",Apostle to the apostles | Apostola apostolorum | Legend of Mary Magdalene | Lost Bride | Maria Magdalene,0,0.6596,2.0901,22
If you had two eight enders in one bonspiel what are you playing,8 enders,Button (curling) | Chess on ice | Curling | Curling (sport) | Curling broom,0,0.7675,2.8242,23
Which rugby league team is known as the Rhinos?,huddersfield,City of leeds transport area | Higher Education in Leeds | Knightsbridge of the North | LEEDS | Leeds,0,0.7431,1.4592,23
Which athlete was nicknamed The Jarrow Arrow?,The Jarrow Arrow was a nickname given to the athlete who won the 1,"Cram, Steve | Jarrow Arrow | Stephen Cram | Steve Cram | The Jarrow Arrow",1,0.9923,3.5109,26
"The Japanese musical instrument the shamisen (or samisen or sangen) has traditionally how many strings (the answer, in Japanese and the earlier Chinese, is in the name)?",three,3 | Three | three,1,0.5104,1.0018,22
What is Harrison Ford's real name?,Harrison Ford's real name is Harrison Leroy Ford,"Ford, Harrison | Harison Ford | Harrison Ford | Harrison Ford (actor) | Harrison ford",1,0.6511,2.6907,22
"Which TV series, filmed in and around Aylesbury in Buckinghamshire, is adapted from the novels of Caroline Graham?",The Vicar of Dibley,Detective Sergeant Ben Jones | MIDSOMER MURDERS | MidSomer Murders | Midsomer (Fictional county) | Midsomer (fictional county),0,0.9135,3.682,23
"According to the nursery rhyme, who lives on Drury Lane?","The nursery rhyme ""Drury Lane"" is a children's rhyme that tells the",Muffin Man | Muffin man | Muffin' Man | The Muffin Man,0,0.7889,2.0238,23
A 'wherry' is a Drink; Cheese; Wind; or Boat?,Boat,Boat | Boat Launch | Boat propulsion | Boats | Bow (boat),1,0.1835,0.8732,22
Who was the youngest person to become president of the USA?,"The youngest person to become president of the United States was Theodore Roosevelt, who was","26th President of the United States | Cowboy of the Dakotas | Feddy Roosevelt | President Theodore Roosevelt | Roosevelt, Theodore",1,0.5816,2.0343,22
Prior to Viginia Wade in 1977 who was the last British player to win a tennis Grand Slam title?,john connor,Sue Barker,0,0.8723,3.3891,23
Which geological perioed falls between the Triassic and the Cretaceous periods?,"The Jurassic is the middle period of the Mesozoic Era, and lasted from",Dinosaur types of the jurassic | JURASSIC | Jurasic | Jurassic | Jurassic ( geology),1,0.3959,1.8316,22
Which Australian prime minister was presumed drowned in 1967?,gough whitlam,All the way with LBJ | Harold Edward Holt | Harold Holt,0,0.8026,2.1387,22
At 1900 the largest fishing port in the world was?,port arthur,County Borough of Grimsby | Freshney Place | Great Grimsby | Great Grimsby (borough) | Grimbarian,0,0.9039,3.3405,22
"What science is sometimes called 'the central science' because it connects maths and physics with other main branches of science such as astronomy, engineering, biology, etc?",physics,Applied Chemistry | Applied chemistry | Chem. | Chemestry | Chemical (science),0,0.0557,1.2039,22
What is the name of the racecourse in Louisville where the Kentucky Derby is run?,Churchill Downs,CHURCHILL DOWNS | Churchill Downs | Churchill Downs Racetrack,1,0.388,0.9784,22
Sinhala is the official language of which country?,sri lanka,Administrative divisions of Sri Lanka | Ceilan | Ceilao | Cejlon | Ceylon,1,0.2438,1.1173,23
Which method of painting consists of applying pigment to wet plaster?,"The term fresco is derived from the Italian word fresco, meaning ""fresh",Affresco | Fresco | Fresco painting | Fresco. | Frescoes,1,0.4144,2.7358,23
Which country singer released the 1975 concept album Red Headed Stranger?,country,"Micah Nelson | Nelson, Willie | Nelson, Willie Hugh | Paula & Willie Nelson | TeaPot Party",0,0.6592,1.0102,26
Which Radio 2 DJ christened ‘Dallas’ character Lucy Ewing ‘The Poison Dwarf’?,paul mackintosh,Michael Wogan | Sir Terry | Sir Terry Wogan | Sir terry | Terence Wogan,0,0.9585,3.4887,22
Whose fifth symphony is known as “The Reformation”?,the composer Ludwig van Beethoven,Felix Mendelsohn | Felix Mendelsohn-Bartoldy | Felix Mendelson | Felix Mendelssohn | Felix Mendelssohn Bartholdy,0,0.7301,2.9234,23
The song ‘Seventy Six Trombones’ is from which musical show?,west side story,"Charlie Cowell | Gary, Indiana (song) | Marian Paroo | Meredith Willson's The Music Man | Prof. Harold Hill",0,0.8968,1.2423,23
"Name the game show, presented by Leslie Grantham and Melinda Messenger, where contestants were set physical and mental challenges?",The Challenge,Fort Boyard | Fort Boyard (disambiguation),0,0.8529,1.9596,23
Which other car company owns Seat?,The company is owned by the Volkswagen Group,Das Auto | Folksvagon | Folkswagon | Gas Auto | Lamando,1,0.8297,2.5052,22
What US city is called in Spanish 'The Meadows'?,san antonio,"City of Las Vegas | LV, NV | Las Vegas | Las Vegas (NV) | Las Vegas City Council",0,0.8721,2.198,26
Who sailed in the yacht 'Suhaili'?,The yacht 'Suhaili' was built in 1988,Knox-Johnston | Robin Knox Johnson | Robin Knox Johnston | Robin Knox-Johnson | Robin Knox-Johnston,0,0.771,2.1812,23
The Earth's Equator is approximately how many millions of metres in length?,"40,000",40 | forty,1,0.5728,0.92,22
The Transandine Railway runs between which two South American countries?,Argentina and Chile,Chile and Argentina,0,0.6218,2.1798,26
"Who was Pope during most of the 1914-18 Great War, succeeding Pius X in September 1914?",benedict xvi,258th pope | BENEDICT XV | Benedict XV | Benedict xv | Benedictus XV,1,0.7355,1.9514,22
"Bedrock is the home city of which eponymous 1960s cartoon show/family, the most successful adult TV franchise for three decades prior to The Simpsons?",The Flintstones,"Baby Puss (The Flintstones) | Flinstones | Flintstones | Flintstones, The | Hollyrock",1,0.944,2.6385,22
Where is the world's widest street?,"The world's widest street is the Avenue du Maine in Paris, France",AR-C | Autonomous City of Buenos Aires | Autonomous city of Buenos Aires | B Aires | B. Aires,0,0.2872,3.6099,22
"Which organization launched the Firefox smartphone operating system in 2013, targeting the developing world?",Mozilla,Air Mozilla | Back to Gecko | Firefox Marketplace | Mosaic killer | MozCamp,1,0.3416,2.65,26
"'Cosy In The Rocket', by the British electronic band 'Psapp' (pron. sap) is the theme tune to which American drama series?",the young and the restless,'GREY'S ANATOMY' | Grace Anatomy | Grace and Atomy | Gray's Anatomy (TV series) | Grey Anatomy,0,0.8828,2.9388,23
"April 18, 1942 saw the first retaliation against Japan for the attack on Pearl Harbor when what famed American aviator led a flight of B25 bombers from the deck of the USS Hornet?",The B-25 Mitchell was a medium bomber used by the United States Army,"Doolittle, James | James Doolittle | James Doolittle (disambiguation) | James dolittle",0,0.8164,2.5647,22
"""A 1993 film starring Tom Hanks was """"Sleepless in ... """" where?""",hollywood,"City of Seattle | Duwamps | Emerald City, Washington | Jet City | Seatle",0,0.8301,3.3517,23
"Name the year - Norfolk farmer Tony Martin shootsand kills a 16 year old burglar in his farmhouse, UK fuel protesters almost bring the country to a standstill and Paula Yates and Robin Day both sadly die ?",1984,2000 | two thousand,0,0.7857,0.889,22
Complete the title of this 1970's group 'Sutherland Brothers and .',The Sutherland Brothers,QUIVER | Quiver | Quiver (archery) | Quivermaker,0,0.9385,1.9682,23
Which ballroom dance is Spanish for double step,foxtrot,Paso Doble | Paso doble | Paso double | Pasodoble | Pasodoble (dance),0,0.7671,1.494,22
"What was the maiden name of Billie Jean King before she married Lawrence King in Long Beach, California on 17 September 1965?",King,Moffit | Moffitt | Moffitt (disambiguation),0,0.8194,3.423,23
"As SNCF is the French railway system, what are the initials for the German Rail network?",Deutsche Bahn,D B | D-b | D.B. | D.b. | DB,0,0.5565,1.3123,22
"As at early 2015, how many Prime Ministers have served in Australia since 2013?",1,3 | three,0,0.5765,1.0992,22
In which 1956 film did actress Gina Lollobrigida make her debut in American films?,the tale of a young girl who is abandoned by her mother and raised by a,Aerial art | Swinging trapeze | Trapese | Trapeze | Trapeze artist,0,0.9117,3.3408,23
Faye Turney became famous as a member of which of the services?,"Faye Turney, a British singer, became famous as a member of the",Britain Navy | British Fleet | British Navy | British Patrol Ship | British Royal Navy,0,0.7983,2.2854,23
"In ‘Othello’, what is the name of Iago’s wife?",emilia,EMILIA | Emilia | Emilia (disambiguation) | Emilia (singer) | Emília,1,0.655,2.3536,23
Which operatic heroine dies by throwing herself from the Castel Sant’Angelo in Rome?,l'incoronazione di Poppea,TOSCA | TSCA | TSCA (disambiguation) | Toxic Substances Control Act | Toxic Substances Control Act of 1976,0,0.8614,3.1046,26
What was the World’s first teletext information service?,The first teletext service was launched in 1970 by the,BBC Ceefax | BBC Nightscreen | CEEFAX | Ceefax | Ceefax AM,0,0.657,1.756,23
What is the name of Inspector Clousseau's manservant,le petit,CATO | CATO (disambiguation) | Cato | Cato (disambiguation),0,0.9222,4.3261,22
"""In 1858 Rowland Macy established a new store named """"R. H. Macy & Company"""", where it stayed on the same site for nearly forty years, in which city?""",new york,11th State | Eleventh State | Estado Nueva York | Estado de Nueva York | N Y,1,0.6477,0.5798,26
In which sport or pastime can you see nose walking?,rugby,Barreling wave | Barreling waves | Boardwear | Cutback (surfing move) | Hawaiian surfing,0,0.7053,2.2526,23
Give a year in the life of botanist Carl Linnaeus.,1753,1707 - 1778,0,0.4075,0.8109,26
Which Indian born author who lived from 1903 to 1950 had the real name Eric Arthur Blair ?,george orwell,Arthur Blair | E.A. Blair | Eric A. Blair | Eric Arthur Blair | Eric Blair,1,0.4244,1.2146,22
Whose mistress was Clara Petacci?,"The mistress of the Italian fascist dictator Benito Mussolini, Clara Petacci,",(Benito) Mussolini | Benito Amilcare Andrea Mussolini | Benito Amilcare Mussolini | Benito Andrea Mussolini | Benito Mooselini,1,0.5265,2.1969,22
From the Greek words for dry and plant what word is given to a plant that has adapted to survive in an environment with little available water?,xerophyte,Drought-resistant plant | Drought-tolerant plant | Xerad | Xeriphyte | Xeromorph,1,0.3961,0.7436,23
Sukhoi and Tupolev are aircraft manufacturers of what nation?,Soviet Union,Etymology of Russia | Federation of Russia | ISO 3166-1:RU | Northern Russia | Novaya russia,0,0.3083,1.2388,22
The Old Faithful geyser is in which American national park?,yellowstone,Mallard Lake trail | Yellow Stone | Yellow Stone National Park | Yellowstone | Yellowstone Act,1,0.2768,0.9552,23
Whose eighteenth studio album released in March this year is Postcards from Paradise?,The album was released on 13 March 2017,%22Ringo%22 | Beatle Ringo | RINGO | RINGO STARR | Richard Henry Parkin Starkey Jr.,0,0.8944,3.1966,23
English economist and physician Nicholas Barbon helped to pioneer which type of insurance in 1666?,life,Buildings insurance | Commercial property insurance | Farm Insurance in Pennsylvania | Fire Insurance | Fire insurance,0,0.8365,1.2387,22
James Gandolfini plays the sadistic military prison commandant Colonel Winter in which 2001 film starring Robert Redford?,The Shawshank Redemption,Last Castle | The Last Castle,0,0.9677,2.476,26
What King was beheaded during the English Civil War?,Charles I,Charles 1 | Charles 1st | Charles First | Charles I | Charles I (disambiguation),1,0.669,1.8632,23
Strangles is a bacterial infection of the respiratory tract of which animal?,horse,Cold blooded (horse) | Domestic Horse | Domestic horse | Domesticated horse | Equine Studies,1,0.3702,0.8063,23
"In radio technology, what does the 'A' represent in 'DAB'?",The 'A' stands for analogue,AUDIO | Audio | Audio (disambiguation),0,0.7218,1.6418,22
"Which is the main sport played at the Basin Reserve in Wellington, New Zealand?",rugby union,Amateur cricket | Amature cricket | CRICKET | Coin toss (cricket) | Creag,0,0.6102,1.3353,23
"MC Romeo, Dan Da Man, Mr Akira and Mr C were members of which group?",the beatles,So Solid Crew | So Solid Crew. | So solid crew,0,0.9421,3.0545,26
What kind of aircraft gave the space shuttle a piggy-back prior to 1981?,The space shuttle was the first manned spacecraft to use a solid rocket booster,747-100 | 747-100B | 747-200 | 747-200F | 747-300,0,0.6047,2.5849,26
Which duo wrote the UK television series ‘Dad’s Army’?,richard and harold,David Croft (TV producer) | David John Andrew Sharland | David John Croft | David John Sharland | David Sharland,0,0.9073,2.8314,23
His debut album 'Disc-Overy' was released in 2010. By what stage-name id Patrick Chukwuemeka Okogwu better known?,The answer to this question is: The answer to this question is: The answer,'TINIE TEMPAH' | Patrick Chukwuemeka Okogwu | Patrick Chukwuemeka Okogwu Jr. | Patrick Okogwu | Tinie Tempah,0,0.9404,3.4363,26
Which cheese shares its name with a Guiness Premiership rugby team that play at Welford Road?,wensleydale,Caerlyr | Caerlŷr | City of Leicester | County Borough of Leicester | Leicester,0,0.8572,2.609,22
Which car manufacturer produces a model called the RAV4?,toyota,Toyopet | Toyopet Store | Toyota | Toyota (automobile) | Toyota (company),1,0.5632,0.5635,26
"January 18, 1936 saw the death of what English writer and youngest recipient of the Nobel prize in Literature, responsible for such classics as The Jungle Book, The Man Who Would Be King, Gunga Din, and If?",Rudyard Kipling,Bard of Empire | Joseph Rudyard Kipling | Kipling | Kipling Society | Kipling rudyard,1,0.7254,0.8671,23
In which Polish city did Lech Wałęsa begin work in the Lenin Shipyard in 1967?,gdańsk,Baltic Sea/Gdanzk | Dantsic | Dantzic | Dantzick | Dantzik,1,0.3174,1.3924,26
What is the more common name for the disease variola?,"The disease is known as smallpox in the English language, and as vari",Eradicate smallpox | Eradication of smallpox | Lagaisse | Poxvirus variolae | Small Pox,1,0.2571,1.6831,22
"“And Another Thing...” by Eoin Colfer, published in 2009, eight years after the death of the author of the first five, is described as the sixth in which trilogy of books?",Eragon,100 more things to do in zero gravity | A Hitchhikers Guide to the Galaxy | Arcturan mega-donkey | Betelgeusians | Frood,0,0.6183,1.8733,26
"In humans, the adult skull is normally made up of 22 bones, which are joined together by sutures, rigid articulations permitting very little movement, except for which one?","The skull is made up of 22 bones, which are joined together by",Gnathic | Human jaw | Jaw | Jaw bone | Jaw bones,0,0.6056,2.4837,22
Which Nobel Prize did Patrick White win in 1973?,Patrick White won the Nobel Prize in Literature in 1973.,LITERATURE | LiteraTure | Literary | Literary Art | Literary art,1,0.5741,1.2877,26
Which U.S. air base in Britain was the scene of a long running women's anti nuclear protest in the 1980s,alconbury,Greenham Common | Greenham and Crookham Commons | RAF Greenham Common | USAF Greenham Common,0,0.9672,1.9305,22
"December 23, 1923 was the birthday of Vice Admiral James Stockdale, one of the most highly decorated officers in the history of the US Navy. He was also the running mate of what 1992 presidential candidate?",bob dole,H Perot | H Ross Perot | H. Ross Perot | Henry Perot | Henry R. Perot,0,0.7966,1.8946,23
What is the christian name of the landlord of The Nag's Head in Only Fools and Horses,John,Mike | Mikee,0,0.9933,3.7998,26
Tomorrow marks the 109th anniversary of which great American taking the reins of the presidency following the death of William McKinley?,calvin coolidge,"26th President of the United States | Cowboy of the Dakotas | Feddy Roosevelt | President Theodore Roosevelt | Roosevelt, Theodore",0,0.5677,2.444,23
Who was the British Prime Minister in 1953?,"In 1953, the British Prime Minister was Clement Attlee","Churchill | Churchill, W. S. | Churchill, Winston | Churchillian | Chuurchill",0,0.7571,2.1092,23
A bird described as a 'palmiped' has which characteristic feature?,"The palmiped is a bird that has a long, slender beak and a",Palmiped | Totipalmation | Web foot | Webbed feet | Webbed foot,1,0.5319,1.9532,22
The Livadia Palace near which Crimean city was the site of a 1945 Peace Conference?,kiev,"Jalta | YALTA | Yalita | Yalta | Yalta, Ukraine",0,0.7789,2.9616,26
Which sculptor's works include St Michael's Victory over the Devil at Coventry Cathedral and Jacob and the Angel?,The answer to this question is: Henry Moore,"Epstein, Sir Jacob | JACOB EPSTEIN | Jacob Epstein | Jacob Epstein (sculptor) | Kathleen Epstein",0,0.8627,3.2347,23
The sweet red wine 'Commandaria' is produced on which island?,commandaria,Architecture of Cyprus | CYPRUS | Ciprus | Colony of Cyprus | Country CYP,0,0.2647,1.6438,22
Oil seed rape belongs to which plant family?,Cruciferae,Mustard | Mustard (disambiguation) | Mustards,0,0.3025,1.3547,23
What was invented in 1907 by Murray Spangler?,The first electric shaver was invented in 1907 by Murray Sp,Daniel Hess | Dust sucker | Hoover Constellation | Hoovering | Shop Vac,0,0.738,2.7151,22
Which highway was Revisited in a classic 60s album by Bob Dylan?,the interstate highway system,61 | sixty-one,0,0.7081,2.4408,22
The composer Peter Warlock was the father of which art critic?,john laight,BRIAN SEWELL | Brian Sewel | Brian Sewell,0,0.8613,3.2522,22
"Fidel Castro, former President of Cuba, ordered which board game to be destroyed when he took power?",chess,Abuse of dominance | Dominance and monopoly | Horizontal Monopolist | Horizontal Monopoly | Horizontal monopolist,0,0.7177,1.5403,23
Which band released the albums Sheer Heart Attack and A Day at the Races?,the Beach Boys,Queen | Queen (album) | Queen (automobile) | Queen (disambiguation) | Queen (song),0,0.9069,2.076,22
Which Oscar-nominated film had You Sexy Thing as its theme song?,the beatles,Full Monty | Full monty | The Full Monty | The Full Monty (film) | The Full Monty (soundtrack),0,0.9324,3.4076,23
What is the title of the 1996 Oscar-winning documentary about the Muhammad Ali and George Foreman 1974 ‘Rumble in the Jungle’ fight in Zaire?,The Rumble in the Jungle,When We Were Kings,0,0.7247,1.5404,22
On which instrument would a ‘paradiddle’ be played?,drum kit,5 piece drum set | Accent cymbal | Breakables | Drum Kit | Drum Set,1,0.6287,1.3885,22
"In November 2010, Genoveva Aonma and sisters Bilguissa Simpor and Salimata Simpor of which national women's soccer team were accused by newspapers in Nigeria and Cameroon of being men, not women?",nigeria,Administrative divisions of Equatorial Guinea | EQG | Eq. Guinea | EqG | Eqguin,0,0.7998,1.7219,22
In which town in Greater Manchester is the TV series set?,Manchester,"ROCHDALE | Recedham | Rochdale | Rochdale (town) | Rochdale, England",0,0.9382,2.5154,22
"What game, created in 1904 by a quaker, Elizabeth (Lizzie) Phillips, when revised by Charles Darrow and others became one of the world's most played commercial board games?",Monopoly,Abuse of dominance | Dominance and monopoly | Horizontal Monopolist | Horizontal Monopoly | Horizontal monopolist,1,0.4131,0.2076,22
Who was elected president of France follwing the death of President Pompidou?,"The president of France, Valéry Giscard d'Estaing, was","Giscard | Giscard d'Estaing | Giscard d'Estaing, Valery | Giscard d'Estaing, Valéry | Giscard d’Estaing",1,0.5608,2.5139,22
The 1887 novel A Study in Scarlet introduced what classic fictional character?,"The 1887 novel A Study in Scarlet introduced Sherlock Holmes, a","Elementary, My Dear Watson | Elementary, my dear Watson | Holmes and Watson | Inspector Holmes | Sherlock Holmes",1,0.4697,2.2649,22
Heliculture is the farming of what for food?,Heliculture is the farming of sea urchins for food,Jono Hawkins | Marine snail | Ochu | Snail | Snails,0,0.4988,1.8884,23
"In the 2005 remake of the film 'King Kong' who played the part of Ann Darrow, originally played by Fay Wray?",bruce ross,Naomi Ellen Watts | Naomi Watts,0,0.9007,1.8719,22
The town of Tobermory is on which Scottish island?,isle of cumbrae,Glenforsa | Island of Mull | Isle of Mull | Isle of mull scotland | Malaeus,0,0.6421,1.3442,22
Five docks built on The Manchester Ship Canal in what is now Salford Quays were named after which Roman goddess? The area is now served by a Metrolink stop bearing the same name.,venus,Pomona | Pomona (disambiguation) | Pomona Station | Pomona station,0,0.8566,1.5478,22
Who was elected US President in November 2012?,"In the 2012 United States presidential election, Barack Obama was re",0bama | 2008 Democratic Presidential Nominee | 44th President of the United States | 44th president of the united states of america | B. H. Obama,1,0.3518,2.0714,26
Which US singing duo started out under the names Caesar and Cleo?,the four sisters,Caesar and Cleo | Sonny & Cher | Sonny & Cher Tours | Sonny And Cher | Sonny and Cher,0,0.9839,3.7052,26
What was the name of painter van Gogh’s brother to whom he wrote many letters?,"Vincent van Gogh's brother, Theo, was a painter and art dealer who",Theo,1,0.5822,2.1634,23
One Summer: America 1927 is a 2013 history book by which author?,David Grann,"BILL BRYSON | Bill Bryson | Bill bryson | Bryson, Bill | The Lost Continent and Neither Here Nor There",0,0.9408,3.0093,22
What is secreted by the pancreas to regulate blood sugar levels?,Insulin is a hormone that regulates blood sugar levels,Actraphane | Actrapid | Aktrapid | B10H | C257H383N65O77S6,1,0.4437,1.4391,23
"Which Spanish soup containing onions, tomatoes, peppers and cucumbers and traditionally thickened with stale breadcrumbs is always served cold ?",gazpacho,GAZPACHO | Gaspacho | Gazpacho | Gazpacho Soup | Gazpacho soup,1,0.729,0.1381,22
Which film features the characters Sally Albright and Harry Burns?,the 1971 film The Man Who Shot Liberty Valance,I'll have what she's having | I’ll have what she’s having | Sally Albright | When Harry Met Sally | When Harry Met Sally ...,0,0.9879,3.9864,26
Who wrote the original novel 'The Phantom of the Opera' in 1910?,The Phantom of the Opera was written by Gaston Leroux in 19,G. Leroux | GASTON LEROUX | Gaston Leroux | Gaston Louis Alfred Leroux,1,0.7965,2.5569,23
Who won the men's singles title at Wimbledon in 1987?,john mcenroe,Cat Pash | Pat Cash | Patrick Cash,0,0.8611,3.0189,23
"""In which North American city would you find a baseball team called the""""Blue Jays""""?""",toronto,'A' Barrie | 'A' Barrie/Toronto | 'A' Toronto | A Barrie | A Barrie/Toronto,1,0.6093,0.2007,23
An 18th century innovation what is the method of gilding furniture and clocks known as?,gilding,Gilt bronze | Gilt-bronze | ORMOLU | Ormolu,0,0.5341,2.048,23
What can brown do for you? is the current advertising slogan for what company?,Brown & Williamson Tobacco Corporation,U P S | U. P. S. | U.P.S. | UPS | UPS (disambiguation),0,0.8148,2.8416,22
"The TV characters Jack Ford, Trevor Chaplin and Jack Halford link which actor?",tom hanks,James Bolam | James Christopher Bolam,0,0.958,3.3463,23
"Born in 1970, which female has been a presenter on the TV shows 'The Big Breakfast' and 'Live & Kicking'",liz taylor,Zoe Ball | Zoe Bull | Zoë Ball,0,0.9677,3.1882,22
"""""""Bye Bye Love"""" in 1957 was the first hit single for which duo?""",The Beatles,Don Everly | Donald Everly | Everley Brothers | Everly Brothers | Ike Everly,0,0.9407,1.8759,22
Doctor Brooke Magnanti came out as which best selling X-rated blogger?,Doctor Brooke Magnanti came out as a best-selling X-rated blogger.,Belle de Jour | Belle de Jour (disambiguation) | Belle de jour | Belle de jour (disambiguation) | Belle du Jour,0,0.8173,3.3281,23
The main publicity image for which Alfred Hitchcock film featured Cary Grant being chased by a bi-plane?,the 39 Steps,N by nw | NXNW | NbNW | North By Northwest | North by Norhtwest,0,0.9142,2.4429,26
The splanchnocranium refers to the bones of which defining part of the human body?,The splanchnocranium is the part of the human body that defines the,Face | Faces | Facial feature | Human Face | Human face,0,0.4514,1.6302,23
Which World war 2 American general was nicknamed “Vinegar Joe”?,allen wright,Stillwell | Stilwell | Stilwell (disambiguation),0,0.8422,2.621,22
Who did June Carter marry?,"June Carter married her second husband, Jackson Pollock, in 194","American series | Cash, John | Cash, Johnny | Chicken in Black | J Cash",0,0.7488,2.3125,23
What city celebrates the original Oktoberfest?,"The city of Munich, Bavaria, Germany, is the birthplace of Oktober",City of Munich | DEMUC | Education in Munich | Monachium | Monachum,1,0.4809,1.9728,23
What river separates Texas and Mexico?,The Rio Grande separates Texas and Mexico,Rio Bravo del Norte | Rio Grande | Rio Grande River | Rio Grande River (United States and Mexico) | Rio Grande del Norte,1,0.1991,1.5172,26
"What may be described as a 'red earthworm with rings of a brighter colour, often found in manure and used as fishing bait?",red wigglers,BRANDLING | Brandling,0,0.7103,3.2951,22
In which country would you find the Plain of Jars?,Laos,Ai Lao | Etymology of Laos | ISO 3166-1:LA | LPDR | Languages of Lao People's Democratic Republic,1,0.4782,0.3337,26
Who first drew Mickey Mouse when ?Disney first supplied the voice?,Walt Disney,"Celebrity Productions | Iwerks, Ub | Ub Iwerks | Ub Iwerks Studio | Ubbe Ert Iwwerks",0,0.7358,1.0345,23
Omar Sharif played the title character in the 1965 film of what 1957 novel by the Russian writer Boris Pasternak?,dr. no,Doctor Zhivago | Doctor Zhivago (disambiguation) | Doctor zhivago | Doktor Zhivago | Dr Zhivago,0,0.7361,1.614,22
By what name is the tree Fraxinus excelsior more commonly known ?,ash,ASH | ASH (disambiguation),1,0.278,0.717,22
When were the first Winter Paralympics held?,The first Winter Paralympics were held in 1976 in,"1976 | one thousand, nine hundred and seventy-six",1,0.6296,0.8613,22
"The Washington Post reporters, Carl Bernstein and Bob Woodward, wrote an account of the Watergate scandal, published in 1974. What was the book called?",All the President's Men,All The President's Men | All the President's Men | All the President's Men (novel) | All the President’s Men | All the presidents men,1,0.2023,0.3101,26
Who was the President of the USA at the time of the 1929 Stock Market 'Crash'?,The 1929 stock market crash was the result of a series of,31st President of the United States | HERBERT HOOVER | Herbert C. Hoover | Herbert Clark Hoover | Herbert Hoover,0,0.4474,2.1866,26
"Labyrinth, Broad-crested, Sharp-crested, Piano keys, and Compound are types of?",hydraulic structures,Diversion weir | Drowning machine | Low head dam | Low-water dam | Lowhead dam,0,0.4953,2.5253,23
'Lassa Fever' was first detected in 1969. In which countryis Lassa?,nigeria,Agoi | Chawaka | Conseil de Salut National | Crime in Nigeria | Ethnic groups of Nigeria,1,0.2548,0.5548,23
"Which racehorse, unbeaten in 14 races, won an unprecedented 9 consecutive Group One races including the 2,000 Guineas in 2011 and is the highest ever rated by Timeform?",The racehorse is Frankel.,Franckel | Frankel,1,0.9199,3.5541,22
What is the Scottish word that applies to New Year's Eve?,New Year's Eve,Edinburgh's Hogmanay | Hogmanay | Hogmany,0,0.446,2.0943,22
What is either a city in Germany or a type of fragrance?,Cologne,"City of Cologne | Coln | Cologne | Cologne (Germany) | Cologne, Germany",1,0.6687,1.3549,22
If a right angled triangle has two sides measuring 9 and 12 inches how many inches long is the third and longest side ?,The third side is the hypotenuse of the triangle. The hypotenuse,15 | fifteen,0,0.592,1.283,22
Which musical instrument is associated with Alison Balsam?,Alison Balsam is a British singer-songwriter and pianist. She is,Alto trumpet | Herald trumpet | Jazz trumpeter | Lead Trumpet | Soprano bugle,0,0.7265,2.019,23
"The city of Brest in modern day Belarus was once known as Brest-Litovsk, site of the 1918 treaty between Soviet Russia and the Central Powers. For what present day country did the word Litovsk refer?",Lithuania,First Republic of Lithuania | ISO 3166-1:LT | LITHUANIA | Lietova | Lietuva,1,0.4552,2.4805,22
"In 2003, what character was voted by the American Film Institute to be the greatest hero in American film?",The character was James Bond.,Atticus Finch | Atticus Finch (character),0,0.7966,2.8337,23
The 2002 film ‘We Were Soldiers’ is set in which war?,vietnam,'Nam | 'nam | 2nd Indochina War | Aftermath of the Vietnam War | Allied war crimes during the Vietnam War,1,0.449,2.5492,23
"Which American Ivy League University is situated in Ithaca, New York State?",Cornell University,CORNELL UNIVERSITY | CUEMS | Cornel university | Cornell | Cornell EMS,1,0.1319,1.4479,22
"According to a popular Christmas song, who was a jolly happy soul?",santa claus,Frosty The Snowman | Frosty and Rudolph's Christmas in July | Frosty the Snow Man | Frosty the Snowman | Frosty the Snowman (song),0,0.9045,1.8773,22
What is the most popular ice cream flavor in America?,The most popular ice cream flavor in America is vanilla,Bourbon vanilla | Butterscotch Vanilla | French Vanilla | French vanilla | History of vanilla,1,0.5317,2.2577,23
Which is the main river that flows through Munich?,The Danube is the main river that flows through Munich,ISAR | ISAR (disambiguation),0,0.2322,1.7016,23
"In geology, Greywacke is classed as what form of sedimentary rock?","The rock is a type of sedimentary rock, and is a type of sand",Deep Ocean | Deep layer | Deep ocean | Deep sea | Deep-sea,0,0.259,2.6526,22
"Which Frenchman, who never learned to speak Swedish, became King Charles XIV John of Sweden and Norway?",king charles xiv john,Carl III | Carl III Johan | Carl III Johan of Norway | Carl III of Norway | Carl Johan,1,0.7668,2.8923,22
Which chemical element has the atomic number six?,hydrogen,Atomic number 6 | C (element) | Carbon | Carbon (element) | Carbon Atom,0,0.4235,1.6051,26
"Malaikah in the Qur'an, and Mal'akh in the Hebrew Bible?","The word ""angel"" is derived from the Arabic word ""malaikah",Angel | Angel (beings) | Angel-prince | Angelhood | Angelology,1,0.5856,2.2394,22
"Which American University is situated in Ithaca, New York?",cornell university,CORNELL | CUEMS | Cornel university | Cornell | Cornell EMS,1,0.5015,1.8299,22
The Fitzwilliam Museum is in which British town or city?,Cambridge,"Caergrawnt | Cambridge | Cambridge (England) | Cambridge, Cambridgeshire | Cambridge, East Anglia",1,0.4703,0.4062,23
In Pride and Prejudice what was the first name of Mr Darcy?,bennet,Fitzwilliam | Fitzwilliam (disambiguation),0,0.6659,1.0892,22
"What nationality was Pope Adrian the sixth, the only man from that country to have held the position?",The only man from that country to have held the position was the Italian Pope Adrian,Dtuch | Dutc | Dutch | Dutch (disambiguation),0,0.5426,2.1964,22
Harold Holt became Prime Minister of which country in January 1966?,australia,AUSTRALIA | AUSTRALIAN | Asutralia | Ausrtalia | Aussieland,1,0.5741,0.2702,26
"What US TV sitcom that ran for 7 years to 19 March 1977 was the first to have an independent career woman, Mary Richards, as the central character?",The Mary Tyler Moore Show,Mary Tyler Moore (TV Series) | Mary Tyler Moore (TV series) | Mary Tyler Moore Show | Mtms | The MTM Show,1,0.8491,1.5605,22
What are the only two musical notes which have no flats?,The only two musical notes which have no flats are C and G,C and F,0,0.482,1.8715,26
Which British organisation is known in the U.S.A. as TKC,The British organisation known in the U.S.A. as TKC is the Royal,Discover Dogs | KC(UK) | Kennel Club (UK) | Kennel Club Dog Art Gallery | The Kennel Club,0,0.917,2.5024,23
Of which African country is Niamey the capital?,Niger,ISO 3166-1:NE | NG-NI | Niger | Niger (country) | Niger Republic,1,0.1845,0.6393,23
Name Tchaikovsky's famous ballet which begins on Christmas Eve?,the Nutcracker,Candy Cane (ballet) | Casse-Noisette | Cavalier (ballet) | Coffee (ballet) | Dance Of The Sugar Plum Fairy,1,0.6761,2.4601,22
What is the term for a person whose body doesn't produce melanin?,albinism,Achromasia | Achromasias | Achromatosis | Achromia | Albanism,1,0.4689,0.4517,22
What was the name given to Barbary pirates who raided ships in the Mediterranean and the south European coast from bases on the north coast of Africa?,corsair,Corsair | Corsair (disambiguation) | Corsair (novel) | Corsair ship | Corsairs,1,0.4944,1.5398,22
Which book begins 'When he was nearly thirteen my brother Jem got his arm badly broken'?,to kill a mockingbird,"How to Kill a Mockingbird | Maycomb | Maycomb disease | Maycomb, AL | Maycomb, Alabama",1,0.9397,1.0331,26
Who was appointed Chief Secretary to the Treasury immediately after the 2010 General Election?,The 2010 General Election was the 16th general election,David Anthony Laws | David Laws,0,0.7761,2.6212,23
Pandalus borealis is more commonly called (and officially named by the UN Food and Agriculture Organization)?,king crab,Alaskan pink shrimp | Ama ebi | Ama-ebi | Arctic shrimp | Cold-water shrimp,0,0.5158,2.4206,23
"First proposed by H.G. Wells in a 1903 story, what military staple saw its first action during the Battle of the Somme, September 1916?",machine gun,NRODT | National Review | National Review Online | National Weekly | The National Review,0,0.6585,1.798,23
Which city is the destination of the yacht race which leaves Sydney every Boxing Day?,the city of Hobart,"Capital of Tasmania | Hobart | Hobart , Australia | Hobart Function & Conference Centre | Hobart Pubs and Bars",1,0.9422,3.5793,26
How was Lady Mallowan better known?,Lady Mallowan was better known as Lady Mallow,Agartha Christie | Agasta Christie | Agatha Christie | Agatha Christie DBE | Agatha Christie Ltd.,1,0.7348,2.0116,23
Who was the original bass guitarist with The Who,Roger Daltrey,Bogey Man (song) | John Alec Entwistle | John Entwhistle | John Entwistle | John Entwistle Bogey Man,0,0.8776,1.9543,22
"In 1938 Orson Welles, who was 22 at the time, wrote, produced, and narrated a radio play adaptation of what work, the US broadcast of which sparked widespread upheaval and panic?",war of the worlds,The War of the Worlds by H.G.Wells,0,0.8535,1.2087,26
The America's Cup trophy was held by America from 1852 until 1983 when the Cup was won by which challenger?,The America's Cup trophy was held by the United States from 185,Australia II of Australia,0,0.7949,2.5675,23
"""What city is known to its inhabitants as """"auld reekie""""?""",edinburgh,Areas of Edinburgh | Areas of edinburgh | Athens of the north | Auld Reekie | Burgh of Edinburgh,1,0.5893,0.2249,26
"""What is the common translation for """"Carpe Diem""""?""",seize the day,Seize The Day | Seize the Day | Seize the Day (disambiguation) | Seize the day,1,0.6681,0.7088,23
Who was the first football nation to win the World Cup outside their own continent?,The first nation to win the World Cup outside their own continent was the Netherlands in,BRAZIL | Barzil | Brasil | Brassil | Brazil,0,0.8387,1.9767,26
In which year in the 20's did the General Strike occur,1926,"1926 | one thousand, nine hundred and twenty-six",1,0.654,0.352,23
"What is an open plane curve formed by the intersection of a cone with a plane parallel to its side, resembling the path of a projectile under the action of gravity?",parabola,Conic section/Proofs | Derivation of parabolic form | Derivations of Conic Sections | Derivations of conic sections | Lambert's Theorem,1,0.4384,0.4483,23
How many squares are found along one side of a Scrabble board?,15,15 | fifteen,1,0.6216,0.8678,23
Which British monarch was the first Head of the Commonwealth?,"The first Head of the Commonwealth was Queen Victoria, who reigned from 1",Albert Frederick Arthur George | Albert of Cornwall | Albert of Cornwall and York | Albert of Wales | Albert of York,0,0.6113,2.0152,22
What is the county town of Mayo?,The county town of Mayo is Castlebar,CASTLE BAR | Caislean an Bharraigh | Caisleán an Bharraigh | Castle Bar | Castle of the Barry family,1,0.5249,1.4528,23
Which French chemist produced the first vaccine against Anthrax?,Louis Pasteur,L Pasteur | L. Pasteur | Louis Pasteur | Louis Pastuer | Pasteur,1,0.6302,1.3762,22
What is the longest river in Canada?,"The Mackenzie River is the longest river in Canada, flowing 5,4",Deh Cho River | Disappointment River | MacKenzie River | Mackenzie River | Mackenzie River Delta,1,0.3419,1.5839,23
What is the correct title of the 1967 hit by Keith West that is often called Grocer Jack?,The title of the 1967 hit by Keith West that is often,EXCERPT FROM A TEENAGE OPERA | Excerpt from A Teenage Opera | Grocer Jack | Grocer Jack (Excerpt from A Teenage Opera),0,0.969,2.4599,26
Who was the author of 'The Thorne Birds'?,The Thorne Birds,Colleen McCollough | Colleen McCullough | Colleen McCullough-Robinson,0,0.8691,3.2225,23
What is the name of the O’Haras’ plantation in ‘Gone with the Wind’?,The O’Haras’ plantation in ‘Gone with the Wind’ is,Areum | Kaze no Yo ni | Kaze no You ni | Kaze no Yō ni | Lee A-reum,0,0.6403,2.3027,23
‘Corylus’ is the Latin name for which plant?,hazel,Corylus | Hazel | Hazel (Corylus) | Hazel tree | Hazelbush,1,0.2688,0.7153,23
"If you heard the catchphrase ""They're great"" what would expect to be advertised?",They're great,Cinnamon Krunchers | Cocoa Frosted Flakes | Frosted Flakes | Frosted Flakes of Corn | Frosted Rice,0,0.7578,2.8519,22
"What is the most common blood type in humans? A, B or O?",O,O | O (letter) | ℴ | ⒪ | Ⓞ,1,0.4365,1.331,23
What is Australian slang for an outside lavatory?,"The term ""outside lavatory"" is Australian slang for an outside toilet",Dunny,0,0.6312,2.5778,22
Complete this boxing phrase 'The Thriller in'?,The Thriller in me,6-resurrection (08-09) | Asia/Manila | Capital city of philippines | Capital of philippines | City of Manila,0,0.843,2.3316,23
Anatomy. Where are the intercostal muscles situated?,The intercostal muscles are located between the ribs,Between the RIBS,1,0.5167,1.2134,26
"In the US, where would a busboy work?",restaurant,Chef's table | Cookshop | Eateries | Eatery | Piqueteadero,1,0.1761,2.0811,22
Who was the King of Troy during the famous siege?,The siege of Troy lasted for ten years,Exceptionally courageous | PRIAM | Priam | Priam of Troy | Priamos,0,0.51,2.0427,23
What id the name given to the study of birds?,The study of birds is called ornithology,Bird watching towers | Birdlore | History of ornithology | Ornathology | Ornithologic,1,0.4059,1.5075,26
What kind of bird is the Ugly Duckling?,swan,Cob (bird) | Cob (swan) | Cygnet (bird) | Cygninae | Cygnini,1,0.4709,1.8071,23
"Feb 15, 1564 saw the birth of what famed Italian physicist, mathematician, astronomer, and philosopher, who discovered the first 4 moons of Jupiter?",Galileo Galilei,A Very Brief Summary of the Life of Galileo | Father of modern observational astronomy | G. Galilei | Gailieo Galilei | Galaleo,1,0.5044,1.0713,22
How many times did Steffi Graf win the Ladies Singles at Wimbledon?,"Steffi Graf won the Ladies Singles at Wimbledon 10 times, more than",7 | seven,0,0.7151,1.9695,26
By what name is James Osterberg popularly known?,"James Osterberg is popularly known as the ""Father of the Canadian Hockey",Iggy Pop | Iggy Pop Biography | Iggy Stooge | Iggy pop | James Newell Osterberg,1,0.7183,3.4108,23
How is the peasant girl 'Marenka' known in the title of an 1866 opera by Bedrich Smetana?,marenka,'THE BARTERED BRIDE' | Bartered Bride | Bartered Bride (disambiguation),0,0.7195,3.0822,23
Author Thomas Hardy trained for which profession?,author,ARCHITECT | Architect (disambiguation) | Architects (band) | Architects (disambiguation) | The Architect,0,0.8005,2.7312,26
Which county won the 2013 Cricket County Championship?,wales,DURHAM | Durham | Durham (Amtrak station) | Durham (city) | Durham (disambiguation),0,0.8895,3.1073,23
"What is the minimum number of points needed to win a tiebreak in tennis, such as in the Hopman Cup for mixed doubles, on the ATP and WTA tours for doubles and sometmes in USTA league play?",10,10 | ten,1,0.6989,1.6122,23
By what name was world champion boxer Walker Smith better known?,"In 1936, he was named the world heavyweight boxing champion by",%22Sugar%22 Ray Robinson | Sugar Ray Robinson | Sugar Robinson | Walker Smith Jnr | Walker Smith Jnr.,0,0.8651,2.8456,22
What is the fictional location of the tv soap ‘Eastenders’?,The fictional location of the tv soap 'Eastenders' is the fictional town of,"London Borough of Walford | Roads in Walford | Victoria Square, Walford | WALFORD | Walford",0,0.8664,2.3328,26
"Ornette Coleman, Louis Armstrong and Charles Mingus are associated with what style of music?",jazz,Blues and soul jazz | Classical blues | History of jazz | Jazz | Jazz (music genre),1,0.421,0.6679,22
On the Cartesian Plane where is the unit usually represented as i or j?,The unit is usually represented as i or j,3 dimensional coordinate system | 3-D Cartesian Coordinate System | 3-D coordinate system | 3-D graph | 3-d coordinate system,0,0.3766,1.2703,22
"Dmitri, Ivan and Alexei are the eponymous central characters of which 1880 novel by Fyodor Dostoyevsky?",The Brothers Karamazov,Brat'ya Karamazovy | Bratya Karamazovy | Brothers Karamanzov | Brothers Karamazov | Brothers Karamozov,1,0.5958,1.3534,22
"In humans, Duane Syndrome affects which part of the body?","The condition is named after the British ophthalmologist William Duane, who first",Animal eyes | Apposition eye | Camera-type eye | Compound Eye | Compound Eyes,0,0.539,2.7696,23
Who was the husband of Rebekah Brooks from 2002 to 2009?,john wick,Ross Kemp,0,0.8244,3.5555,23
"Flourine, Bromine, Iodine and Chlorine are all what type of elements?",halogen,Dihalo | Fluorine family | Fluorine group | Group 17 | Group 17 element,1,0.3879,0.4376,23
"What system of psychology, popularised by F J Gall and J K Spurzheim in the 19th century, claims that mental faculties and dispositions can be determined by the shape of the skull?",craniology,Bump of Locality | Bumpology | Frenology | Philoprogenitiveness | Phrenological,0,0.3468,2.1781,26
Who painted The Luncheon of the Boating Party in 1881?,The Luncheon of the Boating Party is a painting by Gustave Courbet,Auguste Renoir | Firmin Auguste Renoir | Pierre August Renoir | Pierre Auguste Renoir | Pierre-August Renoir,0,0.6473,2.4467,23
Harold Holt became Prime Minister of which country in January 1966?,australia,AUSTRALIA | AUSTRALIAN | Asutralia | Ausrtalia | Aussieland,1,0.4566,0.2702,23
"Which children's fictional character lives at 32, Windsor Gardens, London?",charlie and the chocolate factory,32 Windsor Gardens | A bear called paddington | Darkest Peru | Paddington Bear | Paddington Brown,0,0.923,2.9273,22
"The South African currency unit, the Rand, is divided into a hundred what?",cents,CENTS | Cent | Cent (area) | Cent (disambiguation) | Cent (measure),1,0.5501,1.7524,23
In which form of pool (pocket billiards) are the balls formed into a diamond pattern?,billiards,9 Ball | 9 ball | 9 ball pool | 9-Ball | 9-Ball Pool,0,0.6631,1.9855,22
Who sang with Serge Gainsbourg on the hit Je t'aime?,The song was written by Serge Gainsbourg and composed by Jacques Brel.,Jane Birkin | JaneBirkin,0,0.8632,3.4861,22
Where would you find 'Harris'; 'Lewis' and 'Benbecular'?,The United Kingdom,Eilean Siar | Eileanan Siar | Long Isle | Na h-Eileanan Siar | Na h-Eileanan Siar (Western Isles),0,0.9279,4.0997,26
Washington Irving's classic story Rip Van Winkle is set in which geographic region of New York state?,new york state,"Catskill Mountains | Catskill Mountains, New York | Catskills | Catskills Mountains | Kaatskill",0,0.4597,1.8708,23
What is the project/brand name for Google's computerized spectacles?,Google Glass,Crafted glass | Glass | Glass (material) | Glass Science | Glass origins,1,0.5092,1.5,23
Which 1983 film starring Shirley MacLaine and Debra Winger won 5 Oscars (Academy Awards)?,the river,Aurora Greenway | Emma Greenway Horton | Term's of Endearment | Terms Of Endearment | Terms Of Endearment (film),0,0.8668,2.7817,26
A Violent Storm is which number on the Beaufort Scale?,10,11 | eleven,0,0.5538,1.0359,22
The paintings entitled 'St. George and the Dragon' and 'Madonna with the Fish' are works by which Florentine master?,dante alighieri,RAPHAEL | Rafael Sancho | Rafael Sanzio | Rafael Sanzio da Urbino | Raffael,0,0.6596,2.5781,22
Who wrote the book 'Elmer Gantry'?,john winthrop,"(Harry) Sinclair Lewis | Grace Hegger | Harry Sinclair Lewis | Lewis, (Harry) Sinclair | Sinclair Lewis",0,0.8326,2.9761,22
What does the French word noir mean in English?,black,"(0, 0, 0) | 000000 | BLACK | Black | Black (Colour)",1,0.5736,1.9894,23
"What is the name of the parson mentioned in the lyrics of the Christmas carol ""Winter Wonderland""?","The parson mentioned in the lyrics of the Christmas carol ""Winter Wonderland""",Black orange | Black oranges | Black-orange | Black-oranges | Blackish orange,0,0.9532,2.8579,26
Which state on the Gulf of Mexico is nearest the end of the alphabet?,alabama,"28th State | 28th state | Christianity in Texas | Everything is bigger in Texas | Lake Ozark, Texas",0,0.5742,1.7428,22
Where certain religions divide the notion of heaven into parts there are generally?,"In the Abrahamic religions, heaven is often divided into three levels: the",7 | Seven | seven,0,0.6915,2.0654,26
Bosworth cheese comes from which English county?,leicestershire,"County of Stafford | Staffordshire | Staffordshire, England | Staffs",0,0.7074,0.7289,23
Which President of the USA has daughters named Malia Ann and Natasha or more famously Sasha ?,barack obama,0bama | 2008 Democratic Presidential Nominee | 44th President of the United States | 44th president of the united states of america | B. H. Obama,1,0.4824,0.769,23
"""Who played Luke Skywalker in the 1977 original """"Star Wars"""" film?""",mark hamill,"(Mark) HAMILL | Hamill, Mark | Marilou York | Mark Hamil | Mark Hamill",1,0.8442,0.9125,22
"In the human body, the adrenal glands are located near what organ(s)?",kidney,Cortical collecting tubule cell | Duplex kidney | Hind-kidney | Human kidney | Inner medullary collecting duct cell,1,0.3472,1.2841,22
What nationality was sculptor Constantin Brancusi?,Romanian,Autobiographie erotique | Autobiographie érotique | ROMANIAN | The Romanian | The Romanian: Story of an Obsession,1,0.409,2.1733,26
Truax Field international airport is in which US state?,florida,30th State | America's Dairyland | Badger State | Badger state | Climate of Wisconsin,0,0.5542,2.431,26
On 7th July 2011 which UK tabloid was closed down because journalists were accused of phone-hacking?,the sun,Keith Gladdis | News Of The World | News of the Screws | News of the World | News of the world,0,0.5635,0.9568,22
At what age does an individual first become entitled to a free TV licence?,The BBC's television licence fee is payable by all UK residents aged 12,75 | seventy-five,0,0.7096,2.9753,22
"In music, who was Sweet and Innocent and Too Young?",Sweet and Innocent and Too Young were a duo of American singers and songwriters,Donald Clark Osmond | Donald Osmond | Donnie Osmond | Donny & Marie in Las Vegas | Donny Osmond,0,0.9352,2.5476,22
Which Star Trek star directed Three Men and a Baby?,robert douglas moore,LEONARD NIMOY | Leonard Nemoy | Leonard Nimoy | Leonard Simon Nimoy | Leonard nimoy,0,0.9702,3.2634,26
What number on the BeauforT Scale equates to a gale?,The Beaufort Scale is a measure of wind speed,8 | eight,0,0.7708,2.0611,26
The Council of Trent in the 16th century was held between believers of what religious faith?,The Council of Trent was held between Catholics.,Al Masihiya | Al Masihiyya | Al-Masihiya | Al-Masihiyya | Belief in Jesus,0,0.5127,1.5086,26
Bombay Sapphire is what type of alcoholic drink?,gin,GIN | Gin | Gins | List of gin brands | List of gins,1,0.2346,0.7756,22
Whose arch nemisis is the Red Skull?,The Red Skull is the arch-nemesis of Captain America.,Captain America's | Captain Americas | Fantastic Fourteen | Runaways (comic) | Runaways (comics),0,0.6999,2.4097,22
The dotterel belongs to which family of birds?,sandpiper,Charadriinae | Dotterels | Plivver | Plover | Plovers,0,0.3286,2.4235,22
When Alexander the Great had an Empire to which Asian Country did it stretch?,The Persian Empire,Bharat Ganrajya | Bhart | Bhārat Gaṇarājya | Bhārtiya Prajāsattāk | Etymology of India,0,0.4464,3.1624,23
Nine of the ten tallest buildings in Germany are in which city?,berlin,Franckford | Franfurt | Frankfort On Main | Frankfort on Main | Frankfort on the Main,0,0.4587,1.1943,23
"Who was the Vanity Fair photographer responsible for the cover featuring a naked, pregnant Demi Moore?","The Vanity Fair photographer responsible for the cover featuring a naked, pregnant Demi Moore",ANNIE LEIBOVITZ | Anna-Lou Leibovitz | Annie Leibovitz | Annie Leibowitz | Annie Liebovitz,0,0.8217,3.6777,23
Where was Cain banished to after murdering Abel?,"Cain was banished to the land of Nod, east of Eden",Land of Nod | Land of nod | THE LAND OF NOD | The Land of Nod,1,0.5657,1.5969,23
Name the pioneering Game Theory US mathematician featured in the film A Beautiful Mind?,john nash,"John Nash | John Nash (disambiguation) | John nash | Johnny Nash (disambiguation) | Nash, John",1,0.3638,0.7566,23
Which Greek mythological creature has the body of a lion and the head and wings of an eagle?,pegasus,Axex | Grifen | Grifens | Griffin | Griffin/version 2,0,0.5371,2.6567,23
What is the lowest level of the Earth's atmosphere?,The lowest level of the Earth's atmosphere is the troposphere,Epitroposphere | The Troposphere | Trophosphere | Troposhere | Troposphere,1,0.4175,0.788,23
Which author also writes under the name Barbara Vine?,"The author of the novel ""The Girl with the Dragon Tattoo"" is Stieg",Barbara Vine | Baroness Rendell | Baroness Rendell of Babergh | Lady Rendell | RUTH RENDELL,0,0.9005,3.7257,22
"Prior to the introduction of the Euro, which coin was equal to one-hundredth of a German Mark?",The 100 Pfennig coin was equal to one-hundredth,PFENNIG | Pfennig | ₰,1,0.7468,1.9156,22
On which river are the Victoria Falls?,The Zambezi River,Great Zambezi River | Kabra Bassa rapids | River Zambezi | Sambesi | Zambesi,1,0.1887,1.3441,23
"Regarded as its Nobel Prize, in what field is the annual Pritzer Prize awarded?",The Pritzker Architecture Prize is an annual award given to an architect who has,ARCHITECTURE | Archetecture | Architectural | Architectural work | Architecturally,1,0.4524,1.4467,26
Which Spanish artist painted the series known as ‘Fantasy and Invention’ in the 18th century?,jorge hofer,De Goya | Francesco Jose de Goya y Lucientes | Francesco José de Goya y Lucientes | Francisco De Goya | Francisco Goya,0,0.7737,2.295,22
"In which Welsh village is there only one gay, apparently?!",Llanfairpwllgwyngyllgogerychwyrndrob,LLANDEWI BREFFI,0,0.9888,2.4645,22
Which river rises in Huyton and meets the coast at Hightown?,Mersey,ALT | ALTs | Alt | Alt (disambiguation),0,0.6881,1.9189,23
"At which English racecourse did two horses collapse and die in the parade ring due to electrocution, in February 2011?",Newmarket,Newbury | Newbury (disambiguation),0,0.9419,3.2963,26
Name either of the cities served by Robin Hood airport?,Nottingham,Doncaster/Sheffield,0,0.7393,2.1911,23
What is the most common gas in the Earth's atmosphere?,The most common gas in the Earth's atmosphere is nitrogen,ATC code V03AN04 | ATCvet code QV03AN04 | Atomic number 7 | Azote | Azotic air,1,0.3818,1.3598,23
Who scored the only goal when Everton defeated Manchester United in the 1995 FA Cup Final?,David Beckham,PAUL RIDEOUT | Paul Rideout,0,0.9354,3.4615,23
Who wrote ‘The Forsyte Saga’?,The Forsyte Saga was written by John Galsworthy.,"Galsworthian | Galsworthy | Galsworthy, John | John GALSWORTHY | John Galsworthy",1,0.7931,2.7543,22
The Spanish La Liga football club Villarreal share their nickname with which Beatles song?,the girl from arlington,The Yellow Submarine | YELLOW SUBMARINE | Yello Sub | Yellow Submarine | Yellow Submarine (disambiguation),0,0.9812,2.9852,26
Who was the first person to bear the title of Holy Roman Emperor?,"The first person to bear the title of Holy Roman Emperor was the German king,",Carl the Great | Carlo the Great | Carlomagno | Carolus I | Carolus Magnus,0,0.4854,1.4366,22
"""A novel by Edgar Rice Burroughs, first published in """"All-Story Magazine"""" in October 1912, was """"Tarzan of the ... """" what?""",jungle,Ape | Ape family | Apes | Apish | History of hominoid taxonomy,0,0.7975,0.3726,22
The flag of the Great Socialist People's Libyan Arab Jamahiriya was what single colour?,green,"(0, 255, 0) | Avacado (color) | Green | Green (color) | Green (colour)",1,0.5145,1.0589,22
What is the name of the character played by Nicole Kidman in the film 'Moulin Rouge'?,elena,'SATINE' | Satine,0,0.929,2.6546,22
What was the name of Lady Chatterley's lover in Lawrence's novel?,"The novel was banned in the United Kingdom for 100 years, and",Chatterley ban | Connie Chatterley | Constance Chatterley | Lady Chatterley | Lady Chatterley's Lover,0,0.6459,1.9604,23
"What Latin phrase, which translates as Out of many, one, is taken to mean One from Many?",pluralitas non est potestas,E PLURIBUS UNUM | E Pluribus Unum | E pluribus umun | E pluribus unum | E-Plu Rib Us-U Num,0,0.7707,2.275,26
"""Didier Delsalle who wrote the following words confirming his May 14, 2005 achievement became the first person to land a helicopter where? """"No, nobody went out of the helicopter as I was alone and quite busy to stabilize the helicopter on this windy ...! The terrain characteristics prevent any full landing on the ... as you can see on the videos and only a hover landing...""""""","The May 14, 2005 achievement of Didier D",Summit of Mount Everest,0,0.942,2.9225,22
"""Which actor, who died in 2011, became famous when portraying a TV character who became a household name in the 1970's? The actor won 4 emmys for his TV role and was nominated for film oscars for his parts in """"Pocketful of Miracles"""" and """"Murder Inc."""".""",The actor you are referring to is John Travolta. He became famous for his,"Falk, Peter | PETER FALK | Peter Falk | Peter Falk (actor) | Peter Michael Falk",0,0.9787,2.8275,22
Who invented the mercury thermometer in 1714?,The mercury thermometer was invented by German physicist Daniel Gabriel Fahrenheit in 171,Daniel Fahrenheit | Daniel Gabriel Fahrenheit | Daniel Gabriel Farenheit | Daniel Gabrile Fahrenheit | Daniel Gabrile Farenheit,1,0.4982,1.954,23
Who wrote the 1951 novel ‘From here to Eternity’?,james wharton,James Jones | James Jones (American football) | James Jones (basketball) | James Jones (disambiguation) | James Jones (running back),0,0.815,2.8854,22
In French cookery what name is given to a Béchamel sauce with shredded or grated cheese?,gratin,MORNAY | Mornay | Mornay (disambiguation),0,0.6243,1.1003,22
"Which scientist was Time magazine's ""Person of the 20th Century""?",Albert Einstein,A Tribute to Einstein | A. Einstein | Al Einstein | Alber Einstein | Alber Enstien,1,0.5771,1.6782,23
Of which Saxon kingdom was Offa a King?,kingdom of Mercia,Flag of Mercia | Kingdom of Mercia | Kingdom of the Iclingas | MERCIA | Mercia,1,0.5255,2.6464,26
"""What was the name of the Jester in Shakespeare's """"As You Like It""""?""",Jaques,TOUCHSTONE | The Touchstone,0,0.8359,2.399,22
"Which tree, native to Western Australia, has flowers that are used to make honey, and long, straight trunks which provide a deep rich reddish-brown, termite-resistant wood with an attractive grain?","The tree that has flowers used to make honey and long, straight trunks that",Eucalyptus marginata | Jarrah | Jarrah (tree) | Jarrah Tree | Swan River mahogany,0,0.4251,2.4962,23
A gerber was an alternative name for which traditional trade/craftsman?,woodworker,Tanner | Tanner (disambiguation) | Tanner (name),0,0.6574,3.2338,23
How many hearts does an earthworm have,"Earthworms have a simple nervous system with a brain, a pair of gang",5 | Five | five,0,0.4872,2.0826,22
Who was born in a cross-fire hurricane and raised by a toothless bearded hag?,The answer to this question is,Jumpin Jack Flash | Jumpin' Jack Flash | Jumpin' Jack Flash (song) | Jumping Jack Flash | Jumping jackflash,0,0.976,3.5762,26
What was the former name of Manchester airport ?,Manchester Airport,RINGWAY | Ringway | Ringway (disambiguation),0,0.8259,2.7119,23
Alan Greenspan was the head of which US government department from 1987 to 2006?,Federal Reserve,Board of Governors of the Federal Reserve | Board of Governors of the Federal Reserve System | FEDERAL RESERVE BOARD | FRB | Federal Reserve Board,0,0.0576,0.6578,22
"Which opera by Rossini , his last , is based on a play by Schiller ?",the Barber of Seville,"...And the Horse He Rode In On | A Buncha White Chicks Sittin' Around Talkin' | A New Lease On Life | A-Story, Bee-Story | A.I.: Artificial Insemination",0,0.7475,3.263,23
Which Holiday movie favourite featured a character called Kevin McCallister?,home alone,Angels with Filthy Souls | Gus Polinski | Harry and Marv | Home Alone | Home Alone (film),1,0.7705,0.3639,23
Las Vegas is situated in which US State?,nevada,36th State | Battle Born State | Climate of Nevada | Demographics of Nevada | Economy of Nevada,1,0.1408,0.2676,22
"""The US TV series """"Mad Men"""" centres around what industry or profession?""",advertising,Ad | Advert | Adverted | Adverting | Advertise,1,0.7809,0.3946,26
Which author created the fictional character Moll Flanders ?,charles dickens,A British Officer In The Service Of The Czar | A Scots Gentleman in the Swedish Service | Captain George Carleton | Captain Tom | DANIEL DEFOE,0,0.7368,2.1483,23
"Pre restraining order(s), who did People magazine name as their first ""Sexiest Man Alive"", in 1985?",john lennon,"Anne Reilly Gibson | Columcille Gerard Gibson | Deputy James Mee | Gibson, Mel | James Mee",0,0.9295,2.5891,23
"Celandine, topaz and gamboge are shades of which colour?",yellow,"(255, 255, 0) | Dark yellow | Rgb(255, 255, 0) | Royal yellow | Symbolism of yellow",1,0.6273,0.6706,22
What celestial object was visited by the New Horizons spacecraft in 2015?,The New Horizons spacecraft visited Pluto in 2015,(134340) Pluto | 134340 | 134340 Pluto | 134340 Pluto (dwarf planet) | 134340 Pluto.,1,0.4732,1.8076,26
"What British sitcom that aired from 1979 to 1981 in the UK, starred Penelope Keith and Peter Bowles?",The Good Life,Richard DeVere | TTMB | To The Manor Born | To the Manor Born,0,0.9421,2.48,23
"In WTF taekwondo competitions points are scored for a kick to the head or body, a turning kick to the head, and what else?",a turning kick to the body,Punch to the body,0,0.7337,2.391,26
What is the name of the sport in which your opponent tries to knock you off a floating spinning log,canoe slalom,Birling | Birling (disambiguation),0,0.8736,1.9157,26
In which Arizona town did the Gunfight at the OK Corral take place in 1881?,arizona,Grave marker | Grave stone | Grave-stone | Gravemarker | Gravestone,0,0.3977,1.8115,23
The Princeton Review just released their list of the top 371 colleges and universities in the US. What Big Ten school was ranked the #1 party school?,The University of Michigan,Center for Medieval Studies (Pennsylvania State University) | IST Building | IST Building (Penn State) | Ist building | Lion Ambassadors,0,0.4312,1.8128,22
Nephritis is the inflammation of which organ?,kidney,Cortical collecting tubule cell | Duplex kidney | Hind-kidney | Human kidney | Inner medullary collecting duct cell,1,0.161,1.1972,26
Who famously had children with both Julius Caesar and Mark Antony?,julius caesar,Cleopatra | Cleopatra VII | Cleopatra VII Of Egypt | Cleopatra VII Philopator | Cleopatra VII Thea Philopator,0,0.3328,2.8517,26
In which country is the southern pillar of Hercules,greece,Al-Mamlaka al-Maghrebia | Al-Mamlaka al-Maġribiyya | Al-Mamlakah al-Maġribiyah | Al-Mamlakah al-Maġribiyya | Al-Maġrib,0,0.5667,2.2252,22
"After sporadic visits by European explorers and merchants from the 17th century onwards, the eastern half of which continent was claimed by the British in 1770, and officially settled as a penal colony on 26 January 1788?",australia,AUSTRALIA | AUSTRALIAN | Asutralia | Ausrtalia | Aussieland,1,0.5128,0.2344,22
Which rider won the ladies European Three Day event Championship at Burghley in 1971?,jenny kelly,"Anne Elizabeth Alice Louise | Anne Elizabeth Alice Windsor | Anne Mountbatten | Anne Windsor | Anne Windsor, Princess Royal",0,0.9001,3.3745,23
Which is the most southerly country of the EU?,The most southerly country of the EU is Malta,"Architecture of Malta | Etymology of Malta | Health in Malta | ISO 3166-1:MT | Islands of Malta, Malta",1,0.4907,2.7891,23
"What kind of singing, from the Italian for Manner of the Church, features singers without any musical accompaniment?",Gregorian chant,A Capella | A Cappela | A Cappella | A capela | A capella,0,0.4432,1.9685,26
In what event did Bruce Jenner win a gold medal at the 1976 Olympics?,1976 Summer Olympics,Decathalon | Decathlete | Decathlon | Decathlon best | Men's Decathlon,0,0.5559,2.3359,22
"""In which """" Star Wars"""" episode does Anakin Skywalker transform into the black-suited Darth Vader?""",the dark side,Anakin's Betrayal | Anakins betrayal | Backstroke of the West | Backstroke of the west | Battle of Kashyyyk,0,0.581,2.4453,23
Rickets is caused by a lack of what essential element?,Rickets is a disease of bone development in children caused by a deficiency of vitamin,Ca(2+) | Ca+2 | Calcium | Calcium Supplement | Calcium compounds,0,0.4986,1.6825,22
"Who in 1980, aged 14, from Bolton, England, became the youngest International Master in the history of chess?",garry kasparov,NIGEL SHORT | Nigel D Short | Nigel D. Short | Nigel David Short | Nigel Short,0,0.886,3.3419,22
"""In the nursery rhyme, """"The House that Jack Built"""", what did the rat do?""",ate the cat,ATE THE MALT,0,0.8289,2.4846,22
Who is the father of the twin boys born to Brooke Mueller on 14 March 2009?,"The twins were born to Brooke Mueller and her then-boyfriend, actor Chris Klein",Bi-winning | Carlos Estavez | Carlos Estevez | Carlos Estévez | Carlos Irwin Estevez,0,0.9687,3.5963,26
The chemical compound Thujone is best known for being present in which alcoholic drink?,thujone,Abasinthe | Absenta | Absenthe | Absinth | Absinthe,0,0.2598,1.9039,22
Aboard which ship did Japan sign the surrender at the end of World War II?,"The Japanese Imperial General Headquarters surrendered to the Supreme Commander of the Allied Powers, General",Battleship Missouri | U.S.S. MISSOURI | U.S.S. Missouri | USS Missouri | Uss Missouri,0,0.5356,1.8265,26
"Which African country is bordered to the east by Chad, to the south by Nigeria and Benin, to west by Mali, and to the north by Algeria and Libya?",Niger,A niger | A. Niger | Aspergillopsis nigra | Aspergillus niger | Aspergillus niger var. niger,1,0.3264,1.8881,22
Which cigarette manufacturer used to boast of its tobacco ‘It’s Toasted’?,rj Reynolds,Cigarette camps | It's Toasted | L.S.M.F.T. | Lsmft | Lucky Strike,0,0.8814,2.9513,26
How often does a Hebdomadal Council meet?,"The Council of the Holy Roman Empire, or the Imperial Diet, was the highest",7 Day Week | 7 day week | A week | Calendar week | Chinese week,0,0.6365,2.0807,22
What is pop singer Adele's surname?,The singer's surname is Adele.,Adkins | Adkins (surname),0,0.6048,2.645,22
What word is given to a point in tennis which has to be replayed?,deuce,LET | LET (disambiguation) | Let | Let (disambiguation),0,0.784,2.5076,22
"After the United States and the Soviet Union, what country became the third in the world to test an atom bomb (in 1952)?",china,Breatainn Mhor | Breatainn Mhòr | Britain (island) | Britannia Major | British mainland,0,0.6807,2.3197,23
Who did Betty Boothroyd replace as Speaker of the House of Commons on April 27th 1992?,The Speaker of the House of Commons is the presiding officer of the House of,"BERNARD WEATHERILL | Baron Weatherill | Bernard Weatherhill | Bernard Weatherill | Bernard Weatherill, Baron Weatherill",0,0.8249,2.6316,22
What is the only country in the southern hemisphere to have won a gold medal in the Winter Olympics?,australia,AUSTRALIA | AUSTRALIAN | Asutralia | Ausrtalia | Aussieland,1,0.8125,2.5123,26
"Nicknamed the 'Diamond State', which US state shares borders with Pennslyvania, New Jersey and Maryland?",new jersey,1st State | Alcohol law in Delaware | Alcohol law of Delaware | Alcohol laws in Delaware | Alcohol laws of Delaware,0,0.3463,2.1306,22
"Though it is the most abundant metallic element in Earth's crust, which element is very rare in its free form and once prompted Napoleon III, Emperor of France to give a banquet where the most honoured guests were given utensils made of it while the 'lesser' guests had to make do with gold!",The element that is the most abundant metallic element in Earth's crust and is very,7429-90-5 | AIuminum | Al (element) | Aliuminium | Alliminuim,0,0.7609,1.8555,22
"Which English county is Bletchley Park, the WW II code-breaking centre?",wales,"BUCKINGHAMSHIRE | Buckinghamshire | Buckinghamshire (England) | Buckinghamshire, England | County of Buckingham",0,0.6118,1.7671,23
"What area of Florida can be described as a slow-moving, 60 mile wide river?","The Everglades is a slow-moving, 60-mile-wide river","Everglades | Everglades Agricultural Area | Everglades, Miami-Dade County, FL | Everglades, Miami-Dade County, Florida | Florida Everglades",1,0.4019,1.9231,26
"Which side did Lancashire beat in the last match of the 2008 County Cricket Championship, thus staving off all thoughts of relegation?",wales,"County of Somerset | Highway, Somerset | Nether Wessex | Outer Wessex | SOMERSET",0,0.9627,2.9131,26
Which English football ground features the 'Holte End'?,stamford bridge,Aston Lower Grounds | Doug Ellis Stand | Holte End | Holte end | Trinity Road Stand,0,0.973,2.8188,22
What name is given to describes the phenomenon of the gradual mixing of two different substances which are in contact?,diffusion,Diffuse | Diffusion | Diffusion rate | Rate of diffusion,1,0.8769,2.3536,22
Maria Dickin was the founder of which British animal charity in 1917?,royal guide dog,People's Dispensary for Sick Animals | Peoples Dispensary for Sick Animals,0,0.6417,1.6995,23
"To the tune of almost 46 million dollars (in then dollars), what noted philanthropist funded the construction of 1687 public libraries between 1886 and 1923?",john d. rockefeller jr.,A Carnegie | Andrew Carnegie | Andrew carnagie | Andrew carnegie | Carnagie Andrew,0,0.6396,2.3189,23
What was journalist Richard Littlejohn’s nickname for Cherie Blair?,"Littlejohn was a journalist for the Daily Mirror and the Daily Express, and he",The Wicked Witch | The Wicked Witch of the West | The Witch of the West | The Wizard of Oz/Wicked Witch of the West | WICKED WITCH,0,0.7604,2.4468,22
The 1968 children's story Tikki Tikki Tembo by Arlene Mosel is a humorous take on the perils of what?,The 1968 children's story Tikki Tikki Tembo by,Long names,0,0.6965,2.5055,23
Which Gilbert and Sullivan operetta is sub-titled The Slave of Duty?,The Pirates of Penzance,Pirates Of Penzance | Pirates of Penzance | Pirates of penzance | Pirates of the Penzance | The Pirates Of Penzance,1,0.9003,2.4197,22
In the Christian calendar what is the first day of Holy Week,Good Friday,Branch Sunday | Fir Sunday | Flowery Sunday | Jesus on a donkey | Palm Sunday,0,0.4463,2.0619,23
The town of Vittoria and the city of Ragusa can be found on which island?,sicily,Island of Sicily | Jewel of the Mediterranean | SICILY | Sicilia | Sicilly,1,0.5437,2.1701,22
"Where is the human body do you find the hammer, anvil, and stirrup?",skull,The Ear | The ear | Ucho | Ucho (film),0,0.4878,2.2788,23
A Brecon Buff is a variety of which type of creature,dragon,Anserini | Barheaded geese | Gander (goose) | Geese | Goose,0,0.7054,2.5947,23
Who did Alan Lake marry in 1968,"In 1968, he married the actress and singer, Joan Collins",Diana Dors | Diana Fluck | Diana Mary Fluck | Diana doors | Dors,0,0.9048,3.8709,22
Which zodiac sign is between Libra and Sagittarius?,leo,SCORPIO | Scorpio | Scorpio (disambiguation) | Skorpio,0,0.7013,1.935,22
"In professional darts, which player is nicknamed 'The Artist'?",dave brady,KEVIN PAINTER | Kevin Painter,0,0.9762,1.9634,26
What was the name of the home of the Norse gods?,The home of the Norse gods was the world tree Yggdrasil,Aasgard | Asaland | Asgaard | Asgard | Asgardr,0,0.4349,2.3637,23
What is the capital of Belize called?,The capital of Belize is called Belmopan,"BELMOPAN | Belmopan | Belmopan, Belize | Capital of Belize | Capital of belize",1,0.2363,1.7298,22
"Which modern day motor car company made the World War II Japanese aircraft, the 'Zero'?",toyota,EVLI | MITSUBISHI | Mitsubishi Denki Kabushiki-gaisha | Mitsubishi Electric | Mitsubishi Electric Corp,0,0.7806,0.5184,23
"To within a year either side, in which year were the proceedings of the House of Commons first televised?",1960,"1989 | one thousand, nine hundred and eighty-nine",0,0.711,1.6146,22
The day after Shrove Tuesday is known as ‘What’….Wednesday’?,pancake day,Ash Wed | Ash Wednesday | Ash wednesday | Ash-Wednesday | Imposition of ashes,0,0.7762,1.6203,26
How many James Bond films did Pierce Brosnan do?,"Pierce Brosnan played James Bond in 11 films, the most of any",4 | four,0,0.7812,2.2455,23
"Who has been under house arrest for 15 of the past 21 years, and was released from the latest sentence on 13 November 2010?","The 1997 conviction was overturned in 2004,",ASSK | Aang san suu kyii | Ang San So Kii | Ang San Su Chee | Assk,0,0.737,3.528,22
"Which star in the constellation of Ophiuchus, is just under six light years away and the fifth closest star to Earth?",tau vega,BARNARD'S STAR | Barnard Star | Barnard's Runaway Star | Barnard's Star | Barnard's star,0,0.6749,2.4876,23
"In the human body, what is stored in adipose tissue?",Adipose tissue is a form of connective tissue that stores energy in the,Dietary fat | Dietary fats | Fat | Fats and oils | Fatty oil,0,0.4849,2.0711,22
In what decade was Darwin's 'On the Origin of Species' first published?,Darwin's 'On the Origin of Species' was first published in 18,1850's | 1850-1859 | 1850s | 1850–1859 | Eighteen-fifties,0,0.4,1.6641,22
What company advertised itself with the slogan “We’ll leave a light on for you”?,johnson & johnson,Motel 6 | Motel Six | Motel6 | Studio 6,0,0.8428,3.4437,23
"Which continent has the world's highest waterfall, largest river by volume, longest mountain range, driest place, largest rainforest, highest capital city, and highest commercially navigable lake?",South America,America do Sul | América do Sul | Aouth america | List of national capitals in South America | Prehistory of South America,1,0.3318,1.3387,23
The opera Gloriana is by which English composer?,william byron,BENJAMIN BRITTEN | Ballets by Benjamin Britten | Baron Britten | Baron Britten of Aldeburgh | Benjamen Britten,0,0.848,2.2167,23
"What movie had a sexy, supernatural pottery scene?","the movie ""The Craft""",Apparition (supernatural) | Disembodied spirit | Earthbound spirit | GHOST | Ghost,0,0.8508,4.0597,23
Which animal completes the name of the stop-motion animated children’s TV series “Raa Raa the Noisy _____”?,sheep,African Lion | African lion | African lions | Felis leo | Kalahari lion,0,0.7499,3.3773,23
Euclid of Alexandria established the foundations of which branch of mathematics?,Euclid of Alexandria established the foundations of geometry.,Elementary geometry | Geomertry | Geometery | Geometic | Geometric,1,0.1439,1.107,22
What does the Islamic term Hadj signify?,"The term Hadj (Arabic: حج‎, ""pilgr",Al Haj | Al-Haj | Greater Hajj | Hadj | Hadjj,1,0.4,1.4872,22
What would a polyandric woman have more than one of?,A polyandric woman would have more than one husband,HUSBAND | The Husband,1,0.6415,1.1112,26
What was the name of the computer in the sitcom Red Dwarf?,"The computer in the sitcom Red Dwarf was named ""Kryten"".",Aquifoliaceae | Holly | Holly berry | Holly family | Ilex,0,0.8261,2.4393,23
Which Greek mythological creature has the body of a lion and the head and wings of an eagle?,pegasus,Axex | Grifen | Grifens | Griffin | Griffin/version 2,0,0.517,2.6567,23
Which US TV series is set in the Princeton-Plainsboro Teaching Hospital?,house,Domestic architecture | Dwellinghouse | HOUSE | History of houses | Houes,1,0.5012,1.9151,26
In which London thoroughfare is The Monument?,Tower Hill,Pudding Lane,0,0.5099,2.6194,22
"What does the title of the play ‘Die Rauber’, by German playwright Friedrich Schiller, translate to in English?",robbers,Die Raeuber | Die Rauber | Die Räuber | The Robbers,1,0.724,1.9447,23
"As well as municipalities, which country is made up of 26 states and one federal district?",brazil,BRAZIL | Barzil | Brasil | Brassil | Brazil,1,0.4681,1.1727,26
Which 19th century Frenchman invented a loom which enabled complex patterns to be woven; his name is remembered as one of these patterns?,Jacquard,(Joseph Marie) Jacquard | Jacquard Joseph Marie | Joseph Jacquard | Joseph Marie Charles | Joseph Marie Charles dit Jacquard,0,0.9349,2.2631,22
"What is the most abundant substance in the plant kingdom, which no mammal produces the enzyme to digest?",cellulose,Cellulolysis | Cellulolysys | Cellulolytic | Cellulose | Cellulose ester,1,0.5235,0.506,23
What is the US state capital of Vermont?,Montpelier,Montpelier | Montpelier (disambiguation) | Mountpelier,1,0.2004,0.7776,22
What do we call the fruit of the blackthorn?,cherry,Black thorns | Blackthorn | Blackthorn (plum) | Blackthorns | Porumbă,0,0.184,1.8542,26
Which character did Felicity Kendall play in 'The Good Life'? (Christian name and surname required),"Felicity Kendall played the character of ""Lena"" in the television series """,Barbara Good,0,0.98,3.766,22
Where has Baroness Royall of Blaisdon led the opposition since May 2010?,"Baroness Royall of Blaisdon, a Conservative peer, has led the",British House of Lords | English House of Lords | Gilded Chamber | House Of Lords | House of LORDS,0,0.7396,1.7462,23
The adjective vulpine refers to which animal?,The adjective vulpine refers to a fox,F O X | F. O. X. | F.O.X. | FOX | FOX (TV),1,0.1545,1.7582,22
What is the currency of India?,The Indian rupee is the currency of India,Generic Rupee Sign | Generic rupee sign | Roupee | Rs. | Rupee,1,0.3907,1.3679,26
Codlin and Short are Punch and Judy men in which novel by Charles Dickens?,The Pickwick Papers,Daniel Quilp | Kit Nubbles | Old Curiosity Shop | Quilp | The Old Curiosity Shop,0,0.8403,1.5966,22
"Sir William Herschel discovered which planet, calling it 'George's Star', in honour of King George the Third?",uranus,34 Tauri | 7th planet | Astronomy Uranus | Discovery of Uranus | George's Star,1,0.5913,0.6814,23
In which Spanish city is the Alhambra Palace located?,granada,Eliberri | Elibyrge | Elybirge | Granada | Granada (city),1,0.2794,1.3729,23
Which islands were ceded to Britain by Spain in 1771?,The Treaty of Utrecht (1713) ceded the islands of,British Overseas Territory of the Falkland Islands | Colony of the Falkland Islands | Crime in the Falkland Islands | Crown Colony of the Falkland Islands | Demographics of Falkland Islands,0,0.6257,1.7733,23
Claude Littner is the new face in the latest series of which programme?,The Big Brother,"Apprentice, The | The Apprentice | The Apprentice (disambiguation) | The Apprentice (novel) | The Apprentice: The Ultimate Job Interview",0,0.8969,3.046,22
What football team did Arsene Wenger manage immediately before Arsenal?,Arsene Wenger managed Arsenal immediately before he took over as manager of the club,(NAGOYA) GRAMPUS EIGHT | Grampus 8 | Grampus Eight | Nagoya Grampus | Nagoya Grampus Eight,0,0.8952,1.724,26
Who painted ‘Le dejeuner sur I’herbe’ in 1863?,Pierre-Auguste Renoir,(Edouard) Manet | Edouard Manet | Edouard manet | Eduard Manet | Edward Manet,0,0.4515,2.6623,22
Name the author of the 1993 Booker prize-winning novel `Paddy Clarke Ha Ha Ha'.,paul coelho,RODDY DOYLE | Roddy Doyle,0,0.9061,3.6793,23
"A tourist attraction near Alliance, Nebraska created by Jim Reinders using vintage cars is styled after what monument?",The Lincoln Memorial,Blick Mead | Giant's Dance | Stone Henge | Stone hedge | Stone henge,0,0.8057,3.0816,23
What consumer electronics product shares its name with the common name of the fruit Rubus Fructicosis?,raspberry,BLACKBERRY | Black-berry | Blackberries | Blackberry | Blackberry (fruit),0,0.701,1.4103,26
Who said “I married beneath me. All women do.”?,The answer to this question is,"Astor, Nancy Witcher Langhorne, Viscountess Astor | Lady Astor | Lady Nancy Astor | Nancy Astor | Nancy Astor (mini-series)",0,0.8791,3.9966,23
"""Which pop group originally called """"Garden Wall"""" changed their name when it was said they were """"Born"""" their first top ten hit was """"Follow you Follow me"""" in 1978?""",the beatles,Book of Genesis (disambiguation) | Genesis | Genesis (Album) | Genesis (album) | Genesis (disambiguation),0,0.964,2.2239,23
In what year was the Battle of Stamford Bridge?,The Battle of Stamford Bridge was fought on 25 September 106,1066 | one thousand and sixty-six,0,0.7456,1.0357,22
The 1958 film ‘Gigi’ was based on the novel by which French author?,edgar allan poe,Cheri (novel) | Colette | Colette Willy | Gabrielle Colette | Sidonie Colette,0,0.8496,2.7304,26
Which musical term means ‘very loud’?,forte,Calando | Crecscendo | Crescendo | Decrescendo | Diminuendo,0,0.2226,1.5437,22
In which modern day country was Gustav Mahler born?,germany,4esko | Administrative divisions of the Czech Republic | Bohemia-Moravia | CZR | Cech Republic,0,0.3568,1.551,22
In the 2015 MTV awards who was voted as the best male act,The best male act at the 2015 MTV Video Music Awards was,@Justinbieber | @justinbieber | Beiber | Belieber | Beliebers,0,0.9371,3.2419,23
Which racecourse hosts the Welsh Grand National?,The Welsh Grand National is a horse race held at Aintree Racecourse in Liverpool,CHEPSTOW | Cas Gwent | Cas-gwent | Chepstow | Chepstowe,0,0.7686,1.7812,26
Most of the world's caviar comes from where?,The Caspian Sea,Apsheron Sill | Apsheron Threshold | Caspian Lake | Caspian Ocean | Caspian Sea,1,0.2109,2.4974,26
"What is prussic acid, found in bitter almonds and laurel leaves, also known as?",prussic acid,74 90 8 | 74-90-8 | 74908 | Bleiby process | Carbon hydride nitride,1,0.6201,1.5653,22
Name the year: Hirohito dies; The Exxon Valdez runs aground; San Francisco suffers its worst earthquake since 1906.,1948,"1989 | one thousand, nine hundred and eighty-nine",0,0.4892,0.7823,26
In which city did Field Marshal Freidrich Paulus surrender in January 1943?,stalingrad,Caricyn | Stalingrad | Tsaritsyn | Tsaritzyn | Volgagrad,1,0.5082,1.7638,22
What is the longest river in Canada?,"The Mackenzie River is the longest river in Canada, flowing 5,4",Deh Cho River | Disappointment River | MacKenzie River | Mackenzie River | Mackenzie River Delta,1,0.332,1.5839,23
How many times was Wyatt Earp shot?,Wyatt Earp was shot 3 times,None | None (disambiguation),0,0.6459,2.2716,23
"Skeletal, Smooth, and Cardiac are all types of what?",Smooth muscle,Branchialis | Characteristics of muscle | Gross anatomy of muscles | Human muscle | Lean muscle,1,0.506,2.3619,22
What city do The White Stripes and Kid Rock come from?,"The White Stripes and Kid Rock are both from Detroit, Michigan","2014 Southeastern Michigan flood | City of Detroit | City of Detroit, Michigan | Demographic profile of Detroit | Demographics of Detriot",1,0.6602,1.7894,23
"Which future Hollywood star got her break as Wonder Girl, Wonder Woman's sister Drusilla?",linda hamilton,Deborah Winger | Debra Winger | Mary Debra Winger,0,0.8959,2.9512,22
"Lucrezia, Cesare, and Rodrigo were part of what papal family?","The papal family of the Medici, which included Lorenzo de' Medici",Borgia | Borgia Family | Borgia family | Borgian | Borgias,0,0.6066,2.4525,22
"""In which opera would you find the """"Anvil Chorus""""?""",the ring cycle,Azucena (gypsy) | Dei miei bollenti spiriti | II Trovatore | IL TROVATORE | Il Trovatore,0,0.782,2.4743,22
(When discovered Jan 2013) the largest known structure in the universe - a large quasar group named 'Huge-LQG' - would take how many years to cross if travelling at the speed of light?,"100,000 years",4 billion | 4billion | four billion,0,0.6994,1.6545,22
What is the capital of Malta?,Valletta,Capital of Malta | Citta Umilissima | Città Umilissima | Il-Belt Valletta | La Valleta,1,0.339,1.564,23
"The painters Theodore Rousseau and Jean-Francois Millet were prominent members of which 19th century French school of landscape painters, named after the town in Fontainbleu Forest where the artists gathered?",Barbizon School,BARBIZON SCHOOL | Barbizon School | Barbizon movement | Barbizon painters | Barbizon school,1,0.4596,2.1974,23
The plant Atropa Belladonna is better known as what?,The plant Atropa belladonna is better known as Deadly Nightshade,Atropa Belladonna | Atropa bella-donna | Atropa belladona | Atropa belladonna | Belladonna (plant),1,0.3322,1.4957,22
The War of Bavarian Succession was fought between Austria and which other country?,The War of Bavarian Succession was fought between Austria and Prussia.,P:RUSSIA | PRUSSIA,1,0.5476,2.3028,23
The 'Vuvuzela' is traditionally made from the horn of which antelope?,The 'Vuvuzela' is traditionally made from the horn of the Water,KUDU,0,0.4435,2.5108,23
James A Michener wrote the stories upon which musical was based?,The Sea,South Pacific | South Pacific (disambiguation) | South Pacific (film) | South pacific | The South Pacific,0,0.7997,3.2223,23
Who designed Madonna's wedding dress for her marriage to Guy Ritchie?,"The dress was designed by the British fashion designer, Alexander McQueen",Alasdhair Willis | Alistair Willis | Stella Mc Cartney | Stella McCartney | Stella McCartney for Chloe,0,0.7987,3.2756,23
"In the Bible, how many psalms make up the Book of Psalms?",The Book of Psalms contains 150 psalms,150 | one hundred and fifty,1,0.4822,1.0641,23
Which Hollywood actor was married to Uma Thurman 1998 - 2004?,kate winslet,ETHAN HAWKE | Ethan Hawk | Ethan Hawke | Ethan Hawke filmography,0,0.976,2.7603,22
"In which country are the 'Cro-Magnon Caves', after which a type of early humans were named?",france,Belle France | Climate of France | Etymology of France | FRANCE | FRance,1,0.4448,1.1471,23
‘The Way I Am’ is a 2008 autobiography by which US singer?,kelly clarkson,8 Mile Style | Bassmint | Bruce Mathers | Debbie Mathers | Debbie mathers,0,0.9193,2.503,22
"The four radioactive series titled Thorium, Neptunium, Radium/Uranium and Actinium all decay eventually to stable isotopes of what element?",uranium,Atomic number 82 | Element 82 | LEad | Lead | Lead (element),0,0.437,2.1212,23
What is the offspring of a male lion and a tigress called?,lioness,Hercules (liger) | Ligar | Liger | Ligers | Ligress,0,0.3784,1.3447,23
"Supposedly a hangover cure, which drink consists of a raw egg, Worcestershire sauce and typically a hot sauce with condiments?",hangover cure,PRAIRIE OYSTER | Prairie Oyster | Russell deCarle,0,0.7848,3.2146,23
What post was held by Winston Churchill during the 1926 General Strike in the UK?,Winston Churchill was appointed First Lord of the Admiralty in 1911,Chancelier federal | Chancelier fédéral | Chancellier federal | Chancellier fédéral | Chancellor,0,0.7071,2.1278,23
"Late English criminal Bruce Reynolds masterminded which infamous robbery, which he later referred to as his ‘Sistine Chapel ceiling’",the robbery of the Bank of England,Great Train Robbery | Great train robbery | The Great Train Robbery | The Great Train Robbery (1903 movie) | The Great Train Robbery (disambiguation),0,0.8677,2.7408,23
Who played Frankenstein in the 1994 film of the same name?,Michael Caine,"Branagh | Branagh, Kenneth | Ken Branagh | Kenneth Branagh | Kenneth Brannagh",0,0.8378,3.2018,23
In World War 2 what was the American equivalent of the Chindits?,The American equivalent of the Chindits was the 77th Infantry Division,MERRILL' S MARAUDERS,0,0.7214,1.7718,26
Karl Eisner created which multitool?,The Karl Eisner multitool was a popular tool in the 193,Soldatenmesser 08 | Swiss Army Knife | Swiss Army knife | Swiss Army knives | Swiss army knife,0,0.7482,2.0591,23
"If you ordered carre d'agneau in a French restaurant, what would you be served?","If you ordered carre d'agneau in a French restaurant, you would",(Rack of) Lamb | Carre D'agneau | Carre d'agneau | Carré D'agneau | Carré d'agneau,1,0.6551,2.448,26
Nine of the ten tallest buildings in Germany are in which city?,berlin,Franckford | Franfurt | Frankfort On Main | Frankfort on Main | Frankfort on the Main,0,0.5779,1.1943,26
Which was the first Liverpool group to top the UK chart?,The Beatles,Gerry & The Pacemakers | Gerry & the Pacemakers | Gerry And The Pacemakers | Gerry and the Pacemakers | Jerry & the Pacemakers,0,0.9755,1.7474,26
The rowan tree is also known as the Mountain ‘what’?,mountain ash,Ash | Ash (disambiguation),1,0.5178,1.2385,22
Who played M in the Bond film Goldeneye,Pierce Brosnan,Dame Judi | Dame Judi Dench | Dame Judith Dench | Dame Judy Dench | Judi Dench,0,0.959,2.6056,22
Who appears on the reverse of the current Bank of England £10 note?,"The reverse of the note shows the Bank of England's coat of arms, the",C darwin | C. R. Darwin | CR Darwin | Charels darwin | Charles Darwin,0,0.6683,2.4769,22
"Nicknamed “Old Grog”, which 18th century Admiral ordered the watering down of Royal Navy rum rations?",john elliot,Admiral Edward Vernon | Admiral Vernon | Edward Vernon | Old Grog | Vice Admiral Edward Vernon,0,0.8929,1.618,22
What is another name for the flower known as the snapdragon?,The snapdragon is a type of flower that is also known as the dragon's,ANTIRRHINUM | Antirrhinum | Snap dragon | Snap dragons | Snap-dragons,1,0.3638,2.1688,26
"In Japanese sporting world, one of the more unusual memorabilia that can be purchased is the 'tegata.' This is the sumo version of what?",kimonos,Autograph | Autograph clubs | Autograph collecting | Autographed | Autographs,0,0.6534,3.4915,22
What is the surname of singer Florence of 'Florence and the Machine' ?,The surname of singer Florence of 'Florence and the Machine' is Jones.,Royal Glamorgan Militia | The Welch | The Welch Regiment | The Welsh Regiment | WELCH,0,0.828,3.5824,23
The island called Martha's Vineyard off the south of Cape Cod in New England is in which state of the USA?,massachusetts,6th State | Commonwealth of Masachusets | Commonwealth of Masachusetts | Commonwealth of Masachussets | Commonwealth of Masachussetts,1,0.2931,0.1288,23
"""What single word sounds like """"Youth in Asia""""?""",youth,Assisted dying | Doctor-assisted suicide | Euphanasia | Euthanasation | Euthanasia,0,0.9588,1.2705,22
"In fashion Straight Cut, Boot Cut and Skinny are all types of what?",pants,Blue Jeans | Blue jean insulation | Blue jeans | Blue-jeans | Bluejeans,0,0.4623,2.3101,23
The legendary Hercules was said to have what quality?,The legendary Hercules was said to have the strength of ten men,High strength | Party strengths | Strenght | Strength | Strength (album),1,0.6174,2.4742,23
The towns of Bangor and Carrickfergus lie on opposite shores of which Lough in Northern Ireland?,lough neagh,BELFAST LOUGH | Belfast Lough | Carrickfergus Bay,0,0.6312,1.0288,23
Michelangelo Merisi (or Amerighi) is the birth name of which artist?,reni,Caravage | Caravaggesque | Caravaggiesque | Caravaggio | Caravaggio (Michaelangelo Morigi),0,0.4732,1.361,22
Which crusade was led by Philip II Augustus of France and Richard I of England?,The Third Crusade was led by Philip II Augustus of France and Richard I,3rd Crusade | 3rd crusade | Crusade of 1189 | Kings crusade | Kings' Crusade,1,0.4361,1.1694,23
"In the TV sit-com 'Red Dwarf', what was the name of the ship's sentient computer?",red dwarf,'HOLLY' | Aquifoliaceae | Holly | Holly berry | Holly family,0,0.8144,3.0879,23
Pompey the Great and Crassus were two of the 'First Triumverate' in 60 BC. Who was the third?,julius caesar,C. Julius Caesar | CAIVS IVLIVS CAESAR | Caesar | Caesar Dictator | Caesar complex,1,0.5606,1.7351,22
"""""""Wouldn't it be nice"""", """"God only knows"""" and """"Sloop John B"""" were songs from which 1966 album?""","The 1966 album that featured the songs ""Wouldn't It",Faux mono | Pet Sounds | Pet Sounds (album) | Pet Sounds: 40th Anniversary | Pet sounds,0,0.976,2.7975,22
What year did the cable television network ESPN made its debut broadcasting and producing sports-related programming 24 hours a day?,"ESPN was launched on October 5, 1979, as a","1979 | one thousand, nine hundred and seventy-nine",1,0.6109,1.9468,23
In which town in Kent is the Shepherd Neame brewery located?,Shepway,"Faversham | Faversham Rec | Faversham, England | Faversham, Kent | Feversham, Kent",0,0.6999,1.9176,23
Elvis Presley sang a few lines in German on which US hit song?,blue suede shoes,Wooden Heart,0,0.8874,3.3157,23
Which Eastenders actor has played the policeman Nick Rowan on TV?,johnny gosling,Nick Berry,0,0.9597,3.5581,22
Jazz musician Jelly Roll Morton is associated with which instrument?,piano,PIANO | The Piano | The Piano (film),1,0.4356,1.4586,23
A set of traditional laws called Kanun influence life in what mountainous European country?,The Kanun is a set of traditional laws that influence life in the mountainous,AlbaniA | Albania | Albania (Balkans) | Albanie | Albanija,0,0.5132,2.5077,26
What techno group was formed in Düsseldorf in 1970?,The group was formed in Düsseldorf in 1970 and was named,Craft Werk | Craft Work | Craft werk | Craft work | Craft-Werk,0,0.8315,2.6266,23
Who painted Girl with a Pearl Earring?,Jan Vermeer,Catherina Bolnes | Jan Vermeer | Jan Vermeer van Delft | Jan van Der Meer | Jan van der Meer,1,0.5368,2.4691,23
Which Scot did Bob Crow succeed in 2001 as General Secretary of the RMT Union?,"In 2001, Bob Crow succeeded in 2001",JIMMY KNAPP | Jimmy Knapp,0,0.8545,2.5884,23
Which precious gem is the birthstone for May?,emerald,Emerald | Emeralds | Smaragdos | Synthetic emerald | The Emerald Streak,1,0.464,0.6722,23
"Which 1969 film, based on a stage musical, marked the directorial debut of Richard Attenborough?",charlie and the chocolate factory,Bertie Smith | OH! WHAT A LOVELY WAR | Oh! What A Lovely War | Oh! What A Lovely War! | Oh! What a Lovely War,0,0.9538,1.8542,22
"On a standard dartboard, which number lies between 4 and 6?",The number 5 lies between 4 and 6.,13 | thirteen,0,0.6184,1.2981,22
The word barber - meaning a men's/boy's hairdresser - is from Latin meaning?,barber,Beard | Bearded | Bearded people | Beards | Five o'clock shadow,0,0.5805,2.518,23
"Eddie, Lou, and Clancy are the face of law and order on what long running tv show?",blue bloods,500 Easy Pieces | A to Z (Simpsons TV ad) | Bart's Homework | Bart's Karate Lesson | Bart's Nightmare (Simpsons TV ad),0,0.8681,2.5939,22
Who was the first British astronaut?,"The first British astronaut was Colonel John Cunningham ""Jack"" Fairbairn-W","Helen P Sharman | Helen P Sharman OBE FRSC | Helen P. Sharman | Helen P. Sharman OBE FRSC | Helen P. Sharman, OBE FRSC",0,0.6798,2.0234,22
In which city would you find O'Hare International Airport?,chicago,Ariel Community Academy | Chcago | Chi City | Chi town | Chi-Beria,1,0.2094,0.792,26
A schism normally refers to a split within what sort of institution?,The schism of the 1054 Great Schism between the Eastern,Church | Church (disambiguation) | Church (ward) | Church sign | Church ward,0,0.5436,3.0919,23
The age of the railway began in which year with the introduction of the Liverpool-Manchester line?,1830,"1830 | one thousand, eight hundred and thirty",1,0.6539,0.9372,26
Ursus arctos horribilis is the scientific name of which animal?,grizzly bear,American Grizzly | American Grizzly Bear | American Grizzly bear | GRIZZLY BEAR | Grizzlar Bear,1,0.36,1.0666,22
Which dynasty ruled China from 1368 to 1644,Ming dynasty,Army of the Ming Dynasty | Capitals of the Ming Dynasty | China under Ming Dynasty rule | Code of the Great Ming | Decline of the Ming Dynasty,1,0.439,0.7891,26
"Typically worn in rural areas while hunting, what type of hat became a stereotypical head wear of a detective because of its association with Sherlock Holmes?",fedora,Deer stalker | Deer stalker cap | Deer stalker caps | Deer stalker hat | Deer stalker hats,0,0.65,0.655,23
In what Beijing square were democracy activists massacred in 1989?,Tiananmen Square,Abkai elhe obure duka | Chengtianmen | Gate of Heavenly Peace | Tian An Men | Tian An Men Gate,1,0.4254,0.2357,23
What was the name of the old Waddington’s game based on newspapers?,"The game was based on the newspaper The Daily Mirror, and was called Mirror Mirror",SCOOP | Scoop | Scoop (disambiguation) | Scoop (film) | Scooping,0,0.76,2.4857,23
Hillary Mantel won the 2009 Booker Prize with which novel?,"""Wolf Hall""",WOLF HALL | Wolf Hall | Wolf Hall (novel) | Wolf Hall (play),1,0.7173,2.906,22
"""In the TV version of """"The Odd Couple"""", the part of Felix Ungar was played by Tony Randall. Which actor played the part in the original 1968 film?""",The actor who played the part of Felix Ungar in the original 19,JACK LEMMON | Jack Lemmon | Jack Lemon | Jack lemmon | John Uhler %22Jack%22 Lemmon III,0,0.9306,3.2521,23
What courtesy title is held by the heir to the Marquis of Bath?,The heir to the Marquis of Bath is styled as Viscount Bath,Baron Thynne | Lord Bath | Lord Weymouth | Marquess of Bath | Marquis of Bath,1,0.8551,1.8565,22
Dave and Ansell Collins had a U.K No 1 hit with which song?,"""I'm Not the Only One""",DOUBLE BARREL | Double Barrel | Double barrel,0,0.9569,3.0714,23
Which title characters adventures took place on the Isle of Sodor?,"The adventures of the title characters took place on the Isle of Sodor, a",Thomas The Tank Engine | Thomas the Tank | Thomas the Tank Engine | Thomas the Tankengine | Thomas the Train,0,0.8665,1.7146,26
Which tennis player was dubbed ‘Superbrat’ by the British press?,john mcenroe,John MacEnroe | John Macenroe | John McEnroe | John McInroe | John Mcenroe,1,0.9041,2.4821,22
Whose playing of the part of Enrico Bandello in the film 'Little Caesar' brought him to stardom?,john huston,"Edward G Robinson | Edward G. Robinson | Edward Goldenberg Robinson | Emanuel Goldenberg | Robinson, Edward G.",0,0.9574,2.4642,26
"""Which Scottish actress played Catherine of Aragon in the 1970 TV series, """"The Six Wives of Henry VIII"""", but is much better known for her role as Margaret Meldew in """"One Foot in the Grave""""?""",kathleen quinn,ANNETTE CROSBIE | Annette Crosbie | Annette Crosby,0,0.9876,3.4504,22
"She was the title character on TV’s ‘Ellen’, who ‘came out’ on the front of Time magazine?",Ellen DeGeneres,Ellen DEGENERES | Ellen De Generes | Ellen DeGeneres | Ellen DeGeneris | Ellen Degeneres,1,0.8007,2.5308,23
During World War II in which country did the Battle of the Kasserine Pass take place?,The Battle of the Kasserine Pass was fought in Morocco and Algeria in February,Administrative divisions of Tunisia | Al-Jumhūriyya at-Tūnisiyya | Ancient tunisia | Classical tunisia | Etymology of Tunisia,0,0.4571,2.1801,23
Which European country's flag is a blue cross on a white background?,sweden,Etymology of Finland | FINLAND | Fin land | FinlanD | Finland,0,0.6147,1.4469,23
"""How many films were made by director Sir Peter Jackson from Tolkien's short book, """"The Hobbit""""?""",3,3 | three,1,0.7237,1.2308,26
Which artery is the main source of blood for the leg?,femoral artery,Arteria femoralis | Arteria femoralis profunda | Arteria femoralis superficialis | Common femoral artery | Femoral Arteries,1,0.3418,1.7022,23
"Located in North Carolina, which is both the highest mountain in the Appalachians and the highest mountain east of the Mississippi?",Mount Mitchell,"MOUNT MITCHELL | Mount Mitchell | Mount Mitchell (North Carolina) | Mount Mitchell, North Carolina | Mt Mitchell",1,0.433,1.4801,26
What is the capital city of Saudi Arabia?,The capital of Saudi Arabia is Riyadh,Al Riyadh | Al-Urayja | Ar Riyad | Ar Riyadh | Ar Riyyad,1,0.2256,1.3564,23
Who has been married to actor James McAvoy since 2006?,jessica jones,ANNE-MARIE DUFF | Anne Marie Duff | Anne-Marie Duff,0,0.8712,3.6778,23
"What red fruit-juice-based drink whose name alludes to energy was first produced by John Noel Nichols in Manchester, 1908?",orange juice,John Noel Nichols | Vimpto | Vimto,0,0.9056,2.1211,22
"Which French writer said “Short as life is, we make it still shorter by the careless waste of time”?",henri mitterand,"Hugo, V. | Hugo, Victor | Hugo, Victor Marie | V Hugo | V. Hugo",0,0.8235,2.5651,23
Who was the first US president Barbara Walters interviewed?,"Barbara Walters, the first US president to be interviewed by a woman, was the",37th President of the United States | Arthur Burdg Nixon | Arthur Nixon | Dick Nixon | Harold Nixon,0,0.6578,2.022,22
"'The Rape Of The Sabine Women', housed in the Loggia dei Lanzi in Florence, is perhaps the best known work of which Mannerist sculptor born in Flanders in 1529?",Donato Bramante,GIAMBOLOGNA | Giambologna | Gianbologna | Giovanni Bologna | Giovanni Da Bologna,0,0.8069,1.6845,22
The Battle of Corunna (1809) took place in which war?,peninsular war,Armée d'Andalousie | Armée d'Arragon | Armée d'Espagne | Armée de Catalogne | Armée du portugal,1,0.2611,1.7089,22
What railway line is green on the traditional map of the London Underground (Tube)?,The green line is the Metropolitan line,District Line | District line | District line diagram,0,0.573,1.9509,22
"On British television, John Steed and Emma Peel were known collectively as what?",The Avengers,"Avengers | Avengers (cartoon) | Avengers (film) | Avengers, The | The Avengers",1,0.8225,2.7552,26
Lloret de Mar lies on which Spanish costa?,Costa Brava,Costa Brava | Costa brava,1,0.4667,2.0592,22
From which country does the cheese emmental originate?,The cheese is made from cow's milk and is produced in the cantons of,Confederatio Helvetica | Confederation Helvetia | Confederation Helvetica | Confederation Suisse | Confederation of Helvatia,0,0.6397,2.4926,26
What was the nickname of the French singer Edith Piaf?,"The French singer Edith Piaf was known by the nickname ""La M",Little Sparrow | The Little Sparrow,0,0.6529,2.8381,22
Where in a vertebrate would you find the protein myoglobin?,"The vertebrate heart contains myoglobin, a protein that binds oxygen and is found",Muscle tissue,0,0.3165,2.3918,22
Cassandra was the pseudonym of which writer in the Daily Mirror?,george orwell,William Connor | William Neil Connor,0,0.946,3.7615,22
The English Football Association banned (What?) from 1921 to 1971 at its member clubs?,footballers,Women's Football games,0,0.9043,2.7651,23
What was the nickname of tennis player Mark Philippoussis?,The 2004 Wimbledon Championships,R-1/8K11 | R-17 (missile) | R-17E | R-300 | R-300 Elbrus,0,0.8385,3.0638,26
"""What is the last name of """"Oprah""""?""","The last name of ""Oprah"" is Winfrey. Oprah Winfrey",Winfrey,1,0.5208,1.723,22
Who succeeded Brezhnev as Soviet premier?,"In 1985, Mikhail Gorbachev was elected General Secretary",Andropou | Andropov | Juri Andropov | Jurij Andropov | Jurij Vladimirovic Andropov,0,0.3814,2.0088,26
"What kind of disaster claimed some 100,000 lives in Armenia in 1988?",The earthquake in Armenia in 1988 claimed the lives of 1,Causes of earthquakes | Earth quake | Earth quakes | Earth tremor | Earthquake,1,0.5889,2.0597,22
Which principality was established in 1278 by the Treaty of Joint Suzerainty?,The Treaty of Joint Suzerainty of 1278 was signed between,ANDORRA | AndorrA | Andorra | Andorra/Military | Andorran Navy,0,0.611,2.5292,22
What nationality was the painter Vincent Van Gogh?,dutch,Dtuch | Dutc | Dutch | Dutch (disambiguation),1,0.3219,0.8831,23
"What was the name of the boutique run by Malcolm McLaren and Vivienne Westwood at 430 King’s Road, London, between 1974 and 1976?",Vivienne Westwood,Anatomical sex | Aphrodisiasm | Biological sex | Biological sexes | Genetic sex,0,0.8247,2.6164,26
Who is the patron saint of music? (Feast Day 22nd November),Saint Cecilia,Cecilia (saint) | Cecilia of Rome | Saint Cecilia | Saint Cecilia's Day | Sancta Caecilia,1,0.7127,0.8874,23
What was the name of the old Waddington’s game based on newspapers?,"The game was based on the newspaper The Daily Mirror, and was called Mirror Mirror",SCOOP | Scoop | Scoop (disambiguation) | Scoop (film) | Scooping,0,0.76,2.4857,23
'(What?) integration' refers to a corporation acquiring or otherwise taking control of connecting activity/ies in a supply chain?,supply chain,Vertical | Vertical (disambiguation) | Verticality | Verticals | ↕,0,0.5298,1.607,23
How many squares are found along one side of a Scrabble board?,15,15 | fifteen,1,0.5834,0.8678,26
"The invention of what in 1867, made Alfred Nobel famous?",The invention of dynamite in 1867 made Alfred Nobel famous,Dinamite | Dynamite | Dynamited,1,0.5075,1.6569,23
Which country used to be called Southern Rhodesia?,southern africa,Chimpabwe | Cuisine of Zimbabwe | Etymology of Zimbabwe | Health care in Zimbabwe | ISO 3166-1:ZW,0,0.4584,1.8635,23
"Which drink, popular in the Middle Ages, is prepared by curdling hot milk with wine or ale, and adding spices?",cream of tartar,A POSSET | Posset,0,0.6326,2.6568,23
"The Dardanelles and the Bosporus, straits which separate Europe from the mainland of Asia, run through which country?",turkey,Etymology of Turkey | ISO 3166-1:TR | Republic of Turkey | Republic of Turkiye | Republic of turkey,1,0.2294,0.1264,23
Which chemical element is represented by the symbol ‘Rn’?,radon,Actinon | Element 86 | Emanation (chemistry) | Household radon | Niton (element),1,0.3795,0.2055,26
For what purpose was the leaning tower of Pisa originally built,to house the city's cathedral,Bell tower | Bell towers | Bell-tower | Belltower | Campanile,0,0.5287,2.3824,23
"In what year was the first episode of Doctor Who broadcast? 1959, 1963 or 1967?",1963,"1963 | one thousand, nine hundred and sixty-three",1,0.1912,0.2885,22
To which animal does the adjective caprine refer?,The adjective caprine refers to a goat,Billies | Billy Goat | Billy goat | Billygoat | Capra aegagrus hircus,1,0.4521,1.8079,23
What was the name given to the German annexation of Austria in 1938?,The annexation of Austria by Nazi Germany in 1938 was known,Anchluss | Annexation of Austria | AnschluB | Anschluss | Anschluß,1,0.4619,1.6885,22
In law what term translates from the Latin meaning 'elsewhere'?,extraterritorial,Alaby | Alibi | Alibi (law) | Alibi agency | Alibi network,0,0.6808,1.516,22
What word connects bermuda with a Scottish Racecourse?,"The word ""course"" connects Bermuda with a Scottish racecourse.",HAMILTON | Hamilton | Hamilton (Disambiguation) | Hamilton (disambiguation) | Hamilton (film),0,0.8163,2.7693,23
"Which American football quarterback is the only player to win the AP Most Valuable Player three consecutive times (199597) and holds NFL records including most passing yards (65,127), most pass completions (5,720), and most career victories as a starting quarterback (169)?",Drew Brees,Bret Farve | Bret Favre | Brett Farve | Brett Favre | Brett Lorenzo Favre,0,0.7859,2.2656,22
How many symphonies did Jean Sibelius complete?,Sibelius's symphonies are among the most popular of all 2,7 | seven,0,0.6124,2.5112,23
Who is the only US President who did not speak English as his first language?,The only US President who did not speak English as his first language was John Quincy,8th President of the United States | Eighth President of the United States | Little Magician | Maarten van Buren | Martin Van Buran,0,0.694,2.5738,26
What is the most common surname in Korea?,The most common surname in Korea is Lee,KIM | Kim | Kim (disambiguation) | Kim (film) | Kim (name),0,0.4861,2.4469,22
"Which conflict began in England in 1455 after King Henry VI, following a troubled reign, had a long period of mental withdrawal?",The Wars of the Roses,Rebellion of 1483 | The War Of The Roses | The War of The Roses | The War of the Roses | The Wars of the Roses,1,0.5367,1.0832,23
What term was popularized by Nobel Prize-winning Paul Crutzen to replace 'Holocene' epoch on the Geological Time Scale as he felt that the influence of humans on Earth is significant?,Anthropocene,Anthrocene | Anthropocene | Antropocene | Homogenocene | Human World,1,0.4485,1.4502,22
What was the middle name of the character 'Albert Steptoe' from the t.v. series 'Steptoe and Son'?,"The middle name of the character Albert Steptoe from the TV series ""Ste",'LADYSMITH' | Ladysmith | Ladysmith (disambiguation),0,0.9957,3.5004,22
What planets orbit takes it the furthest away from the sun?,The planets that orbit the Sun the furthest away are Neptune and Pluto,8th planet | Astronomy Neptune | Atmosphere of Neptune | Eighth planet | Le Verrier's planet,1,0.4824,2.108,23
In Kipling's 'The Jungle Book' what kind of creature is Hathi?,A bear,AN ELEPHANT | Elephant (disambiguation) | Elephant (film) | Elephant (song) | L'Elephant,0,0.5978,2.9753,23
Which language gave English the word honcho as in “head honcho”?,Japanese,Japanese | Japanese (disambiguation) | Japanesse | Japanesе | Japnese,1,0.633,2.2626,26
What colour are the two stars on the national flag of Syria?,green,"(0, 255, 0) | Avacado (color) | Green | Green (color) | Green (colour)",1,0.5202,1.9936,23
Retailer Fortnum and Mason opened its first new UK store for more than 300 years at which London station in November 2013?,st paul's,Cathedral of the Railway | Cathedral of the railways | London Saint Pancras | London Saint Pancras International railway station | London Saint Pancras railway station,0,0.8414,2.9374,23
Which city was the capital of Italy from 1865 to 1871?,rome,"Firenze | Firenze, Italy | Florence | Florence (Italy) | Florence, Italy",0,0.2376,1.6195,26
"The Bible tells of 3 wise men visiting Jesus after his birth, but in which of the Gospels does this appear?",Matthew,Matay | Matt. | Mattheus | Matthew | Matthew (disambiguation),1,0.4033,1.03,26
Who was known as Dr Angelicus?,"The first was the German theologian and philosopher, Dr. Angelicus, who","Angelic Doctor | Aquinas | Aquinas, Saint Thomas | Aquinas, Thomas | Doctor Angelicus",0,0.594,3.4583,26
How many are in a gross?,A gross is a unit of measurement equal to 144,144 | one hundred and forty-four,1,0.5811,1.2718,23
England won the 1966 World Cup beating Germany 4-2. Hurst scored 3 of England's goals who scored the other?,harold harvey hurst,Martin Peters,0,0.9259,2.9012,23
Formula 1 driver Ayrton Senna died while leading the 1994 San Marino Grand Prix at which motor racing circuit?,monza,Forum Cornelii | Imola | Imolensis | Rocca Sforzesca | Ìmola,0,0.6058,1.3564,23
"What is the name of the test cricket venue in Manchester, England?",The ground is named after the former England cricketer and former England captain Alec,Aeroflot Stadium | Manchester United Museum | Old Trafford | Old Trafford (football ground) | Old Trafford (football),0,0.8104,2.5056,26
"In the TV sit-com 'Porridge', a youngish David Jason played the part of which old man?",sir gilbert,'BLANCO' (Webb) | Blanco Webb,0,0.9673,3.5297,22
"In the West Indies, what is the collective name for Cuba, Hispaniola, Jamaica and Puerto Rico ?",cuba hispaniola jamaica puerto rico,Antillas Mayores | GREATER ANTILLES | Grandes Antilles | Greater Antilles | Major Antilles,0,0.5022,1.7169,22
What was the first hospital soap opera on ITV,"The first hospital soap opera on ITV was Coronation Street, which premiered on",Emergency - Ward 10 | Emergency Ward 10 | Emergency Ward Ten | Emergency – Ward 10 | Emergency-Ward 10,0,0.8985,2.2033,23
"Meaning Fox in Spanish, what was the secret identity of Don Diego De La Vega?",Don Diego Vega,Alejandro Murrieta | Alejandro de la Vega | Diego de la Vega | Don Diego Vega | Don Diego de la Vega,1,0.8937,2.9247,22
In which northern British town can you find a large shopping centre called Hounds Hill?,leeds,BLACKPOOL | Bar B | Blackpool | Blackpool Borough Council | Blackpool Corporation,0,0.8544,2.868,23
What was Johnny Cash's home state,Arkansas,25th State | Arcansas | Ark. | Arkansan | Arkansas,1,0.6684,2.1862,26
"Which 1944 musical film, directed by Vincente Minnelli, starred Judy Garland, Mary Astor, Leon Ames, Marjorie Main and Margaret O'Brien who were going to the Louisianna Purchase Exposition of 1904?",The Wizard of Oz,Meet Me In St. Louis | Meet Me in St Louis | Meet Me in St. Louis | Meet Me in St. Louis (film),0,0.8912,2.4966,23
The main feature of the human illness diabetes is the body's inability to produce what hormone?,insulin,Actraphane | Actrapid | Aktrapid | B10H | C257H383N65O77S6,1,0.4445,1.081,23
"Terry Molloy, David Gooderson and Julian Bleach have all portrayed which villain in the UK television series Dr Who?",The Master,Creator of the Daleks | Davros,0,0.97,1.6464,22
"Which ‘P’ was the last king of Troy, according to Greek mythology?",aeneas,Exceptionally courageous | PRIAM | Priam | Priam of Troy | Priamos,0,0.6948,2.8452,26
Who is the author of the 'Harry Potter' books?,J. K. Rowling,Cormoran Strike | Harry Potter encyclopaedia | Harry Potter encyclopedia | J K Rowling | J K. Rowling,1,0.4793,0.8419,23
"In 1987, the Fdracion International del Volleyball arranged the first World Beach Volleyball Championships, which was played where?",san diego,BRRIO | January River | R Janeiro | R. Janeiro | Rio De Janeiro,0,0.8035,2.5385,22
"""What is the American name for the board game known in England as """"draughts""""?""",checkers,Checkers | Draughts | Draughts (game) | ⛀ | ⛁,1,0.6642,0.5487,22
"Neil Oliver provides archaeological and social history knowledge for, and fronts, programmes for UK TV in Britain, continental Europe and Australia, called what?",Neil Oliver is a British historian and television presenter. He is known for his extensive,Coast | Coastal | Coastal ecosystem | Coastal ecosystems | Coastal feature,0,0.6866,2.2919,26
What 'rare' noble gas element used in lighting was discovered in 1898 and named after Greek 'new'?,argon,Atomic number 10 | Element 10 | Liquid neon | Neon | Neon gas,0,0.4721,1.4902,26
The Canary Islands in the Atlantic are named after what?,"The Canary Islands are named after the Canary Islands, a group of islands in the",A dog | A man's best friend | Bitch (dog) | Bitch (female dog) | C. l. familiaris,0,0.2564,1.8102,26
Which city was formerly known as “Edo”?,Tokyo,Demographics of Tokyo | Dōngjīng (Japan) | Economy of Tokyo | Economy of tokyo | JP-13,1,0.3126,2.2131,23
"The hall of fame for what sport is located in Saratoga Springs, NY, in which the announcement of new inductees is usually made on the first Saturday in May in Louisville, Ky?",baseball,Horse Racing | Horse race | Horse races | Horse racing | Horse racing in Japan,0,0.6056,0.9115,22
Apimania is an obsession with which creatures?,Apimania is an obsession with bees,Anthophila | Apiforme | Apiformes | Bee | Bee flight,1,0.5213,1.0125,26
In which country was Queen Elizabeth 11 when she heard of her father's death,england,Etymology of Kenya | ISO 3166-1:KE | Jamhuri ya Kenya | Kenya | Kenya (disambiguation),0,0.7421,1.2986,22
What year appears on bottles of the French lager Kronenbourg?,Kronenbourg 1664 is a Belgian lager brewed by the,"1664 | one thousand, six hundred and sixty-four",1,0.6865,1.5529,26
"In the US television show ‘The Sopranos’, which country permanently banned Janice Soprano from entering after putting her on an Unwanted Persons list?",the United Kingdom,America's top hat | CANADA | Canada | Canada's | Canada.,0,0.8647,2.8511,22
With what country did the United States re-establish diplomatic relations in 2015?,The United States re-established diplomatic relations with the Republic of Palau in 2,Administrative divisions of Cuba | CUBA | Communist Cuba | Cuba | Cuba (island),0,0.5586,2.0898,23
"What are Jimmy Reed, Skip James, Elmore James & Big Bill Broonzy best known as?",blues singer,Blues musicians,0,0.4763,1.7518,22
What nationality was the astronomer Copernicus ?,polish,POLISH | Polish | Polish (disambiguation) | Polishedly | Polisher,1,0.1793,1.0195,26
Which is the only mammal of the order Proboscidea?,elephant,Baby elephants | Brown elephants | ELEPHANT | Elaphant | Elefonts,1,0.0568,0.7455,26
Who helped bring photography to the masses with his Kodak roll-film technology?,"In 1888, George Eastman introduced the Kodak camera,",G. Eastman | George EASTMAN | George Eastman,1,0.4106,1.6894,22
What was Sophie Kinsella's best selling book of 2009?,"The book was a bestseller in the UK and the US, and was adapted",Confessions of a Shopaholic | Confessions of a Shopaholic (disambiguation),0,0.7244,2.6652,22
What type of animal is a reedbuck?,The reedbuck is a species of antelope in the Bovidae,Antelope | Antelopes | Antilopina | Botswanan Antelopes | Hybrid antelope,1,0.3842,2.23,23
"According to British superstition, ‘Marry in ‘when’ and you’ll live to rue the day’?",when you are 21,May | May (month) | May sickness | Month May | Veliki traven,0,0.8892,2.6076,26
Which Japanese island that has its capital at Sapporo is the traditional home of the Ainu people?,Hokkaido,Beihaidao | Bilk (drink) | Bilkalberta | Ezochi | Hokaido,1,0.5345,0.5613,22
Bosworth cheese comes from which English county?,leicestershire,"County of Stafford | Staffordshire | Staffordshire, England | Staffs",0,0.839,0.7289,22
What battle of the Middle Ages fought on Saint Crispin's Day has been immortalized by a speech that references the day in a Shakespearean history play?,The Battle of Agincourt,Battle Agincourt | Battle Of Agincourt | Battle of Agincourt | Battle of Agincourt (1415) | Battle of Azincourt,1,0.5548,1.5741,22
Ari Folman's acclaimed 2008 film was 'Waltz with...' whom?,Disney,Basheer | Basheer (disambiguation) | Bashir | Bashir (disambiguation),0,0.9086,2.2781,26
Name either of the detectives featured in novels by Reginald Hill and in a TV series based on the novels?,The Inspector MacGregor,Dalziel & Pascoe | Dalziel and Pascoe | Dalziel and pascoe | Daziel and Pascoe,0,0.9293,3.3118,23
"In the tv sitcom ‘Allo Allo!’, what was Rene’s surname?",le Buisson,ARTOIS | Artesian (demonym) | Artesie | Artesië | Artois,0,0.891,3.4412,22
By what more familiar name do we know the 'Angevin Dynasty' of English kings?,The Angevin Dynasty,Anglo-Angevin | House Of Plantagenet | House of Plantaganet | House of Plantaganets | House of Plantagenet,0,0.5336,1.9739,26
Who became BBC Radio One Breakfast Show presenter in June 1973?,"The first presenter of the show was John Peel, who was replaced by John Le",Noel Edmond | Noel Edmonds | Noel Edmunds | Noel edmonds | Noël Edmonds,0,0.9095,3.6595,22
"Constantia, famous as a wine growing area, is a suburb of which South African city?",Cape Town,"CAPE TOWN | Cape Town | Cape Town cricket ground | Cape Town, South Africa | Cape Town, Western Cape",1,0.4872,1.1559,22
On T.V. who played Frank Cannon?,The actor who played Frank Cannon on TV is named Frank Sinatra. He was a,Bill Conrad | WILLIAM CONRAD | William Conrad,0,0.8998,3.1746,23
In which UK city is Headingley railway station?,leeds,City of leeds transport area | Higher Education in Leeds | Knightsbridge of the North | LEEDS | Leeds,1,0.6742,1.8531,22
What kind of bird is a Blue Orpington,The Blue Orpington is a breed of domestic chicken.,Bock bock | Chicken | Chicken (Domestic) | Chicken (bird) | Chicken Chasseur,1,0.4398,2.3219,26
Which letter appears in various alphabets in the traditional Wikipedia globe logo?,"The letter ""W"" appears in various alphabets in the traditional Wikipedia globe",Double U | Double u | Double v | Double-U | Double-u,1,0.9293,2.1026,22
"In physics, 'the rate of change of position' is a basic definition of what term?","In physics, 'the rate of change of position' is a basic definition of",Average velocity | First temporal derivative of displacement | Formula for velocity | Instantaneous velocity | Rate of speed,0,0.3748,1.0501,22
The Indus River flows the length of Pakistan and is Pakistan's main source of water for industry and drinking; where does it rise?,The Indus River rises in the Himalayas in the north of Pakistan.,Demographics of Tibet | Greater Tibet | Name of Tibet | T'u-po | Thibet,0,0.2828,2.07,23
"The 2013-4 MacRobertson Shield international competition, hosted in New Zealand, was in what sport?",rugby union,Association Croquet | Association croquet | Croquet | Croquet ball | Croquet mallet,0,0.6791,1.0342,23
What's the most frequently ingested mood altering drug,alcohol,"1, 3, 7 trimethylxanthine | 1,3,7 Trimethylxanthine | 1,3,7-Trimethyl-1H-purine-2,6(3H,7H)-dione | 1,3,7-trimethyl-1H-purine-2,6(3H,7H)-dione | 1,3,7-trimethyl-1H-purine-2,6(3H,7H)-dione 3,7-dihydro-1,3,7-trimethyl-1H-purine-2,6-dione",0,0.4373,2.6736,26
Who hosts Radio 4's quiz I'm Sony I Haven't a Clue?,The answer to this question is,"Dee, Jack | Jack Dee | Jack Dee's Saturday Night | Jack Dee's Sunday Service | James Andrew Innes %22Jack%22 Dee",0,0.9193,3.2388,22
"What was the name of the concert held at the Cleveland Arena, Ohio, on 21st March 1952, said to be the world’s first major rock & roll concert?","The concert was held at the Cleveland Arena, Ohio, on 21st",Moondog Coronation Ball | The Moondog Coronation Ball,0,0.9433,2.0366,26
What trade did both Dick Turpin and Butch Cassidy follow?,"The trade was that of the outlaw, and the two men were both known for",Boning | Boucherie | Butcher | Butcher shop | Butcher shops,0,0.6768,2.9577,23
Who became Lord Mayor of London in 1397?,"The first recorded Lord Mayor of London was Cnut, who was elected in",Dick Whittington | Dick Wittington | Richard Whittington | Sir Richard Whittington,0,0.7397,2.1821,22
In the TV series Cracker what is Fitz's christian name,Fitzpatrick,Eddie | Eddie (disambiguation) | Eddy,0,0.9769,3.9148,26
The American roadrunner belongs to which family of birds?,cuckoo,Cookoo | Cuckoo | Cuckoo bird | Cuckoo's nest | Cuckoos,1,0.3634,1.1759,22
Why was the 1967 R.A.C. Rally not staged,The 1967 RAC Rally was cancelled due to the outbreak of,Outbreak of foot and mouth disease,0,0.8319,2.7663,22
Which group had a hit in the 1980s with 'Everybody Wants To Rule The World'?,the beatles,TEARS FOR FEARS | Tears 4 Fears | Tears For Fears | Tears From Fears | Tears for Fears,0,0.9159,2.5108,23
"Colin Meads, nicknamed 'Pinetree', a former rugby union footballer who played 55 test matches for his national team from 1957 until 1971 and was named his country's Player of the Century, represented which country?",New Zealand,Administrative divisions of New Zealand | Administrative divisions of new zealand | AoTeAroa | Aotearoa / New Zealand | Enzed,1,0.5547,1.1397,22
"In which year was Sputnik, the first man-made satellite, launched?",1957,"1957 | one thousand, nine hundred and fifty-seven",1,0.4295,0.2527,23
"In 2012, Bradford City FC presented the Dalai Lama with a personalised club shirt with which number on the back?",10,14 | fourteen,0,0.7336,1.846,23
Which one hit wonders charted with They Shoot Horses Don’t They,the beatles,"Racing Cars | They Shoot Horses, Don't They%3F (song)",0,0.9395,2.6654,23
Julia Gillard became the first female Prime Minister of which country?,australia,AUSTRALIA | AUSTRALIAN | Asutralia | Ausrtalia | Aussieland,1,0.224,0.0618,23
In which town or city is the HQ of Colman's (of mustard fame)?,colmans,County Borough of Norwich | Lord Mayor of Norwich | Naarwich | Norwich | Norwich uk,0,0.7999,1.9465,23
The pericardium is part of which organ?,pericardium,Anterior surface of the heart | Anterior wall of heart | Apex cordis | Apex of heart | Atlas of Human Cardiac Anatomy,0,0.3631,1.5883,22
The name of which chemical element takes its name from the Greek for light-bringing?,hafnium,32P | Element 15 | Fosforus | P32 isotope | Phospho,0,0.6279,3.222,23
Who was the first unseeded player to win the Men's Singles at Wimbledon?,The first unseeded player to win the Men's Singles at Wimbledon was John,Angela Ermakova | Boris Becker,0,0.8674,2.4096,22
Willis-Ekbom disease is more commonly known as?,dysthymia,Ekbom Disease | Iritable legs | Iritable legs syndrome | Leg jiggling | Leg tapping,0,0.5785,1.9751,26
What was the name of the Super Typhoon that devastated the Philippines and Southeast Asia in November 2013?,super typhoon bopha,Haiyan | Haiyan (disambiguation) | Haiyan County | Typhoon Haiyan (disambiguation),0,0.3518,1.7594,22
"General Franco, the Spanish military general, was head of state of Spain from October 1936 following the Spanish Civil War, until when?",1975,"1975 | one thousand, nine hundred and seventy-five",1,0.255,0.6364,22
Whose debut novel was the 1961 book Call of the Dead?,john le carre,David John Moore Cornwell | John Le Carr | John Le Carre | John Le Carré | John LeCarre,1,0.9497,3.5008,22
Who was known as the Great Lover of the Silent Screen?,The Great Lover of the Silent Screen was a nickname given to the American actress and,Rodolfo Alfonso Raffaello Piero Filiberto Guglielmi | Rodolfo Valentino | Rodolph Valentino | Rudolf Valentino | Rudolph Valentino,0,0.8102,2.5055,23
"What are Cohíba, Hoyo de Monterrey, Montecristo, Partagás, Romeo y Julieta and Quintero?",The brands are all part of the Pernod Ricard group.,Candela (tobacco) | Cigar | Cigar maker | Cigars | Cuban Cigars,0,0.5602,2.7631,23
Which famous cowboy was created by George W. Trendle?,chris spencer,"Hi-yo, Silver, away! | Lone Ranger | Lone Ranger (comics) | Silver (horse) | The Lone Ranger",0,0.9593,3.1534,22
Who was appointed as England's first astronomer royal?,"In 1662, the first astronomer royal, Edmond Hal",Flamsteed | Flamsteedian | Historia Coelestis Britannica | John Flamsteed,0,0.6326,2.0491,22
Kiel and Lübeck are cities in which German state?,Lower Saxony,Lütt-Witt Moor | SCHLESWIG-HOLSTEIN | Schleswig Holstein | Schleswig-Holstein | Schleswig-Holstein (Germany),0,0.3811,1.8665,23
"In the famous story by Robert Louis Stevenson, what is Dr Jeckyll’s Christian name?",robert,Henry | Henry (European rulers) | Henry (crater) | Henry (crater) (disambiguation) | Henry (disambiguation),0,0.8794,2.1223,26
Bass red triangle was the first ever registered (UK)?,bass red triangle was the first ever registered (uk),Marca registrada | Registered Trademark | Registered trade mark | Registered trademarks | Registered tradename,0,0.8346,2.156,23
"Who won the most of the first ten tournaments called the Women's Hockey World Cup (the field hockey World Cup competition for women), which was inaugurated in 1974?","The first tournament was held in 1974, and the winner was",Administrative divisions of the Netherlands | Administrative divisions of the netherlands | Capitals of Holland | Climate of the Netherlands | Dutch inhabitants,0,0.8331,2.8473,22
"In the 1904 Olympics, how many of the 23 track and field titles were won by Americans?",18,21 | twenty-one,0,0.8808,2.1053,22
Who did Dr. Crippen murder?,Dr. Crippen was a British physician who was convicted of murdering his wife,His wife,1,0.6568,1.7465,22
Who narrated the BBC television production of Paddington?,The BBC television production of Paddington was narrated by Sir Derek Jacobi,"Hordern, Sir Michael | Michael Horden | Michael Hordern | Michael Hordon | Michael Hornden",0,0.8418,2.946,26
"In 1953, Edmund Hillary was half of the famous pair to first do what?",climb Mount Everest,Climb Everest,0,0.5068,1.6426,23
What was the pseudonym of author John Griffith Chaney?,"The pseudonym of author John Griffith Chaney was ""John G. Channing",Blaine Winchester | JACK LONDON | Jack London | Jack London's | Jack london,1,0.8216,2.6303,22
"Famous for 'Die Welt als Wille und Vorstellung', Arthur Schopenhauer (1788-1860) was a German?",philosopher,Philosopher | Philosophers,1,0.2485,0.0252,23
"What was the name of the space shuttle, which disintegrated over Texas, on re-entry into the earth's atmosphere in February 2003, with the loss of all seven crew members?",space shuttle Columbia,COLUMBIA | Columbia | Columbia (disambiguation) | Columbia (municipality) | Columbia (song),1,0.5867,1.694,23
Who was President of France for over 10 years from 1958?,Charles de Gaulle,Charles Andre Joseph Marie De Gaulle | Charles Andre Joseph Marie de Gaulle | Charles André Joseph Marie De Gaulle | Charles De Gaul | Charles De Gaulle,1,0.6794,2.1951,23
"In the human body, which bone connects the humerus with the calvicle?",scapula,Scapula (shoulder blade),0,0.5302,0.9801,22
"The Philippines has 7,107 islands, which other Asian country is an archipelago of 17,504 islands?",indonesia,Ecology of Indonesia | Etymology of Indonesia | INDONESIA | ISO 3166-1:ID | Indnonesia,1,0.3671,0.8983,22
Who had an August 1969 No.1 with 'In The Year 2525 (Exordium And Terminus)'?,The Beatles,Denny Zager | Rick Evans | Zager & Evans | Zager & evans | Zager Guitar,0,0.9846,3.1334,22
What cocktail is made with advocaat and lemonade?,The Dutchman is a cocktail made with advocaat and lemonade.,Ice ball | Ice balls | Iceball | Iceballs | Snow Ball,0,0.7126,3.2434,22
Yukio Hatoyama was sworn in as the sixtieth prime minister of which country?,japan,Etymology of Japan | ISO 3166-1:JP | JAPAN | JPN | Ja-pan,1,0.2605,0.5514,23
"""The name of what tennis star was used by a commentator for the the hole cards Ace–King (unsuited) of Texas Hold 'em as they meet the criteria of """"looks great but never wins""""?""",michael jackson,Anna Kournicova | Anna Kournikova | Anna Kurnikova | Anna Sergeyevna Kournikova | Anna Sergeyevna Kurnikova,0,0.9242,3.4729,22
The American journalist Ida Tarbell is known for her expose of the corrupt practices of which giant company? John D. Rockefeller probably hated her!,John D. Rockefeller,Bp-II | Carter Oil | Sandard oil | Standard Oil | Standard Oil Co.,0,0.422,0.8657,23
The 2014 'Bendgate' controversy/publicity concerned version 6 of which famous product?,bendy,Apple iPhone 6 | Apple iphone 6 | Bend-gate | Bendgate | I phone 6 plus,0,0.9275,2.4725,22
"""What was the name of the dog in the children’s TV series """"The Herbs""""?""","The name of the dog in the children's TV series ""The Herbs""",Anethum | Anethum arvense | Anethum graveolens | Anethum sowa | Angelica graveolens,0,0.9781,3.3705,22
Which was the first commercial jet airliner to go into service in the UK?,The first commercial jet airliner to go into service in the UK was the de,A1 comet | Black comets | COMET | Coma (astronomy) | Coma (comet),0,0.7438,1.4773,23
Who is the only man to win a best actor Oscar playing brothers?,robert de niro,"Lee Marvin | Lee marvin | Marvin, Lee",0,0.9498,3.1734,26
On which river does Cardiff stand?,The River Taff,TAFF | Taff | Taff (disambiguation),1,0.3819,1.1198,26
What was Cliff Richard's backing group called before they became The Shadows,The Shadows,Ray Lewis (singer) | Rudy Ivan | The Drifters | The Drifters (American band) | The Original Drifters,0,0.9317,1.9223,23
"""What dish derives from the Portuguese dish """"Carne de Vinha d' Alhos"""" (pork preserved in red wine or red wine vinegar, chili pepper, and stewed with garlic) which was brought to Goa and evolved into the a dish of meat, usually lamb, with wine and garlic plentiful amounts of spice?""",Goan chicken,Chicken vindaloo | Tindaloo | Vindalho | Vindaloo,0,0.6482,2.6212,22
What is the most common gas in the Earth's atmosphere?,The most common gas in the Earth's atmosphere is nitrogen,ATC code V03AN04 | ATCvet code QV03AN04 | Atomic number 7 | Azote | Azotic air,1,0.3028,1.3598,22
What is the US equivalent of the British Army's SAS?,The US equivalent of the British Army's SAS is the Army Special Operations Command (,1st SFOD | 1st SFOD-D | 1st Special Forces Operational Detachment | 1st Special Forces Operational Detachment - Delta | 1st Special Forces Operational Detachment-Delta,0,0.6134,1.3063,23
Who became the first President of newly independent Ghanain 1957?,The first President of newly independent Ghana was Kwame Nkrumah,Deliverer of Ghana | Dr Kwame Nkrumah | Dr.Kwame Nkrumah | Francis Nwia Kofi Ngonloma | KWAME NKRUMAH,1,0.5901,2.5163,22
"How are the towns of Hanley, Burslem, Stoke, Longton,Tunstall and Fenton collectively known?","The towns of Hanley, Burslem, Stoke, Longton, Tun",'THE POTTERIES' | Staffordshire Potteries | Staffordshire potteries | Staffordshire pottery | Staffordshire ware,0,0.7912,1.9575,23
"As well as municipalities, which country is made up of 26 states and one federal district?",brazil,BRAZIL | Barzil | Brasil | Brassil | Brazil,1,0.4681,1.1727,26
"Which female politician and aristocrat said ‘I married beneath me, all women do’?",elizabeth i,"Astor, Nancy Witcher Langhorne, Viscountess Astor | Lady Astor | Lady Nancy Astor | Nancy Astor | Nancy Astor (mini-series)",0,0.8904,3.131,22
Trinidad lies opposite the delta of which major river?,Orinoco,El Florero Iron Mines | El Pao Iron Mine | Orinco River | Orinocco | Orinoco,1,0.4385,1.4459,23
"Which Charles Dickens novel, his last completed work, features' John Harmon' and the title character 'John Rokesmith'?",the life of charles dickens,'OUR MUTUAL FRIEND' | John Harmon (character) | Our Mutual Friend | Pod snap | Podsnap,0,0.8722,2.1683,22
"The Fan, Westhead, Becher's Brook, Foinavon's, Canal Turn, Valentine's Brook, the Booth, the Anchor Bridge and the Chair are features of a venue for what sport?",cricket,Horse Racing | Horse race | Horse races | Horse racing | Horse racing in Japan,0,0.7723,1.5421,23
"Featuring the Trouble Alert, at what Metropolis location did the Super Friends congregate in the 1970s animated show The Super Friends?",The Super Friends congregate at the Metropolis location of the Metropolis Police Department,Hall of Justice,0,0.8738,3.1469,22
Which television detective was created by Glenn Chandler?,The television detective was created by Glenn Chandler.,DCI Matt Burke | Killer (Taggart) | TAGGART | Taggart | Taggart (TV series),0,0.8584,2.6835,22
Who played the part of 'Alice Tinker' in 'The Vicar Of Dibley'?,The Vicar Of Dibley,EMMA CHAMBERS | Emma Chambers | Emma chambers,0,0.9369,4.2297,23
"Who was the first Spanish actor to win an Oscar, for his role in the film No Country for Old Men?",alfredo maldonado,Javier Bardem | Javier bardem | Javier Ángel Encinas Bardem | Xavier Bardem,0,0.8512,2.438,23
Who hosts the TV quiz show 'Cleverdicks'?,The quiz show 'Cleverdicks' is hosted by the comedian and actor,Ann Noreen Widdecombe | Ann WiddIcombe | Ann Widdecombe | Ann Widdecombe versus prostitution | Ann Widdicombe,0,0.8972,2.8342,23
"""Who wrote the novel """"Hawksmoor""""?""",george r. r. martin,"Ackroyd, Peter | PETER ACKROYD | Peter Ackroyd",0,0.9046,3.0295,22
The charity “Crisis” supports who or what?,"Crisis is a UK based charity that provides emergency support to people who are homeless,",Baglady | Bagwoman | Bagwomen | Bomzh | Bum (homeless person),1,0.5795,2.0571,23
"What year were all these comedians born: Harry Enfield, Eddie Murphy and Rory Bremner?",1960,"1961 | one thousand, nine hundred and sixty-one",0,0.8495,2.0414,22
On which island in the North Sea did both St Aidan and St Cuthbert live?,jarrow,LINDISFARNE | Lindisfarne,0,0.7258,2.8294,26
What is the American word for a short-hand typist?,stenographer,Brachygraphic | Brachygraphy | Short Hand | Shorthand | Shorthand typist,1,0.5936,2.0626,22
What name is given to a word or phrase in a computer document that can be clicked on In order to move to a related document?,bookmark,Blue Links | Blue link | Embedded Link | Embedded link | Embeded Link,0,0.4962,1.7037,26
What was the central meeting place of ancient Rome?,The Forum was the central meeting place of ancient Rome,Fora | Fori | Forum | Forum (disambiguation) | Forum (magazine),1,0.3598,2.1845,22
Which cup competition was founded by Charles William Alcock in the eighteen seventies,cricket,England - FA Cup | England Cup | English Cup | English Football Association Challenge Cup | F A Cup,0,0.8829,2.7071,23
"Introduced in 1894 and one of the world's oldest trademarks, Bibendum is better known as what?",The Big Wheel,Bibendum | Michelin Man | Michelin man | The Michelin Man,0,0.7059,3.0557,22
What type of company is 'Dunder Mifflin' in the US version of 'The Office'?,office supply,Granite paper | Homemade paper | Loose paper | PAPER | Paper,0,0.6077,2.2907,22
What old English coin took its name from being a quarter of a penny?,pennyweight,Farthing | Farthing (coin) | Farthing (disambiguation) | Farthing coin | Farthings,0,0.7253,2.528,22
What country has the largest Muslim population?,"The largest Muslim population is in Indonesia, with 130 million Muslims,",Ecology of Indonesia | Etymology of Indonesia | INDONESIA | ISO 3166-1:ID | Indnonesia,1,0.4042,2.1183,23
"Starship Troopers, Stranger in a Strange Land, The Moon is a Harsh Mistress, The Cat Who Walks Through Walls",The Cat Who Walks Through Walls,Anson MacDonald | Anson Macdonald | Caleb Saunders | Dean of Science Fiction | Heinlein Society,0,0.728,1.9121,23
In which U S state is Arches National Park located just outside the city of Moab?,arizona,UTAH | Utah Coal Railway | Utah Railway,0,0.2746,0.5391,23
"(At early 2000s) the only nation in the world with effectively no shortage of donated human organs, due to a free market in their trade is?",china,Historical Names of Iran | Historical names of Iran | I.R. Iran | I.R. of Iran | I.R.Iran,0,0.3749,1.943,22
"Which famous TV personality ended a 33 year run of 6,082 shows in 2015?",johnny lips,Dav letterman | Dave Letterman | David Letterman | David Lettermen | David Michael Letterman,0,0.9583,3.1827,22
Who according to legend was the son of Zeus and Europa and became King of Crete?,Minos,King Minos | Minos | Μίνω | Μίνως,1,0.4537,2.2514,22
"360 Varial, Ollie, Nollie, and Frontside Air are terms in?",skateboarding,Banana board | Bannana Board | Body Varial | Body varial | Female skateboarders,1,0.5578,0.8843,23
The most northerly point of mainland Europe is in which country?,norway,Etymology of Norway | ISO 3166-1:NO | Kingdom of Norway | Kongeriket Noreg | Kongeriket Norge,1,0.5527,1.9096,23
Which film director guested as the FBI Director in The Silence of the Lambs?,john mayer,Roger Corman | Roger William Corman | The Doorway (film),0,0.7717,1.5398,23
George Washington Goethals was the chief engineer for which construction that was completed In 1914 ?,Brooklyn Bridge,PANAMA CANAL | Panama Canal | Panama Canal (Panama) | Panama Ship Canal | Panama canal,0,0.5124,1.1479,23
"Crocodile, goblin and greenland are types of which fish?",shark,Latin names of sharks | Selachian | Selachians | Selachii | Selachimorph,1,0.4588,2.2063,23
"What was the name of the Roman road that stretched from Dover, Kent, almost to Shrewsbury, Shropshire, a distance of 322 km (200 miles)?",the Fosse Way,Stone Street (Kent) | V4 Watling Street | Watling Street,0,0.5208,2.1772,22
What was the main character trait of the Dickens character Mr Micawber?,"He was a man of the world, and a man of the world's world",Optimalism | Optimalist | Optimism | Optimistic | Optimistic philosophy,0,0.7015,2.7926,23
"What is a mosquito-borne virus, also known as breakbone fever, that is an acute febrile disease which occurs widely in the tropics, in Asia, South America, Australia and the Pacific and is now endemic in more than 100 countries?",dengue fever,Bonecrusher disease | Break Bone Fever | Break-bone fever | Breakbone fever | Classical dengue,1,0.5207,1.2095,26
"Mammy Two Shoes, a recurring character in MGM's Tom and Jerry cartoons was inspired by which African-American actress and singer?",clara bow,Hattie MacDaniel | Hattie MacDaniels | Hattie Macdaniel | Hattie McDaniel | Hattie McDaniels,0,0.9044,3.4198,23
What is the US state capital of Alabama?,Montgomery,Montgomerie | Montgomery | Montgomery (disambiguation),1,0.0657,0.9798,22
"Which hymn, based on Psalm 90, by Isaac Watts to a tune by William Croft, is particularly associated with Rememberance Sunday?","""Worthy is the Lamb""","'OH GOD OUR HELP IN AGES PAST' | O God Our Help In Ages Past | O God Our Help in Ages Past | O God, Our Help in Ages Past | Oh God our help in ages past",0,0.7026,2.4682,26
Which car company produces the Meriva model?,meriva,Chevrolet Trafic | General Motors Vivaro | Nissan Primastar | Opel Arena | Opel Vivaro,0,0.8415,2.2194,26
Which city of central Spain was renowned throughout the Middle Ages as an important center for the production of swords and other bladed instruments?,Toledo,Toledo | Toledo (disambiguation) | Toledo City,1,0.7675,0.9543,22
"Name the year: American gangster AI Capone dies, Princess Elizabeth marries and India gains its independence?",1931,"1947 | one thousand, nine hundred and forty-seven",0,0.4694,0.3629,22
"Name the year; Dunblane massacre, IRA bomb in Manchester city centre, the first cloned mammal, Dolly the sheep, was born?",1996,"1996 | one thousand, nine hundred and ninety-six",1,0.3794,0.0934,26
How is the prince described in the title of the 1911 ballet music composed by Bela Bartok?,"The prince is described as a ""dashing young man"" in the title of",%22Wood science%22 | Alburnum | Diffuse-porous wood | Duramen | Earlywood,0,0.6921,3.6992,23
Who was the lyre-playing muse of tragedy in Greek mythology?,The lyre-playing muse of tragedy was Thalia,MELPOMENE | Melpomene | Melpomène | Muse of Tragedy | One that is melodious,1,0.3855,2.1167,26
"One of the Wonders of the Modern World, The Catacombs of Alexandria are in which country?",Egypt,A .R . EGYPT | A .R . Egypt | A.R. Egypt | Arab Republic Of Egypt | Arab Republic of Egypt,1,0.1999,1.6941,22
What US sitcom was the first exported to Britain?,The first US sitcom to be exported to Britain was The Beverly Hillbillies.,Amos & Andy | Amos 'N' Andy | Amos 'n Andy | Amos 'n Andy Show | Amos 'n' Andy,0,0.8062,2.6231,26
Who had a top ten hit in the UK with Cupid in 1961?,The Beatles,Bertha Franklin | Dale Cook (singer) | I Thank God | Sam Cooke,0,0.9497,2.7177,23
The Walker Art Gallery is in which UK city?,manchester,County Borough of Liverpool | L'POOL | Landmarks in Liverpool | Lerpwl | Liverpool,0,0.4574,1.8214,22
Name the earliest (post-gamete) developmental stage of the human embryo?,The earliest (post-gamete) developmental stage of the human embryo is the,Biparental zygote | Fertilised egg | Fertilized egg | Fertilized egg cell | Oosperm,0,0.3644,1.9268,23
"June 5, 2004 saw the death of what man, the 40th President of the United States?",william w. mckinley,40th President of the United States | Cultural and political image of Ronald Reagan | Dutch Reagan | Health of Ronald Reagan | President Reagan,0,0.668,2.0652,23
The Larkspur is also known as what?,The Larkspur is also known as Delphinium,DELPHINIUM | Delphinium | Delphiniums | Staphisagria | Staphysagria,1,0.4654,1.3837,23
"What decoration, a Cross, was first awarded in 1995 to Corporal Wayne Mills for his actions in Bosnia?",The Cross of Valour was first awarded in 1995 to Corpor,CONSPICUOUS GALLANTRY,0,0.8943,1.5577,26
"Divya Narenda and the Winklevoss twins, founders of the Connectu and Harvardconnection websites, agreed to a financial settlement from which big internet corporation?",Facebook,@facebook.com | BeaconGate | Caralibro | Crackbook | December 2012 Facebook Crash,1,0.6705,1.867,22
Who became leader of the British Conservative Party in July 1965?,"In July 1965, Harold Macmillan became leader of the",Edward Heath | Edward R. G. Heath | Edward Richard George Heath | Shadow Cabinet of Edward Heath (1974–1975) | Shadow Cabinet of Edward Heath II,0,0.8395,2.0541,23
Which Michael Frayn play features a ‘play within a play’ entitled Nothing On?,The Cherry Orchard,Noise's Off | Noises Off | Noises Off!,0,0.4322,2.6498,26
A ‘Beaver Moon’ is the first full moon which occurs during which month of the year?,november,31 November | 9ber | Coyovembyote | Nobember | November,1,0.4008,0.9038,22
Which King of England is buried in Gloucester Cathedral?,king henry vii,EDWARD II | Edward 2 | Edward II | Edward II (England) | Edward II of Caernarfon,0,0.8182,1.4466,23
The Luas Tram system serves which European capital city?,dublin,Baile Atha Cliath | Baile Átha Cliath | Baile átha Cliath | BÁC | Capital of Ireland,1,0.1956,1.6097,26
"""What is the longest running emergency medical drama series in the world, and the second-longest-running medical drama in the world behind America's """"General Hospital""""?""","""ER""",Casualty | Casualty (disambiguation),0,0.5684,1.8765,26
"In Greek mythology, Heracles' Twelfth Labour (final) was to capture which creature?",a stag,'CERBERUS' | Capture of Cerberus | Cerberean | Cerberos | Cerberus,0,0.6495,2.2843,26
What is the second event of a men’s decathlon?,The second event of the decathlon is the 100 metre dash,Broad jump | Farthest jumper | Long Jump | Long jump | Long jump (sport),0,0.6057,1.604,23
On which record label did Elvis Presley launch his career?,RCA Victor,Da sun | SUN | SUN (disambiguation) | Sun (British newspaper) | Sun (UK),0,0.747,1.9644,22
What passes between the sun and earth to make a solar eclipse?,The moon passes between the sun and the earth to make a solar eclipse,Dorsa Argand | Earth I | Earth and Moon | Earth and moon | Earth's Moon,1,0.4391,2.0278,23
Stanislaw August Poniatowski was the last king of which European country?,Poland,Architecture of Poland | Bastarnia | Country- Poland | Etymology of Poland | Fourth Poland,1,0.1577,1.0096,26
Who played Gene Hunt in the TV series Life on Mars and Ashes to Ashes?,johnny gosling,Philip Glenister | Philip glenister | Phillip Glenister,0,0.9876,3.8581,26
Name the Danny Boyle biopic about a climber trapped by a boulder for more than five days?,2010: The Harrowing,127 HOURS | 127 time | one hundred and twenty-seven  time,0,0.8476,2.5332,23
"J. E. Brandenberger, a Swiss chemist and textile engineer, discovered the process to make what?","J. E. Brandenberger, a Swiss chemist and textile engineer,",Celaphane | Cellophane | Cellophane paper | Celophane,0,0.9121,2.485,22
Which fruit is also known as the alligator pear?,avocado,Advocado | Alligator Pear | Alligator pear | Avacada | Avacado,1,0.4976,3.1109,22
Kenneth Wolstenholme was a commentator for which sport?,cricket,FOOTBALL | Foot Ball | Foot ball | Foot-Ball | Foot-ball,0,0.8982,1.9656,22
"""Which king of the UK had the nickname The Uncle of Europe""""?""",Edward VII,"Albert Edward of the United Kingdom | Albert Edward, Duke of Cornwall | Albert Edward, Duke of Rothesay | Albert Edward, Prince of Wales | Albert, Prince of Wales",1,0.9401,2.2504,22
"Aneto, at 3404 metres, is the highest mountain in which mountain range?",Andes,High Pyrenees | Pireneus | Pirineos | Pirineus | Pyranees,0,0.4332,1.603,22
What is the opposite of an acid?,A base is a substance that can accept a proton (H+).,BASE | BASE (disambiguation) | Base | Base (disambiguation) | Base (math),1,0.2453,2.1054,22
Opera singer Leyla Gencer was born in which European country?,Turkey,Etymology of Turkey | ISO 3166-1:TR | Republic of Turkey | Republic of Turkiye | Republic of turkey,1,0.3512,0.9571,22
2012 is the Chinese year of which creature?,rat,DRAGON | Dragon | Dragon Types | Dragon facts | Dragon skull,0,0.4472,0.8644,23
Cleeve Hill is the highest point in which range of English hills?,"The Cleeve Hill is the highest point in the Cotswolds, a",Costwold | Cotswold | Cotswold Edge | Cotswold Hills | Cotswold Hills (England),1,0.7362,2.3457,22
Gingivitis affects which part of the body,gingiva,Gingiva | Gingivae | Gingival | Gum (anatomy) | Gum line,1,0.4896,1.2073,23
In which year did Nick Faldo win both the Open and the US Masters Championships?,1996,"1990 | one thousand, nine hundred and ninety",0,0.6408,1.097,26
Long Island Sound separates Long Island from which American state?,New York,"5th State | CONNECTICUT | CT, USA | Climate of Connecticut | Conecticut",0,0.3817,1.5762,23
What is the state capital of the US state of New Jersey?,Trenton,TRENTON | Trenton | Trenton (disambiguation),1,0.0883,1.345,26
Which golf club is designed to hit the ball the furthest distance?,driver,Driver | Driver (disambiguation) | Driver (film) | Drivers | Key driver,1,0.609,2.1885,23
Who was Bridget Jones's true love?,Bridget Jones's Diary is a 2001 British comedy novel by,Bridget Jones | Bridget Jones (film series) | Bridgett Jones | Briget jones | Mark Darcy,1,0.7293,1.8826,23
Frank Sinatra would have celebrated which birthday in 2015?,21,100 | one hundred,0,0.5938,1.5076,23
"In which city would you find the International Court of Justice, otherwise known as The World Court?",The Hague,'s Gravenhage | 's-Gravenhage | Den Haag | Den Hagg | Den haag,1,0.1319,2.1219,22
What name links an American singer and a Nottinghamshire and England cricketer?,"The answer is ""The Beatles"". The Beatles were an American singer and a Nottingham",James Taylor | James Taylor (American musician) | James Vernon Taylor | Jelly Man Kelly | Jellyman Kelly,0,0.9159,3.2173,22
What is the historical subject matter of Arthur Miller’s 1953 play The Crucible?,Arthur Miller’s 1953 play The Crucible is a historical drama,Hang them all | John Goodwin (mason) | Lydia Dustin | Margaret Scott (Salem) | Salem WItches,0,0.4969,1.2904,22
"In April 1963, Lester Bowles Pearson became Prime Minister of which country?",canada,America's top hat | CANADA | Canada | Canada's | Canada.,1,0.4588,0.4686,26
Which unit of measurement is equal to one-tenth of a nautical mile?,"1 nautical mile is equal to 1,852 meters,",CABLE | Cable | Cable types | Cables | Cabling,0,0.5883,1.8043,23
"After he left Barcelona, football manager Pep Guardiola went on to manage which European club in 2013?",real madrid,Bayern Muenchen | Bayern Munchen | Bayern Munich | Bayern Múnich | Bayern München,0,0.7992,3.2825,22
Who won the BDO World Professional Darts Championship in 2009. (his nickname is The Count')?,daniel boyle,Ted Hankey,0,0.9135,1.5593,23
Heliculture is the farming of what for food?,Heliculture is the farming of sea urchins for food,Jono Hawkins | Marine snail | Ochu | Snail | Snails,0,0.4941,1.8884,23
"Released in 1961, what was the last No.1 hit for Frankie Vaughan?","The last No. 1 hit for Frankie Vaughan was ""The Way We Were",Tower Of Strength | Tower of Strength | Tower of Strength (disambiguation),0,0.9574,3.7402,26
Who won the gold medal for the 100m at the 1992 Olympics at 32 years of age and became the oldest Olympic 100 m champion by four years?,michael phelps,"Christie, Linford | Linford Christie | Linford Christie's lunchbox | Linford's lunchbox | Lynford Christie",0,0.9125,3.2451,22
Which river enters the North Sea at Whitby in North Yorkshire?,The River Ouse,Esk River | Esk River (disambiguation) | RIVER ESK | River Esk | River Esk (disambiguation),0,0.5099,2.2381,23
"With a population of almost 930,000 inhabitants, what is the capital city of Nicaragua?",managua,America/Managua | Capital of Nicaragua | Leal Villa de Santiago de Managua | MANAGUA | Managua,1,0.1286,0.9212,22
"In June 1978, who became the first cricketer to score a century and take eight wickets in one inning in a Test Match?",gilbert,I T Botham | Ian Botham | Ian Terence Botham | Sir Ian Botham | Sir Ian Terence Botham,0,0.9281,2.8074,22
"In which 1996 film were there characters known as Rent Boy, Spud, Sick Boy and Franco?",the dirty dozen,Trainspotting | Trainspotting (disambiguation),0,0.9683,2.9222,22
In what year did Edward Vlll abdicate?,"In 1953, Edward Vlll abdicated in favour","1936 | one thousand, nine hundred and thirty-six",0,0.5709,1.8689,23
What is the square root of 144?,The square root of 144 is 12,12 | twelve,1,0.367,0.3203,26
Who is the protagonist and narrator of Robert Louis Stevenson's novels 'Kidnapped' and 'Catriona'?,robert louis stevenson,'DAVID BALFOUR' | David Balfour | David Balfour (disambiguation),0,0.6475,0.4782,22
Which original surname is shared by Mel Brookes and Danny Kaye?,brooks,Kaminscy | Kaminska | Kaminski | Kaminsky | Kamińscy,0,0.867,1.5354,23
"If a chess player completes a move known as en passant, what pieces are involved?",The en passant rule is a special rule in chess that allows a player to,Pawn | Pawn (disambiguation) | Pawns | Pawns (disambiguation),0,0.6074,1.7251,23
The NASA spacecraft Messenger reached what planet destination in 2008?,The Messenger spacecraft reached Mercury in 2008.,Mercury | Mercury (album) | Mercury (disambiguation) | Merdcury | Murcury,1,0.4349,1.9676,23
"""In the original British series of """"Who Wants To Be A Millionaire"""", question 8 was worth what amount?""","100,000","8,000 | 8000 | eight thousand",0,0.8682,1.0507,22
In literature and films Admiral Sir Miles Messery was better known as what?,Admiral Sir Miles Messervy,M | M (letter) | ⒨ | Ⓜ | ⓜ,1,0.8931,1.5975,26
Who directed the 2014 film 'Jersey Boys'?,robert de niro,"CLINT EASTWOOD | Clint Eastwood | Clint Eastwood characters | Clint eastwood | Clinton %22Clint%22 Eastwood, Jr.",0,0.8654,2.5746,23
Who gave his name to the scientific law that states that the pressure of a gas is inversely proportional to its volume at constant temperature?,"The law was named after the scientist who discovered it, Robert Boyle.",Boylean | Robert Boyle | Sir Robert Boyle | The Hon Robert Boyle,1,0.5159,2.3509,22
What is the oldest vegetable known to man,The oldest vegetable known to man is the potato.,Field peas | Garden pea | Green Pea | Green pea | Green peas,0,0.4871,2.3057,23
"Which poet's house at 24 Hollies Street, London, was commemorated by the first Blue Plaque, unveiled in 1867?",john keats,"6th Baron Byron | 6th Lord Byron | Byron | Byron, George Gordon Noel, 6th Baron Byron | Byron, George Gordon, Lord",0,0.8316,1.7009,22
Otis Barton was a pioneer in exploring where?,"The first American to fly in a powered airplane, he was also the first to",Under water | Undersea | Underwater | Underwater life,0,0.7207,3.3596,26
"In a film script, what do the letters ECU mean?","In film and television, an Extreme Close-up (ECU) is a shot",Extreme Close Up,0,0.6163,1.3786,22
"With regard to book titles, if TDVC is 'The Da Vinci Code', which E L James book is F S 0 G?",The Girl with the Dragon Tattoo,50 Shades | 50 Shades of Gray | 50 Shades of Grey | 50SOG | Ana Steele,0,0.5836,1.8171,23
Which period in the Paleozoic era came between the Silurian and the Carboniferous?,The Ordovician is the period that came between the Silurian and the,Age of Fish | Age of Fishes | Breconian | DEVONIAN | Devonian,0,0.4662,1.8096,22
"""Which US president was behind """"The Indian Removal Act"""" of 1830, which paved the way for the reluctant and often forcible emigration of tens of thousands of American Indians to the West?""","The US president who was behind the ""Indian Removal Act"" of 18",7th President of the United States | Age of Jackson | Andrew Jackson | Andrew Jackson assassination attempts | Andrew Jackson presidency,0,0.5577,1.574,22
Which common colour can also be known as heliotrope?,purple,Heather Purple | List of terms associated with the color purple | Northwestern Purple (color) | Purple | Purple (color),1,0.4547,1.965,22
Which state was created by the Lateran Treaty of 1929?,The Lateran Treaty of 1929 created the state of Vatican City,"Apostolic Palace & St. Peter's Basilica, Vatican City | Capital of Vatican City | Catholic City | Christianity in Vatican City | CittA del vaticano",1,0.4282,1.636,26
"""The Album """"No Angel"""" was the number 1 selling album in the UK in 2001, and the singer who recorded the album won the Brit. Award for best album. Who was the singer?""","The singer who recorded the album ""No Angel"" and won the Brit Award for",DIDO | Dido | Dido (Queen of Carthage) | Dido (Queen) | Dido of Carthage,0,0.9594,2.9763,23
"""Who painted """"Dedham Vale"""" and """"The Valley Farm""""?""",john frederick varley,(John) CONSTABLE | J Constable | John Constable,0,0.8515,3.1929,23
Viva Forever' is a West End musical (2012) based on the music of 'which pop group?,the beatles,Lianne Morgan | Now And Forever : The Greatest Hits (Spice Girls album) | SPICE GIRLS | Solo spice girls discography | Spice Girl,0,0.9835,2.121,26
Which 1968 album released by George Harrison is notable for being the first official solo album by one of The Beatles?,The Beatles,Cowboy Music (song) | Crying (George Harrison song) | Crying (Wonderwall Music song) | Dream Scene (song) | Drilling a Home,0,0.4578,2.123,26
What is the substance that causes irritation from a sting by a nettle or an ant?,The substance that causes irritation from a sting by a nettle or an ant is,ATCvet code QP53AG01 | Acid of ants | Aminic acid | CHOOH | E236,0,0.3697,2.3316,23
A Tale of Two Cities?,"The novel is set in London, France, and Paris during the French Revolution,",C Dickens | CJH Dickens | Charels Dickens | Charles Dickens | Charles Dickins,0,0.5938,1.9434,23
The Walker Art Gallery is in which UK city?,manchester,County Borough of Liverpool | L'POOL | Landmarks in Liverpool | Lerpwl | Liverpool,0,0.5649,1.8214,23
In which award winning 1990 movie is much of the dialog in the Lakota language?,The Last of the Mohicans,Dances With Wolves | Dances With the Wolves | Dances with Wolves | Dances with wolves | Dancing with wolves,0,0.8244,2.3014,22
What word could connect potatoes with bicycles?,bicycle,Capital Boulevard | Capital of North Carolina | Citizens Advisory Council (CAC) | City of Oaks | City of Raleigh,0,0.8715,3.2718,22
Cape Wrath is on the coast of which country?,scotland,Auld Country | Autonomous Province of Scotland | Communications in Scotland | East coast of Scotland | H-Alba,1,0.1729,0.6906,26
"Which musical term denotes slurred staccato, notated by adding a slur to staccato notes, and is played almost legato, with each note 'carried' to the next?",legato,Non legato | Non-legato | Ondeggiamento | Ondeggiando | Ondeggiante,0,0.8066,1.5376,22
"Of all the rugby teams to have participated in the 2008- 2009 Guinness Premiership, which team is furthest west?",london irish,"BRISTOL | Bristol | Bristol (England) | Bristol (district) | Bristol, England",0,0.8775,2.6701,23
Who retired from the ‘Eggheads’ team in May 2014?,"In May 2014, the team announced that it would be retiring",DAPHNE Fowler | Daphne Bradshaw | Daphne Fowler | Daphne Hudson,0,0.8776,3.1944,23
Bill Clinton is fairly fluent in which language other than English?,French,German | German (disambiguation) | Germans (disambiguation),0,0.587,2.5346,26
Which English king stole The Stone of Scone from Scone Palace?,king james ii,EDWARD I | Edward 1 | Edward I | Edward I (England) | Edward I Longshanks,0,0.6715,2.4282,23
"""From her first US film musical """"Down Argentina Way"""" (1940), who became famous for extravagant hats, jewellery and dresses?""",marlene dietrich,Carmen Miranda | David Alfred Sebastian | Maria Do Carmo Miranda Da Cuhna | Maria de Carmo Miranda de Cunha | Maria do Carmo Miranda da Cunha,0,0.9542,3.2328,22
Whose state in Virginia was requisitioned to build Arlington Cemetery?,The state of Virginia was requisitioned to build Arlington Cemetery,"Anne Hill Carter | Col. Robert E. Lee | Gen. Robert E. Lee | General Robert E. Lee | Lee, Robert Edward",0,0.6392,1.9721,23
A craniotomy is the surgical removal of a portion of which part of the human body?,cranium,Animal skull | Animal skulls | Crania | Cranial bone | Cranial ridge,1,0.4939,0.7523,23
Who was the demon barber of Fleet Street?,The demon barber of Fleet Street was a character in the 19th century,Sweeney Tod | Sweeney Todd | Sweeney Todd (character) | Sweeney todd | Sweenie Todd,1,0.7413,2.2598,22
What was the scene of the final defeat of the Jacobites under Charles Edward by forces under the command of the Duke of Cumberland on 16 April 1746?,The final defeat of the Jacobites under Charles Edward by forces under the command of,Culloden | Culloden (disambiguation),0,0.6331,1.5512,23
"In Greek mythology, who fell in love with his own statue of a woman?",orpheus,PYGMALION | Pigmalion | Pygmalian | Pygmalion | Pygmalion (disambiguation),0,0.8907,2.7861,26
What is the name of Humphrey Bogart’s character in the film ‘Casablanca’?,frank nero,CASABLANCA (1942) | Casablanca (feature film) | Casablanca (film) | Casablanca (movie) | Casablanca film,0,0.7408,1.8156,22
Who is universally accepted to be the first Roman Emperor?,"The first Roman Emperor was Augustus, who was born Gaius Octavi",Agustus | Augustan reform | Augusts Caesar | Augustus | Augustus Caesar,1,0.352,1.6075,23
In what card game do you need the queen of spades to shoot the moon?,rummy,Chase the lady | Complex Hearts | Complex hearts | Game of Hearts | Hearts,0,0.656,1.5031,23
"Sergio Leone, Otto Preminger, Fritz Lang and Fred Zinnemann are famous 20thC?",film directors,American film directors | Choppy scene | Director (film) | Directorial | Film Director,1,0.594,1.1333,22
In what year was Band-Aid's Do They Know It's Christmas the UK Christmas chart-topping record (bonus point each for the years of reissue success by Band Aid II and Band Aid 20)?,1984,"1984 | one thousand, nine hundred and eighty-four",1,0.7701,0.1521,22
"""An """"ISBN"""" is an identification number found on what item?""",book,Book | Book and paper conservation | Booke | Books | 📕,1,0.3756,0.6851,22
What was Johnny Cash's home state,Arkansas,25th State | Arcansas | Ark. | Arkansan | Arkansas,1,0.5471,2.1862,23
"In the 1972 film Cabaret, Sally Bowles is working in which club?",cabaret,Chocolate Crisp | Kit Kat | Kit Kat Chunky | Kit Kat Duo | Kit Kat Senses,0,0.8068,1.9608,22
"For a point each, name the 9 countries surrounding Germany.","netherlands, france, belgium, luxembourg, germany, austria,","Denmark, Poland, Czech Republic, Austria, Switzerland, France, Luxembourg, Belgium, and the Netherlands",0,0.3613,2.5178,26
Which dynasty ruled China from 1368 to 1644,Ming dynasty,Army of the Ming Dynasty | Capitals of the Ming Dynasty | China under Ming Dynasty rule | Code of the Great Ming | Decline of the Ming Dynasty,1,0.439,0.7891,26
Which Asian country was once called Siam?,siam,Etymology of Thailand | ISO 3166-1:TH | Kingdom Of Thailand | Kingdom of Thailand | Kingdom of the Thai,1,0.3462,1.9918,26
The Fitzwilliam Museum is in which English city?,Cambridge,"Caergrawnt | Cambridge | Cambridge (England) | Cambridge, Cambridgeshire | Cambridge, East Anglia",1,0.4524,0.7644,23
The 1960’s television series ‘Lost in Space’ is set in which year?,1960,"1997 | one thousand, nine hundred and ninety-seven",0,0.6743,0.7105,23
Which crusade was led by Philip II Augustus of France and Richard I of England?,The Third Crusade was led by Philip II Augustus of France and Richard I,3rd Crusade | 3rd crusade | Crusade of 1189 | Kings crusade | Kings' Crusade,1,0.4361,1.1694,23
"""Which 20th century English playwright wrote """"The Winslow Boy"""" and """"Separate Tables""""?""",george bernard shaw,Rattigan | Sir Terence Mervyn Rattigan | Sir Terence Rattigan | Terence Mervyn Rattigan | Terence Ratigan,0,0.9089,2.4919,22
"""Who wrote the piece of music recognised in much of the Western world as """"The Wedding March"""" (or as """"Here Comes The Bride"""")?""",john stainer,Felix Mendelsohn | Felix Mendelsohn-Bartoldy | Felix Mendelson | Felix Mendelssohn | Felix Mendelssohn Bartholdy,0,0.9403,3.5133,26
Sukhoi and Tupolev are aircraft manufacturers of what nation?,Soviet Union,Etymology of Russia | Federation of Russia | ISO 3166-1:RU | Northern Russia | Novaya russia,0,0.2665,1.2388,23
"In 1987, the Fdracion International del Volleyball arranged the first World Beach Volleyball Championships, which was played where?",san diego,BRRIO | January River | R Janeiro | R. Janeiro | Rio De Janeiro,0,0.7724,2.5385,26
"Which Spaniard, from 1518, overcame Montezuma, captured Mexico City and became Governor-General of much of Mexico?",viceroy,Cortes the conquistador | Cortez the Conquistador | Cortés the Conquistador | Cortéz the Conquistador | Hernan Cortes,0,0.5594,2.3015,22
What type of food in the United States are Brown Bobbies,The brown bobbie is a type of food in the United States.,Cake doughnut | Do-nut | Doenut | Dohnut | Dohnuts,0,0.7302,3.2866,22
Which was the highest placed Lancashire side in the 2006/7 Vauxhall Conference?,The Lancashire County Cricket Club,"MORECAMBE | Morecambe | Morecambe, Lancashire",0,0.9111,2.9495,23
Which city was known as Edo before assuming its current name in 1868?,Tokyo,Demographics of Tokyo | Dōngjīng (Japan) | Economy of Tokyo | Economy of tokyo | JP-13,1,0.3976,2.4078,22
"""Which late 19th century English illustrator was """"rediscovered"""" due to an exhibition from 19 May to 19 September 1966 at the Victoria and Albert Museum, London, which introduced his work to a new generation and began a craze that lasted into the 1970s?""",edward burns,Aubrey Beardsley | Aubrey Vincent Beardsley | Audrey Beardsley,0,0.8754,2.6063,23
Milwaukee is the largest city in which American state?,wisconsin,30th State | America's Dairyland | Badger State | Badger state | Climate of Wisconsin,1,0.3341,0.697,22
"In 2009, who became the first woman to referee the World Snooker Championship final?",jessica hudson,Michaela TABB | Michaela Tabb,0,0.8768,3.5874,22
In which sport is the Vince Lombardi awarded?,The Vince Lombardi Trophy is awarded to the winner of the National Football Conference (,Amefoot | Ameriball | American Football | American Handegg | American Style Football,0,0.6265,2.418,22
Which singer's real name is Elaine Bookbinder?,jennifer lopez,ELKIE BROOKS | Elaine Bookbinder | Elkie Brooks | Elkie Brooks discography | No More The Fool - Compilation,0,0.9713,3.3182,22
The first Apollo moon landing?,"The first manned moon landing was Apollo 11, which took place on July",11 | eleven,1,0.5048,2.002,26
The Carnegie family fortune was built around Andrew Carnegie’s success in manufacture in which industry?,steel,Crude steel | Long steel products | Steel | Steel (alloy) | Steel (metal),1,0.5211,1.7773,23
What world leader introduced Glasnost and Perestroika?,"In 1985, Mikhail Gorbachev, the leader of",Gorbacev | Gorbachav | Gorbacheu | Gorbachev | Gorbachevian,1,0.357,1.9539,23
Taphephobia is the abnormal fear of being what?,buried alive,Be buried alive | Being buried alive | Burial Alive | Burial alive | Buried alive,1,0.6028,1.2693,22
"The Estonian, Arvo Part wrote a Cantus to mourn which English composer, who died in 1976?",john taylor,BENJAMIN BRITTEN | Ballets by Benjamin Britten | Baron Britten | Baron Britten of Aldeburgh | Benjamen Britten,0,0.9183,2.0301,23
2004 is the 300th anniversary of Britain’s first victory on European soil since Agincourt when Marlborough defeated the French in which battle?,the battle of Blenheim,BLENHEIM | Churchill (cocktail) | Common Market (cocktail) | Golden Doublet | Joe Gilmore,1,0.1828,1.7717,26
"On average, a Big Mac contains 178 of what ingredient?",beef,Benne | Black sesame | Gingelly | SESAME SEEDS | Sesame,0,0.4932,1.2265,23
Who solved 'The Riddle of The Sphinx'?,The Riddle of the Sphinx was a riddle that was posed by the Greek,Edipus | OEDIPUS | OEdipus | Oedepus | Oedipe,0,0.6179,2.1276,26
On which island are the Cuillin Hills?,The Cuillin Hills are located on the Isle of Skye in Scotland,Achnahanaid | Altvaid | An t-Eilean Sgitheanach | Eilean Sgitheanach | Eilean a' Cheo,1,0.5438,1.6184,23
The oak furniture maker Robert Thompson included a carving of which animal on almost every piece he made from the 1920s until his death in 1955?,The oak furniture maker Robert Thompson included a carving of a deer on almost every piece,A MOUSE | MOUSE | Mice | Mouse | Mouse (animal),0,0.8736,2.5138,22
The Rio Grande forms the border of Texas with what other area?,The Rio Grande forms the border of Texas with Mexico,Central Mexico | EUM | Estados Unidos Mexicanos | Estados Unidos de Mexico | Estados Unidos de México,1,0.4342,1.431,23
Nigel Farage is the leader of which political party?,ukip,Fresh Choice for London | Independence Party (UK) | Independence Party (United Kingdom) | Leader of UKIP | Leader of the UK Independence Party,1,0.5393,1.5801,22
"Which other colour, along with yellow and green appears on the flag of Gabon?",blue,BLUE | Best Linear Unbiased Estimator | Best linear unbiased estimator | Blue (statistics) | Gauss markov theorem,1,0.5524,1.7586,22
"""In the 19th century, the term """"penny dreadful"""" applied to what item?""",comic book,Book | Book and paper conservation | Booke | Books | 📕,1,0.6329,2.6608,23
"Which detective, played on TV by Martin Shaw, was created by Alan Hunter?",michael caine,'INSPECTOR GEORGE GENTLY' | George Gently | Inspector George Gently | Inspector George Gently (TV series),0,0.9342,3.3665,23
"Eric Arthur Blair, born 25 June, 1903, was the birth name of what famed English author, who penned such works as The Road To Wiggan Pier and Down and Out in Paris and London?",george orwell,Arthur Blair | E.A. Blair | Eric A. Blair | Eric Arthur Blair | Eric Blair,1,0.321,0.9917,22
Who hosted the 2006 Academy Awards ceremony?,"The 78th Academy Awards ceremony was held on April 2,",John Leibowitz | Jon Daily | Jon Steward | Jon Stewart | Jon Stewart filmography,0,0.6517,1.2522,23
Which play is featured in the film The Producers?,The Producers,Springtime for Hitler,0,0.7606,1.3932,23
"What German battleship was sunk in November 1944 by Barnes-Wallis' Tallboy bombs, dropped by Lancaster bombers?",The Tirpitz,TIRPITZ | Tirpitz | Tirpitz (disambiguation),1,0.9028,1.9393,22
Which late English singer released albums entitled ‘Frank’ and ‘Back to Black’?,kate bush,Amie Winehouse | Amy %22Friedpotato%22 Winehouse | Amy Jade Winehouse | Amy Weinhaus | Amy Whinehouse,0,0.8517,2.8071,22
"In which country are the Angel Falls, the highest waterfall in the world?",venezuela,BRV | Benezuela | Bolivaria | Bolivarian Republic of Venezuela | Etymology of Venezuela,1,0.1991,0.5557,22
"""Which English comedian/actor said """"Girls are like pianos. When they're not upright they're grand""""?""",johnny depp,Alfred Hawthorne | Alfred Hawthorne Hill | Bennie Hill | Benny Hill | Benny hill,0,0.991,3.0424,26
Who played Claude Greengrass in 'Heartbeat'?,johnny depp,BILL MAYNARD | Bill Maynard | Walter Frederick George Williams,0,0.9514,3.8078,23
The new £340m Aviva Stadium in Ireland opened in 2010 on the site of which previous famous sports ground?,aviva stadium,Landsdowne Road | Landsdowne road | Lansdowne Road | Royal Irish Parks Stadium,0,0.795,2.864,22
"""What medical board game features body parts such as """"Charley Horse"""" and """"Spare Ribs""""?""","The game ""Charley Horse"" and ""Spare Ribs"" are both",Operating | Operation | Operation (disambiguation) | Operations,0,0.8204,3.3239,23
Who wrote the 1951 novel ‘The Caine Mutiny’?,clifton fadiman,HERMAN WOUK | Herman Wouk,0,0.8245,1.2716,22
What major river flows through Paris?,The Seine is the major river flowing through Paris,Banks of the Seine | La Seine | River Seine | Seine | Seine (river),1,0.1088,1.4416,22
"What is the name of the long running science program, produced by WGBH in Boston, on PBS, running from 1974 to the present?",Nova,CNe | Classical nova | Helium nova | Nova | Nova and Supernova,1,0.6223,0.4424,22
Who has been Secretary of State for Work and Pensions since May 2010?,The Secretary of State for Work and Pensions is a senior civil servant in the,Ellen Oshey | George Iain Duncan Smith | Iain Duncan Cough | Iain Duncan Smith | Iain Duncan-Smith,0,0.8098,2.6993,23
Which 2009 film is a biopic of John Lennon?,the night they killed john,'NOWHERE BOY' | Nowhere Boy,0,0.8061,2.9289,23
"There are two forms of classical Japanese theatre, 'Noh' is mostly spoken, but what name is given to the singing and dancing form?",kabuki,Kabuki | Kabuki Theatre | Kabuki play | Kabuki theater | Kabuky,1,0.097,1.218,26
Where was the world's tallest road bridge opened in December 2004?,"The world's tallest road bridge, the Qingdao Haiwan Bridge, was opened",Belle France | Climate of France | Etymology of France | FRANCE | FRance,0,0.6679,2.5738,23
What kind of animal are Chip and Dale?,The Chip and Dale cartoon series was created by the Walt Disney Company and was first,Chip monk | Chip munk | Chipmonk | Chipmunk | Chipmunks,0,0.5727,3.0222,22
"""Who wrote the TV series """"Pennies From Heaven"""", and """"The Singing Detective""""?""",john mayer,DENNIS POTTER | Denis Potter | Dennis C. G. Potter | Dennis Christopher George Potter | Dennis Potter,0,0.8992,3.3217,23
Louis Reard created which two-piece item of clothing in 1946?,bikini,Bikini | Bikini (underwear) | Bikini bottom | Bikini tanned | Bikini tanning,1,0.7503,1.655,22
The name of which chemical element takes its name from the Greek for light-bringing?,hafnium,32P | Element 15 | Fosforus | P32 isotope | Phospho,0,0.6279,3.222,23
The roe of lumpfish is used as a substitute for which delicacy?,The roe of lumpfish is used as a substitute for caviar.,Black caviar | Caviar | Caviar Caviare | Caviar substitute | Caviare,1,0.6646,2.1898,22
"Opened in 1637, in which city was the first public opera house?",london,Districts of Venice | Sestiere (Venice) | The weather in Venice | UN/LOCODE:ITVCE | Venedig,0,0.8123,1.8542,26
Who was the third President of the USA?,The third President of the United States was John Adams,"3rd President of the United States | Jefferson Administration | Jefferson, Thomas | President Jefferson | President Thomas Jefferson",1,0.4857,1.5954,23
"If you were to fly due east out of Rio de Janeiro, which country's coastline would you fly over first?",brazil,Culture of Namibia | ISO 3166-1:NA | Nam bam | Nambam | Nambia,0,0.5221,2.3288,22
Ailurophobia is the abnormal fear of what?,Ailurophobia is the abnormal fear of cats.,C.A.T.S. | CATS | CATS (disambiguation) | Cats (disambiguation),1,0.3593,0.8161,22
Which country is known to its people as Suomen Tasavalta?,finland,Etymology of Finland | FINLAND | Fin land | FinlanD | Finland,1,0.34,1.3673,23
"Which country declared a state of emergency on 8 November 2005 as a result of prolonged rioting, allegedly provoked by the death of 2 teenagers?",india,Belle France | Climate of France | Etymology of France | FRANCE | FRance,0,0.5649,2.6737,23
"""What philosopher said """"God is dead""""?""",marx,F. Nietzsche | F. W. Nietzsche | Franziska Oehler | Frederich Nietzsche | Fredericke Nietsche,0,0.576,2.1269,22
Who is recognised as Britain’s first Prime Minister?,"The first Prime Minister of the United Kingdom was William Pitt the Younger, who","Bob Booty | Bob of Lym | Orford, Robert Walpole, 1st earl of | Robert Walpole | Robert Walpole, 1st Earl of Orford",0,0.2866,1.8921,22
Name the last US president to meet the leader of Cuba before Barack Obama did in 2015?,barack obama,34th President of the United States | D. D. Eisenhower | D. Eisenhower | David D. Eisenhower | David Dwight Eisenhower,0,0.7322,1.954,22
Aung San Suu Kyi is a controversial leader in which country?,aung san suu kyi,Birma | Birman Empire | Birmania | Birmanie | Borders of Burma,0,0.2738,1.7474,22
Which Mexican dish is a steamed corn husk filled with meat or vegetables coated in masa dough?,tamales,Tamal | Tamal (dish) | Tamale | Tamales | Tomale,1,0.6693,0.8264,26
Where is the Arafura Sea?,"The Arafura Sea is a marginal sea of the Pacific Ocean, located between",Between Australia and New Guinea,0,0.2958,1.4476,22
Which Queen is buried in a chapel in the grounds of Sudeley Castle in Gloucestershire?,queen elizabeth i,Anthony Martienssen | Catherine Borough | Catherine Parr | Catherine Parre | Kateryn Parr,0,0.8062,1.7228,23
What hourglass-shaped women's garment was made using whalebone?,The whalebone corset was a popular garment for women in the 19,Corset | Corsets | Corsetting | Mechanical corset | Tight lacing corset,1,0.8284,1.771,26
Whose backing band is known as The Miami Sound Machine?,The Miami Sound Machine,Estefan | Gloria Estafan | Gloria Esteban | Gloria Estefan | Gloria Estefan & Miami Sound Machine,0,0.9114,1.9629,23
What is the name of the device made of wood and horsehair that is used to play a violin?,bow,Bow | Bow (disambiguation) | Bows,1,0.6439,1.3004,22
'Christie Mahon' is the title character in which play?,"the play ""The Cherry Orchard""",'PLAYBOY OF THE WESTERN WORLD' | Christopher Mahon | Christy Mahon | Honor Blake | Michael James Flaherty,0,0.925,3.4226,22
The Miller Brewing Company got its start in what U.S. city?,"The company was founded in 1856 in Milwaukee, Wisconsin",Juneautown | Kilbourntown | Millwaukee | Milwauekee | Milwaukee,1,0.6002,1.7742,22
Which Mexican revolutionary was born Doroteo Arango in 1878?,pancho villa,Doreteo Arango | Doroteo Arango | Doroteo Arango Arambula | Doroteo Arango Arámbula | Francisco %22Pancho%22 Villa,1,0.6047,0.7493,22
What type of animal is a dik-dik?,The dik-dik is a small antelope,Antelope | Antelopes | Antilopina | Botswanan Antelopes | Hybrid antelope,1,0.1027,1.6615,22
Trick question: what was Eleanor Roosevelt's maiden name?,roosevelt,ROosevelt | Roosevelt | Roosevelt (disambiguation) | Roosevlet | Rossevelt,1,0.3515,2.5103,26
Who lead the enquiry into the Iraq war?,"The Iraq Inquiry was an independent inquiry into the conduct of the Iraq War, chaired",John Chilcot | Sir John Chilcot,0,0.5716,2.2418,22
Which German philosopher wrote ‘Das Kapital’?,karl marx,Carl Heinrich Marx | Carl Marks | Carl Marx | Father of Communism | K Marx,1,0.304,0.7607,23
Which organisation was founded in 1863 after the publication of the book 'A Memory Of Solferino' by the Swiss businessman Henri Dunant?,the International Committee of the Red Cross,American Red Crescent Movement | Fundamental Principles of the International Red Cross and Red Crescent Movement | International Conference of the Red Cross and Red Crescent | International Federation of Red Cross | International Federation of Red Cross and Red Crescent,1,0.2617,1.2788,23
What type of beverage does a barista prepare and serve ?,A barista prepares and serves coffee,COFFEE | Coffee (disambiguation),1,0.4484,1.8729,22
Which explorer was cast adrift by his crew in 1611 and never seen again?,jacob leisler,Hendrik Hudson | Henry Hudson | Henry Hudson's third voyage | Henry hudson | Sir Henry Hudson,0,0.7712,2.393,26
"General Franco, the Spanish military general, was head of state of Spain from October 1936 following the Spanish Civil War, until when?",1975,"1975 | one thousand, nine hundred and seventy-five",1,0.5482,0.6364,23
What is a Jacob's Ladder?,The Jacob's ladder is a device that is used to demonstrate the concept of a,Building toy | Coaster models | Farm Toys | Farm toy | Pet toy,0,0.6904,2.9746,26
At which sport could you win the Victor Barna Award?,The award is named after the first American to win a gold medal in the sport,Corbillon cup | Gossima | Pen holders | Pen holding | Pen-holders,0,0.8542,2.9652,22
"June 5, 2004 saw the death of what man, the 40th President of the United States?",william w. mckinley,40th President of the United States | Cultural and political image of Ronald Reagan | Dutch Reagan | Health of Ronald Reagan | President Reagan,0,0.668,2.0652,23
Who composed the opera Turandot?,The opera Turandot was composed by Giacomo Puccini,G. Puccini | Giacchino Puccini | Giacomo Antonio Domenico Michele Secondo Maria Puccini | Giacomo Puccini | Giacomo puccini,1,0.5741,1.6043,23
"""Who played the part of the tragic Jennifer Cavalleri in the 1970 film, """"Love Story""""?""",jessica reynolds,ALI McGRAW | Ali MacGraw | Ali Macgraw | Ali McGraw | Ali Mcgraw,0,0.9691,2.155,26
Which mythical hero wielded a magical sword called 'Gram'?,arthur,Siegfreid | Siegfried | Siegfried (given name) | Siegfried (name) | Sigfrid,0,0.9286,2.9752,26
"Who, in 2010, became the first batsman to score 200 runs in a limited overs international match?",paul stuart,Anjali Tendulkar | Arjun Tendulkar | List of batsmen who have scored 100 centuries in international cricket | Ramesh Tendulkar | Relation of the Universe to God,0,0.9088,3.244,22
The Freedom Cup is contested annually between the Rugby Union teams of New Zealand and which other country?,australia,Afrique du sud | Azania/South Africa | Capital of South Africa | ISO 3166-1:ZA | Mzansi,0,0.6921,1.9086,26
Communist forces in Vietnam began an offensive during what holiday in 1968?,30th of April,Tet | Tet (disambiguation),0,0.5029,1.9852,22
"What two word name is given to an 1887 demonstration in London against Irish repression, a 1905 massacre in St. Petersburg, and a 1972 shooting of civilians in Londonderry?",titanic,'BLOODY SUNDAY' | 'Bloody Sunday' | Bloody (disambiguation) | Bloody Sunday | Bloody Sunday (disambiguation),0,0.6276,2.2667,26
"""What traditional herb is used in a """"Margharita"""" pizza ?""",basil,BASIL | Basil | Basil (herb) | Basil (plant) | Basil Oil,1,0.5134,0.9273,23
"Which ethical cosmetics company opened its first store in Poole, Dorset in 1994?",The Body Shop,Lush | Lush (disambiguation),0,0.8109,3.1775,22
Which actor took Russian citizenship in January 2013 amid a row over taxes in his native country?,"The actor, who was born in Russia, took Russian citizenship in January 2",Filmography of Gerard Depardieu | Filmography of Gérard Depardieu | Gerard Depardieau | Gerard Depardieu | Gerard Depardieu's filmography,0,0.8993,3.7951,22
The Getz and the Elantra are car-models made by which manufacturer?,hyundai,Blue Chip PC | Corporate social responsibility at Hyundai | Hundai | Hunday | Hyeondae,1,0.8135,1.3071,26
The Webb Ellis Cup is presented to the winners of the World Cup in what sport?,The Webb Ellis Cup is presented to the winners of the Rugby World Cup.,Rubgy | Rugby | Rugby (disambiguation),1,0.5291,1.9165,23
"What name was collectively given to the sons of Poseidon, who dwelt with him at the bottom of the sea?",nereids,TRITON | Triton | Triton (disambiguation) | Tritons,0,0.6124,2.1778,23
"Which single word connects 'The Spanish Armada, and the TV series 'The Worker'?",the,DRAKE | The Drake | The Drake (disambiguation) | The Drake Hotel,0,0.8382,2.375,23
"What 2009 hit that rewarded a woman director opens with the quotation 'The rush of battle is a potent and often lethal addiction, for war is a drug'?",The Hurt Locker,Christopher Sayegh | Hurt Locker | Hurt locker (film) | The Hurt Locker | The Hurt locker,1,0.9857,1.9649,26
Who narrates the spoken verses on Blur’s top 10 hit ‘Parklife’?,The narrator is a man who is singing about his life and his love for his,PHIL DANIELS | Phil Daniels | Phil daniels,0,0.9103,2.9938,23
In which city were the 2009 World Athletic Championships held?,london,"Athens on the Spree | Berlib | Berlin | Berlin (Germany) | Berlin, Germany",0,0.7937,2.0549,23
How was BBC Radio 7 rebranded in April 2011?,The station was rebranded as BBC Radio 7 in April 20,(BBC) RADIO 4 EXTRA | BBC 7 | BBC R7 | BBC Radio 4 Extra | BBC Radio 4Xtra,1,0.8818,1.6666,22
What type of animal is Wilbur in the story Charloffe's Web?,Wilbur is a pig.,Chazer | Pig | Piggeh | Pigs | Sus (genus),1,0.6679,1.7256,23
Wayne Rooney signed for Manchester United from which other Premiership Club?,arsenal,Everton | Everton (disambiguation),0,0.8359,2.4597,22
"How are the towns of Hanley, Burslem, Stoke, Longton,Tunstall and Fenton collectively known?","The towns of Hanley, Burslem, Stoke, Longton, Tun",'THE POTTERIES' | Staffordshire Potteries | Staffordshire potteries | Staffordshire pottery | Staffordshire ware,0,0.7912,1.9575,23
"Planchet was the servant of which of the Three Musketeers, by Alexandre Dumas?",d'Artagnan,"Charles Ogier de Batz de Castelmore | Charles Ogier de Batz de Castelmore, Comte d'Artagnan | Charles de Batz de Castelmore | Charles de Batz de Castelmore d’Artagnan | Charles de Batz-Castelmore",1,0.6177,0.7739,26
What is the alcoholic ingredient of Irish coffee?,Irish coffee is a coffee-based drink that is traditionally made with Irish whiskey,Craythur | Hot whiskey | Tarantula juice | Uisge beatha | Usquebaugh,1,0.579,2.2517,23
In what film did Oprah Winfrey make her big screen acting debut?,"The film was directed by Robert Zemeckis and starred Winfrey, Jim",Color Purple | Colour Purple | The Color Purple | The Color Purple (novel) | The Colour Purple,0,0.7474,3.1253,22
The male name Beau is a shortened version of what name?,beaux,BEAUREGARD | Bauregard | Beauragard | Beauregard | Beauregard (disambiguation),0,0.9703,2.5758,22
"Which 1940 film, directed by John Ford, was based on John Steinbeck’s Pulitzer-Prize winning novel of the same name?",the greyhound,Al Joad | Angry Raisins | Grapes of wrath | Jim Casy | Ma Joad,0,0.7455,1.4784,23
What is the official residence of the Vice President of the USA?,The official residence of the Vice President of the United States is the Vice President's,1 Observatory Circle | Number 1 Observatory Circle | Number One Observatory Circle | One Observatory Circle | Residence of the Vice President of the United States,1,0.4344,1.1908,23
Suffrage is the right to do what?,The right to vote is a fundamental right in many countries,Constituent (politics) | I Voted | Retrospective vote | Retrospective voting | Votation,1,0.5039,1.9372,23
What is the most popular hobby,The most popular hobby is reading.,Philatelics | Stamp Collecting | Stamp club | Stamp collecting | Stamp collection,0,0.7005,2.7704,26
"In the standard game of Monopoly, you go to jail if you throw how many consecutive sets of doubles on the dice?",3,3 | Three | three,1,0.7523,0.944,22
The term 'green-eyed monster' originated from which of Shakepseare's plays?,1 Henry VI,List of characters in Othello | Moor of Venice | Othello | Othello (1982 film) | Othello (Shakespeare),0,0.7957,1.7191,23
"What comes next in this sequence: Microwave, Infrared, Visible Light, …",Ultraviolet,Bee's purple | Chemical rays | Deep UV | Deep ultraviolet | Diurnal variation of ultaviolet light,1,0.5506,1.0037,22
Which Spaniard won the Tour de France five times in the 1990's?,rafael alonso,"Big Mig | BigMig | Bigmig | Indurain | Indurain, Miguel",0,0.9562,3.0223,26
What nationality was sculptor Constantin Brancusi?,Romanian,Autobiographie erotique | Autobiographie érotique | ROMANIAN | The Romanian | The Romanian: Story of an Obsession,1,0.409,2.1733,26
Who is the father-in-law of Manchester City footballer Sergio Kűn Aguerro?,Sergio Agüero,D10S | DIEGO MARADONA | Diego Armando Maradona | Diego Maradona | Diego Maradonna,0,0.8966,2.9847,23
Which of Dickens' novels contains the characters Mr Pecksniff and Mrs Gamp?,hard times,Chuzzlewit | Jefferson Brick | Life and Adventures of Martin Chuzzlewit | Mark Tapley | Martin Chezzlewit,0,0.7799,2.9047,23
Which British Prime Minister served the constituencies of Limehouse and Walthamstow West?,edward lawrence,1st Earl Attlee | Attlee | C. R. Attlee | C.R. Attlee | Clem Atlee,0,0.8992,2.6457,23
Which English rowing event is held every year on the River Thames for 5 days (Wednesday to Sunday) over the first weekend in July?,regatta,Diamond Sculls | Henley Regatta | Henley Royal Regatta | Henly Royal Regatta | Regatta Enclosure,0,0.7879,1.2821,23
In what city would you find Yale University?,New Haven,"City of New Haven | New Haven | New Haven (CT) | New Haven, CT | New Haven, Conn.",1,0.3004,0.9648,26
Which group did Steve Marriot go on to form when he left the 'Small Faces'?,The Small Faces,'HUMBLE PIE' | Humble Pie | Humble pie | Umble pie | Umbles,0,0.9162,1.8983,22
America's People magazine named which actress as the World's Most Beautiful Woman in 2013? She plays Pepper Potts in the Iron Man series of films.,gwyneth paltrow,Apple Blythe Alison Martin | Apple Martin | Goop.com | Gweneth Paltrow | Gwenneth Paltrow,1,0.7177,1.2395,23
"The daughter of the extravagant baronet 'Sir Walter Eliot', 'Anne Eliot is the central character in which of Jane Austen's novels?",pride and prejudice,'PERSUASION' | Heuristic persuasion | Inveigle | Inveigled | Inveigles,0,0.6689,0.4884,22
"""What profession requires the artist to know about """"F stops""""?""",photographer,Art Photography | Commercial Photography | Commercial photographer | Commercial photography | Early photography,0,0.5498,0.7532,23
"Cain dwelt in the Land of Nod, which was where on the Biblical compass?",north,Aron Trask | Cal Trask | Charles Trask | Cyrus Trask | East Of Eden,0,0.5503,2.0844,23
"In World War I, the British soldiers were nicknamed 'Tommies', what name was given to French soldiers?",poilu,'POILU' | Poilu | Poilus,1,0.7894,2.7783,22
In which UK City is there a district called Holgate?,london,City of York | County Borough of York | Eoferwic | Eoforwic | Park Grove (1895),0,0.8818,2.714,22
What is the French name for the English channel?,English Channel,Anglo-French Pond | British Channel | British Sea | Channel Swimming | Dover Traffic Separation System,1,0.6685,2.1296,26
The tough fibrous membrane called the dura covers what?,"The dura is the outermost layer of the meninges, and is the",The brain and spinal cord,0,0.3973,2.2206,23
The River Durance flows into the Rhone near to which French town or city?,Grenoble,"Avignon | Avignon, France | Historic Centre of Avignon: Papal Palace, Episcopal Ensemble and Avignon Bridge | Popes of Avignon | The weather in Avignon",0,0.8649,2.0891,26
"""What 1996 film directed by Danny Boyle, was advertised with the tag line """"Choose Life""""?""",boyhood,'TRAINSPOTTING' | Trainspotting | Trainspotting (disambiguation),0,0.8511,1.2049,23
"""""""Holding Back the Years"""", was a US No 1 hit record for which British pop group?""",the beatles,Frantic Elevators | SIMPLY RED | Simple Red | Simply Red | The Frantic Elevators,0,0.9575,1.6645,22
"Mike Joyce, Johnny Marr, Stephen Morrisey and Andy Rourke were members of which pop group?",the fall out boy,'THE SMITHS' | Dale Hibbert | Morrissey/Marr | The Smiths | The Smiths (band),0,0.8906,1.0347,22
Where are the headquarters of Interpol?,"The headquarters of the International Criminal Police Organization (Interpol) is in Lyon,",Capital of gastronomy | City of Lyon | Historic Site of Lyons | Lyon | Lyon (France),1,0.4045,1.1535,22
Which sea lies between Italy and the former Yugoslavia?,Adriatic Sea,Adriatic | Adriatic Coast | Adriatic Sea | Adriatic coast | Adriatic sea,1,0.4606,1.0364,23
"Which tennis player played in three consecutive men's singles finals at Wimbledon between 1963 and 1965, losing on all three occasions?",johannes de gryse,FRED STOLLE | Fred Stolle,0,0.9053,3.0681,26
"""Which author famously upset her publisher by beginning a book with """"I am quite tired of making goody goody books about nice people""""?""",lisa lerman,Beatix potter | Beatrix Potter | Beatrix Potter Society | Beatrix Potter bibliography | Beatrix pottrer,0,0.9534,3.4483,26
What was Kerry Packer's media company called?,"In 1988, Kerry Packer's media company, News Limited",CONSOLIDATED PRESS,0,0.6362,1.9141,23
What is the name for the dot on the lower case letters I and J?,dot,A TITTLE | Jot and tittle | Jot or tittle | Tittle | Tittles,0,0.5944,1.1925,23
What is the name of the line that darts players stand behind to throw?,"The line that darts players stand behind to throw is called the ""target line",Oche,0,0.7343,2.6679,23
Who was made Archbishop of Capetown in 1986?,"In 1986, Archbishop Desmond Tutu was made Archbishop of Cape",Archbishop Desmond Tutu | Bishop Desmond Tutu | Bishop Tutu | Desmond Mpilo Tutu | Desmond Tuto,1,0.7398,1.8299,23
Which fictional UK television doctor lives in Tannochbrae?,dr. john mackenzie,Dr Findlay's Casebook | Dr Finlay | Dr Finlay's Casebook | Dr. Finlay | Dr. Finlay's Casebook,0,0.8984,3.2371,23
What word for unthinking patriotism is derived from the name of one of Napoleon's admirers?,philosophe,Chauvanism | Chauvanist | Chauvanistic | Chauvenism | Chauvinism,0,0.7079,3.482,22
What is the main attraction at both Altamira and Lascaux?,The cave paintings at Altamira and Lascaux are the main attractions of,Cave art | Cave drawing | Cave painting | Cave paintings | Hand stencil,1,0.3742,2.4124,22
Laila Morse is the sister of which actor?,jason hawke,"Gary L. Oldman | Gary Leonard Oldman | Gary Oldman | Gary Oldmen | Oldman, Gary",0,0.9704,3.5297,26
In which South American country does Angostura Bitters originally come from?,angostura,BRV | Benezuela | Bolivaria | Bolivarian Republic of Venezuela | Etymology of Venezuela,0,0.2963,1.8934,22
On which island is the holiday resort of Faliraki?,The island of Crete is the largest of the Greek islands and is located in,RHODES | Rhodes (disambiguation) | Rhodes.,0,0.5646,2.7637,22
Who plays the role of Bubble in Absolutely Fabulous?,The role of Bubble is played by actress and comedian Joanna Lumley.,Jane Horrocks,0,0.8924,3.3554,23
"What metric prefix, denoting ten to the power of minus twelve, is named from Spanish meaning 'little bit'?",yotta,PICO | Pico | Pico (disambiguation),0,0.5512,1.9798,23
Which was the first US state to secede from the Union in December 1860; the first action of the Civil War took place in that state in April the following year?,South Carolina,8th State | Economy of South Carolina | Education in South Carolina | Eighth State | Geography of South Carolina,1,0.4306,0.9458,22
"Situated in the West Pennine Moors, what are Turton and Entwistle, Jumbles and Wayoh",villages,Artificial Lake | Artificial lake | Artificial lakes | Artificial loch | Bankside reservoir,0,0.8807,2.7686,22
What is the final event in a decathlon?,The decathlon is a track and field event in which athletes compete in ten different,"1500 distance | 1500 metres | one thousand, five hundred  distance",0,0.5509,1.0216,23
Which European country switched to driving on the right in 1967?,The Netherlands,Climate of Sweden | Etymology of Sweden | ISO 3166-1:SE | Kingdom of Sweden | Konungariket Sverige,0,0.6458,2.6625,22
What would be most useful in playing a game of backgammon?,The game is played on a board with 24 checkers on each player,12-sided die | 20-Sided Die | 20-sided die | 8-sided die | Chance cube,0,0.5959,2.1244,22
"Which constellation has, uniquely, in Rigel and Betelgeuse, two of the ten brightest stars?",the constellation Orion,ORION | Orion | Orion (disambiguation) | Orion (music) | Orion (song),1,0.4597,2.3325,22
"In Greek mythology, who were the band of heroes who accompanied Jason to Colchis in his quest to find the Golden Fleece?",The Argonauts,ARGONAUTS | Argonaut | Argonautai | Argonautic | Argonauts,1,0.6386,2.3548,22
Distances from London are all measured from which landmark?,"The distance from London to the nearest airport, Stansted Airport, is 2","Center of London | Centre of London | Charing (London) | Charing Cross | Charing Cross, London, England",0,0.6374,2.6133,26
“And in the end you wind up dying all alone on some dusty street. For what? For a tin,tin can,HIGH NOON | High Noon | High Noon (1952 film) | High Noon (film) | High Noon (movie),0,0.6821,3.1454,22
Aberdeen is known as what?,Aberdeen is also known as the Granite City,Granite City | Granite City (disambiguation) | The Granite City | The granite city,1,0.4441,1.5354,22
"When it was a first performed at the Abbey Theatre in Dublin in 1907, which play caused rioting in the streets because of objections to the portrayal of rural Irish Catholic immorality?","The play was The Count of Monte Cristo, by Alexandre Dumas.",'THE PLAYBOY OF THE WESTERN WORLD' | Christopher Mahon | Christy Mahon | Honor Blake | Michael James Flaherty,0,0.7919,2.565,22
Sindh is a province of which Asian country?,pakistan,Al-Bakistan | Al-Pakistan | Bakistaan | Bakistan | Bakstaan,1,0.2502,0.465,22
The island called Martha's Vineyard off the south of Cape Cod in New England is in which state of the USA?,massachusetts,6th State | Commonwealth of Masachusets | Commonwealth of Masachusetts | Commonwealth of Masachussets | Commonwealth of Masachussetts,1,0.323,0.1288,22
"Taking its name from the Portuguese words for wine and garlic, which hot curry originated in Goa?",vindaloo,Chicken vindaloo | Tindaloo | Vindalho | Vindaloo,1,0.8894,2.6316,26
What is the oldest medical journal in the United States?,"The first medical journal in the United States was the Medical Repository, published in Philadelphia",Boston Medical & Surgical Journal | Boston Medical and Surgical Journal | N Eng J Med | N Eng J Med. | N Engl J Med,0,0.3188,1.6703,22
How many edges are there on a tetrahedron?,A tetrahedron has 6 edges,6 | six,1,0.2556,0.3415,22
Which multi-talented actor played Mr Burns and Derek Smalls?,charles akerman,Harry Shearer | Harry schearer | Harry scheerer | Harry sheerer,0,0.8834,2.8418,23
"In cooking, 190 degrees Celsius is the equivalent to which Gas Mark?",190 degrees Celsius is the equivalent of Gas Mark 11.,5 | five,0,0.6829,1.386,23
Cassandra was the pseudonym of which writer in the Daily Mirror?,george orwell,William Connor | William Neil Connor,0,0.9547,3.7615,26
"Tina Turner Highway, Tennessee, links Brownsville and which town?",tennessee,Nutbush,0,0.8696,3.9901,26
Who was elected US President in November 2012?,"In the 2012 United States presidential election, Barack Obama was re",0bama | 2008 Democratic Presidential Nominee | 44th President of the United States | 44th president of the united states of america | B. H. Obama,1,0.4807,2.0714,22
Who was the 2001 Wimbledon Women's Singles Champion?,amélie mauresmo,2014 Venus Williams Tennis Season | 2014 Venus Williams tennis season | 2015 Venus Williams tennis season | Venus Ebone Starr Williams | Venus Ebony Starr Williams,0,0.7233,3.4191,22
"What name is given to the soft spots on a baby's head which, during birth, enable the bony plates of the skull to flex allowing the child's head to pass through the birth canal?",fontanelle,Depressed fontanelle | FONTANELLE | Fontanel | Fontanell | Fontanelle,1,0.5043,0.7036,22
"Which Spanish soup containing onions, tomatoes, peppers and cucumbers and traditionally thickened with stale breadcrumbs is always served cold ?",gazpacho,GAZPACHO | Gaspacho | Gazpacho | Gazpacho Soup | Gazpacho soup,1,0.7213,0.1381,26
"""The musical """"Les Miserables"""" is based on whose novel?""",henry clauss,"Hugo, V. | Hugo, Victor | Hugo, Victor Marie | V Hugo | V. Hugo",0,0.6258,2.7065,23
"In the 18th Century, Russia led a coalition that defeated which country in the Great Northern War?",sweden,Climate of Sweden | Etymology of Sweden | ISO 3166-1:SE | Kingdom of Sweden | Konungariket Sverige,1,0.5486,0.8298,23
"Published on Feb 21, 1848, which two authors were responsible for the Communist Manifesto?",Karl Marx and Friedrich Engels,Karl Marx and Friedrich Engels,1,0.3456,1.2753,23
Which British artist’s works include ‘The First Real Target’?,john mapplethorpe,Peter Balke | Peter Blake | Peter Blake (disambiguation) | Sir Peter Blake,0,0.9115,3.1118,23
Which is the only Semitic language that is an official language of the EU?,The only Semitic language that is an official language of the EU is Hebrew.,Maltese | Maltese (disambiguation),0,0.5253,2.2251,23
Which US lead singer's real name is William Baily?,johnny cash,Axal rose | Axel Rose | Axl (musician) | Axl Rose | Axle Rose,0,0.9458,3.2508,23
"""What movie featured the song """"You've Got a Friend in Me""""?""",the sound of silence,A Toy Story | Live Action Toy Story | Production of Toy Story | To Infinity and Beyond | To Infinity and Beyond (catchphrase),0,0.9852,3.7766,26
"Name the private gardens adjoining Windsor Castle which housed the Royal Mausoleum, the burial place of Queen Victoria and Prince Albert?",st. james's park,FROGMORE | Frogmore | Frogmore Gardens | Frogmore Mausoleum | Frogmore Royal Mausoleum,0,0.8621,2.3041,22
What is the official residence of the Lord Mayor of London ?,The official residence of the Lord Mayor of London is the Mansion House,MANSION HOUSE | Mansion House | Mansion House (disambiguation) | The Mansion House,1,0.6912,1.4013,23
"What corporation pioneered the use of coupons in consumer marketing, beginning in 1887, so that by 1913 over eight million Americans had sampled its product for free?",The American Tobacco Company,Classic Coke | Classic coke | Co-cola | Coca -cola | Coca Cola,0,0.7741,2.991,23
What was the only British Number One single by The Four Tops?,"The Four Tops' only UK number one single was ""Reach Out (I'm","Reach Out (I'll Be There) | Reach Out I'll Be There | Reach Out I’ll Be There | Reach Out, I'll Be There",0,0.7985,2.1712,26
In the 80s who wrote the novel Empire of The Sun?,john lewis,A User's Guide to the Millenium | Ballardian | J G Ballard | J. G. Ballard | J.G. Ballard,0,0.8792,3.6496,26
In Greek mythology which king of Corinth was compelled to eternally roll a large boulder up a hill only to watch it roll down again?,admetus,Sifysos | Siphysos | Sisiphus | Sisophys | Sissyphus,0,0.7863,2.9519,22
"Belonging to Indonesia, Irian Jaya is the western portion of which large island?",New Guinea,Etymology of Papua | Irian | Island of New Guinea | Names of New Guinea | New Guinea,1,0.416,1.1983,22
"In the TV series Doctor Who, who was the creator of the Daleks and arch enemy of the Doctor?",gilbert and derek,Creator of the Daleks | Davros,0,0.794,2.694,23
Sesame seeds are a very good dietary source of what elemental mineral?,calcium,C8H14MgO10 | Element 12 | Magnesium | Magnesium L-threonate | Magnesium compounds,0,0.4876,2.0042,23
"Which country's coalition government, led by Jan-Peter Balkenende, collapsed in 2010 when disagreeing about extending military action in Afghanistan?",netherlands,Administrative divisions of the Netherlands | Administrative divisions of the netherlands | Capitals of Holland | Climate of the Netherlands | Dutch inhabitants,1,0.4823,1.12,22
"In the game of golf, an Albatross is how many strokes under par for a given hole?",3,3 | Three | three,1,0.6163,1.2655,23
JSC. What phrase was trending worldwide on Twitter after the events of 7th Jan. 2015?,#IamIndia,I am Charlie | Iamcharlie | Ich bin Charlie | JE SUIS CHARLIE | Je Suis Charlie,0,0.7302,3.0936,26
Who was the first man to swim 100 metres in under a minute?,The first man to swim 100 metres in under a minute was Australian,Johann Peter Weißmüller | John Weissmuller | Johnny Weismuller | Johnny Weissmueller | Johnny Weissmuller,0,0.836,3.2004,23
Cassiterite is a principal ore of which metal?,tin,Element 50 | Sn (element) | Stannic | Stannous | Stannous ion,1,0.3461,0.8024,22
Where are the headquarters of the Australia Rugby Football Union,Sydney,Chase Bridge Primary School | Chase bridge | Orleans Infants | Orleans Infants School | Orleans Primary School,0,0.7082,1.7173,22
Who had chart hits which included Annie`s Song and Rocky Mountain High?,The Beatles,"Annie denver | For Baby (For Bobbie) | Henry Deutschendorf | Henry Deutschendorf, Jr. | Henry Deutschendorf, Junior",0,0.9372,2.0599,22
"Blinky, Mr Teeny and Jub-Jub are all animals in which US animated television series?",sesame street,500 Easy Pieces | A to Z (Simpsons TV ad) | Bart's Homework | Bart's Karate Lesson | Bart's Nightmare (Simpsons TV ad),0,0.842,2.0839,23
What city had the largest library in the ancient world?,The Library of Alexandria was the largest library in the ancient world,Ahmed Orabi Square | Al Iskandariya | Al Iskandarîya | Al-Iskandariya | Al-Iskandariyya,1,0.4565,1.5409,23
Which well known couple live at Bagshot Park in Surrey?,The couple are the actor and singer-songwriter David Bowie and his wife Angie Bowie,"Ardent Productions | Earl and Countess of Wessex | Edward Anthony Richard Windsor | Edward Wessex | Edward Windsor, Earl of Wessex",0,0.9195,3.2635,23
"Which war veterna, who died in 2009 had the nickname 'The Last Fighting Tommy'?",johnny redwood,HARRY PATCH | Harry Patch | Henry John Patch,0,0.9255,2.6697,23
Eugne Arnold Dolmetsch (1858-1940) is seen as largely responsible for promoting what for use in schools?,The first school to use the Dolmetsch system was the Royal Grammar School,Recorder | Recorder (disambiguation) | Recorders | The Recorder | The Recorder (newspaper),0,0.7071,3.7048,22
Why was Korean short-track speedskater Kim Dong-Sung disqualified from the men's 1500 metre final at the 2000 Olympics?,Kim was disqualified for a violation of the rules,Cross-tracking,0,0.746,2.5284,23
Which city is the headquarters of the Mormon church,Salt Lake City,Capital of Utah | Great Salt Lake City | Grid plan (Salt Lake City) | J. E. Cosgriff Memorial Catholic School | J.E. Cosgriff Memorial Catholic School,1,0.3953,1.1836,22
The song with theshortest title to have reached number one in the UK charts was released by Telly Savalas in 1975. What was it called?,The song with the shortest title to have reached number one in the UK charts was,'IF' | I F | I.F. | I.f. | IF,0,0.9365,2.8487,23
Who wrote the James Bond novel Solo?,The James Bond novel Solo was written by Ian Fleming,"Bill Boyd | Bill Boyd (disambiguation) | Boyd, Bill | Boyd, William | William Boyd",0,0.7776,2.4479,23
"Which Shakespeare play tells the story of Prospero, the rightful Duke of Milan?",the tempest,EMSEC | Emission security | Emissions security | TEMPEST | Tempest (codename),1,0.555,1.6131,22
Who killed Jean Paul Marat?,"The Marat-Saint-Honoré, a monument to Marat, was","Charlotte Corday | Charlotte la Cordé | Corday, Charlotte | Marie Anne Charlotte Corday D'Armont | Marie Anne Charlotte Corday Darmont",0,0.4906,2.3889,22
The Habit of Art is a play by Alan Bennett about a fictional meeting between Benjamin Britten and which poet?,T.S. Eliot,"Auden, Wystan Hugh | Fleet Visit | Tell Me the Truth About Love | W Auden | W H AUDEN",0,0.8721,2.0052,23
"""Who published an autobiography entitled """"A Journey"""" on 1 September 2010?""",The answer to this question is,Anthony (Tony) Blair | Anthony C. L. Blair | Anthony Charles Blair | Anthony Charles Lynton %22Tony%22 Blair | Anthony Charles Lynton Blair,0,0.8828,3.7838,23
Who was the first emperor of Rome?,The first emperor of Rome was Augustus,Agustus | Augustan reform | Augusts Caesar | Augustus | Augustus Caesar,1,0.161,1.428,22
"Which American city has districts called Financial, Mission, Japantown and Richmond?",san francisco,"Baghdad by the Bay | Baking Arts | City & County of San Francisco | City and County of San Francisco | City and County of San Francisco, California",1,0.5679,0.0659,26
"First put on sale last week, Decision Points, currently ranked #1 in books on Amazon.com, is a memoir by what politician?",Bill Clinton,2000 Republican Presidential Nominee | 2004 Republican Presidential Nominee | 43rd Pesident of the United States | 43rd President of the United States | Baby Bush,0,0.9493,3.3032,26
Who said “I married beneath me. All women do.”?,The answer to this question is,"Astor, Nancy Witcher Langhorne, Viscountess Astor | Lady Astor | Lady Nancy Astor | Nancy Astor | Nancy Astor (mini-series)",0,0.9672,3.9966,26
"The Japanese musical instrument the shamisen (or samisen or sangen) has traditionally how many strings (the answer, in Japanese and the earlier Chinese, is in the name)?",three,3 | Three | three,1,0.5785,1.0018,22
In Roman times what was the occupation of a publican?,The publican was a tax collector,City Collector | Collect taxes | County tax collector | Excise man | Exciseman,1,0.4308,1.6536,22
"Dassault, Embraer, Grob, and Sino Swearingen are makers of which high-end transport?",business jet,Executive jets,0,0.4796,1.6068,22
"In 2009, the tennis player Shahar Peer was prevented from playing at the Dubai Tennis Championships after she was denied a visa mainly for her nationality. Which country was she representing?",israel,Dawlat Isra'il | Dawlat Isrā'īl | Etymology of Israel | Hebrew state | ISO 3166-1:IL,1,0.5768,1.7075,22
What is the German term for wine made from fully ripened grapes,trocken,Kabinett | Kabinettwein,0,0.5762,2.9494,23
What is the state capital of Ohio,Columbus,"Colombus | Columbus | Columbus (disambiguation) | Columbus, USA",1,0.1896,1.3036,22
Fez is an African city which gives its name to a type of hat. In which country is it?,morocco,Al-Mamlaka al-Maghrebia | Al-Mamlaka al-Maġribiyya | Al-Mamlakah al-Maġribiyah | Al-Mamlakah al-Maġribiyya | Al-Maġrib,1,0.2862,0.4736,23
Name the new French president of 2012?,Francois Hollande,Francis Holland | Francois Holland | Francois Hollande | Francois hollande | François Gérard Georges Nicolas Hollande,1,0.5511,2.7079,23
"What Seattle Weekly cartoonist was forced to go into hiding last week after major asshat imam Anwar al-Awlaki issued a fatwa suggesting she be killed for her ""Everybody Draw Muhammed Day""?",The cartoonist was Ramin Dedehashki.,CACAH | Citizens Against Citizens Against Humor | Draw Mohammad Day | Draw Mohammed Day | Draw Muhammad Day,0,0.7941,3.8001,23
Hewer is an old occupational name for which trade?,The name Hewer is an old occupational name for a person who made or sold,Miner | Miners | Ore miner | Putter (mining),0,0.8788,3.1093,22
"""Who wrote the 1993 Booker Prize winning novel """"Paddy Clarke Ha Ha Ha""""?""",paul coelho,Roddy Doyle,0,0.9124,3.4874,22
"Every major league baseball team has retired the number 42, in honor of what player who was born on January 31, 1919?",willie morgan,Jack R. Robinson | Jack Roosevelt %22Jackie%22 Robinson | Jack Roosevelt Robinson | Jackie Robinson | Jackie Robinson (athlete),0,0.7083,1.8482,22
Which British 2012 Olympic Gold medallist won two events at the 2015 World Athletics Championships?,danny tucker,MO FARAH | Mo Farah | Mo Farrah | Mohamed Farah | Mohammad Farah,0,0.9132,3.4142,23
Marc Bolland has announced that he is to stand down as Chief Executive of which Major High Street Store?,marco bolland,&MORE | M & S | M + s | M&S | M&S Simply Food,0,0.9333,2.991,26
What cereal crop is used to make single malt whisky in Scotland?,barley,2row | 4row | 6row | Azure (barley) | Baere,1,0.5329,0.5939,23
what is the 21st letter of the Greek alphabet?,"The 21st letter of the Greek alphabet is ""Upsilon"" (",%5Cphi | Phi | Phi (Greek) | Phi (letter) | Varphi,0,0.5211,2.4118,22
"What metabolic disorder takes its name from Greek 'siphon', referring to excessive urine production?",diabetes insipidus,Bulla due to diabetes mellitus | Diabaytis | Diabedes | Diabedis | Diabeetis,1,0.4213,0.5232,22
Genever is the old word for what alcoholic drink?,gin,GIN | Gin | Gins | List of gin brands | List of gins,1,0.3692,1.676,22
The naval base Pearl Harbour is in which US state?,hawaii,50th State | Aloha State | Culture of Hawaii | Demographics of Hawaii | Demographics of Hawaiʻi,1,0.2666,0.5118,22
What is the more correct term for the sport of archery?,"The term archery is used in the United States and Canada, while the term",Anchor Point (archery) | Archer | Archer (comics) | Archeress | Archerie,1,0.6012,2.0784,22
"What separates Wales from Devon, England?","The Welsh language is spoken in the north of the country, and in the south",Aber Henfelen | Bristol Channel | Bristol channel | Mor Hafren | Môr Hafren,0,0.6756,2.9643,23
What is measured by a Bourdon Gauge?,A Bourdon gauge is a type of pressure gauge that measures pressure by the def,Absolute Pressure | Cm H2O | CmHg | Deflagration pressure | Explosion pressure,1,0.5419,1.6126,22
Primula veris is the Latin name for which common meadow flower?,primrose,COWSLIP | Cow slip | Cow slips | Cows lip | Cows lips,0,0.4545,1.0806,23
In which US city is the 1974 film Towering Inferno set?,new york city,"Baghdad by the Bay | Baking Arts | City & County of San Francisco | City and County of San Francisco | City and County of San Francisco, California",0,0.6982,1.6918,23
"In Japan, what is a hibachi used for?","In Japan, a hibachi is a small stove used for roasting food",Cooked | Cookery | Cookin | Cooking | Cooking appliances,0,0.3783,1.8605,26
Which London Underground rail line was nicknamed the ‘Twopenny Tube’ for its flat fare?,the Central line,Central Line | Central line | Central line depots | Richmond extensions | Richmond extensions of the Central Line,1,0.8039,2.536,23
In which three years did Red Rum win the Grand National?,"1982, 1983 and 198","1973, 1974, 1977",0,0.7768,1.908,23
Which Lloyd Webber musical premiered in the US on 10th December 1993?,phantom of the opera,Sunset Blvd | Sunset Blvd. | Sunset Boulevard | Sunset Bulevard | West Sunset Boulevard,0,0.9521,2.7082,26
American Jim Yong Kim was appointed head of which international organization in April 2012?,World Bank,Clean Air Initiative | Criticism of the World Bank | World Bank | World Bank Carbon Finance Unit | World Bank Publications,1,0.4387,1.0018,22
"Crash, rise and hi-hat are all types of which musical instrument",drum,Cymbal | Cymbal bell | Cymbals | Kymbalon | Kymbos,0,0.7983,0.4502,22
Where in Scotland is Dunvegan Castle?,"The castle is located in the Highlands of Scotland, in the area of the Isle",Achnahanaid | Altvaid | An t-Eilean Sgitheanach | Eilean Sgitheanach | Eilean a' Cheo,0,0.6419,2.2649,22
"What British ship was sunk by Gunther Prien, captain of submarine U47, on the night of 13 and 14 October 1939?",The British ship was the RMS Lusitania.,Royal Oak | Royal Oak (tree) | The Royal Oak,0,0.5576,1.976,26
"In which Indian city is Eden Gardens, the second largest test cricket ground in the world?",delhi,"Bumbai | Calcuta | Calcutta | Calcutta (India) | Calcutta, India",0,0.6473,2.162,22
"Which European flag consists of three horizontal stripes, red at the top and bottom, white in the centre?",blue,AUSTRIA | Administrative divisions of Austria | Alpine Deutschen | Architecture of Austria | Austria,0,0.8238,1.8734,22
Captain Corelli's mandolin is a book a film set in which country,greece,Eladha | Ellada | Elliniki Dimokratia | Elliniki Dimokratía | Elláda,1,0.6356,1.5945,23
Where in Northamptonshire is the British Formula 1 Grand Prix held?,"The British Grand Prix is held at Silverstone Circuit in Northamptonshire, England",SILVERSTONE | SilverStone | Silverstone (disambiguation),1,0.771,2.1732,23
What was the first name of the father of the Bronte sisters?,"The Brontë sisters were born in the village of Thornton, near Bradford,",Kcirtap | PATRICK | Patrick | Patrick (disambiguation) | Patrick (film),0,0.5436,2.2724,23
Which English novelist is best known for his Father Brown detective series?,graham green,"Chesteron, Gilbert Keith | Chesterton's fence | Chesterton, G | G Chesterton | G K Chesterton",0,0.8175,1.2776,22
Who composed the symphonic poem `Dance Macabre'?,The composer of the symphonic poem Dance Macabre is Hector Berli,CAMILLE SAINT-SAENS | Camile Saint-Saens | Camille Saint Saens | Camille Saint Saëns | Camille Saint-Saeens,0,0.7848,2.4714,23
The stone Lapis Lazuli is used to make which shade of blue pigment for artists?,lapis lazuli,CI 77007 | French Ultramarine | ULTRAMARINE | Ultramarine | Ultramarine blue,0,0.5695,1.9891,22
What country lies to north of the Republic of Chad?,Niger,Al-Jamahiriya al-%60Arabiyah al-Libiyah ash-Sha%60biyah al-Ishtirakiyah al-Uzma | Etymology of Libya | Free Democratic Libya | Free Libya | ISO 3166-1:LY,0,0.2969,2.1271,23
Once the longest street in the world Yonge (pronounced Young) Street has its southern end in which city? The ice hockey Hall of Fame stands on a corner with Front Street.,Toronto,"Accordion City | City of Toronto | City of Toronto, Ontario | Highways within Greater Toronto Area | History of crime in Toronto",1,0.6739,0.8829,22
"According to the rules of golf, what is the maximum number of golf clubs that a player is permitted to carry in his bag?",The maximum number of golf clubs that a player is permitted to carry in his bag,14 | fourteen,0,0.626,1.4902,23
What was the name of the American President played by Martin Sheen in the TV series 'The West Wing'?,george washington bush,'JOSIAH BARTLET' | Bartlet Administration | Dr. Josiah Edward %22Jed%22 Bartlet | Jeb bartlet | Jed Bartlet,0,0.6454,2.4623,22
"In April, which sportsman married his childhood sweetheart Kim Sears?",michael phelps,ANDY MURRAY | Andrew Murray (tennis player) | Andrew Murray (tennis) | Andy Murray | Andy Murray (tennis player),0,0.9235,3.3671,23
The word milieu refers to a person's?,The word milieu refers to a person's social and cultural environment,Cultural environment | Environment (sociology) | Social context | Social enviroment | Social environment,1,0.483,1.8407,22
Who was the demon barber of Fleet Street?,The demon barber of Fleet Street was a character in the 19th century,Sweeney Tod | Sweeney Todd | Sweeney Todd (character) | Sweeney todd | Sweenie Todd,1,0.7413,2.2598,22
From what illness did Mary II die in 1694?,The illness was typhoid fever,Eradicate smallpox | Eradication of smallpox | Lagaisse | Poxvirus variolae | Small Pox,0,0.4802,2.5685,22
Which volcano in Tanzania is the highest mountain in Africa?,mount kilimanjaro,Gilman's Point | Highest mountain in Africa | Kaiser-Wilhelm-Spitze | Kibo (volcano) | Kilamanjaro,1,0.2779,0.9285,23
What is the most common pub name in the UK?,The most common pub name in the UK is The Eagle,Red Lion | Red Lion (disambiguation) | Red lion | The Red Lion,0,0.7487,1.7625,22
Long An Provence is in which Asian country?,vietnam,CHXHCN Vietnam | Communist Vietnam | Cong Hoa Xa Hoi Chu Nghia Viet Nam | Cong hoa Xa hoi Chu nghia Viet Nam | Cộng Hòa Xã Hội Chủ Nghĩa Việt Nam,1,0.2886,0.6203,22
The translation of Persian poems called The Rubaiyat of Omar Khayyam was the work of which 19th century English writer and poet?,Edward Fitzgerald,Ed Fitzgerald | Eddie Fitz Gerald | Eddie FitzGerald | Eddie Fitzgerald | Edward Fitz Gerald,1,0.4914,2.2801,26
The Hapsburg dynasty originated in which country?,The Habsburg dynasty originated in Austria-Hungary,Confederatio Helvetica | Confederation Helvetia | Confederation Helvetica | Confederation Suisse | Confederation of Helvatia,0,0.34,1.726,23
What are the international registration letters of a vehicle from Iceland?,The international registration letters of a vehicle from Iceland are EIR,I S | I.S. | I.s. | IS | IS (disambiguation),1,0.7934,3.0068,22
The 'Rumble in the Jungle' between Ali and Foreman took place in which city?,lagos,Capital of the Democratic Republic of the Congo | City of Kinshasa | KINSHASA | Kinois | Kinsasha,0,0.4951,2.5045,22
Who writes the scripts for the TV series Downton Abbey?,The series was written by the British screenwriter Julian Fellowes,"Baron Fellowes of West Stafford | JULIAN FELLOWES | Julian Fellowes | Julian Fellowes, Baron Fellowes of West Stafford | The Lord Fellowes of West Stafford",1,0.7217,2.4193,23
Which is the largest city in the USA?,san francisco,11th State | Eleventh State | Estado Nueva York | Estado de Nueva York | N Y,0,0.1974,2.0066,22
Who was the model who first caused a storm modelling the Wonderbra,natalie portman,Eva Herzegova | Eva Herzigova | Eva Herzigová | George marsiaj herzig,0,0.8237,3.5275,22
Why was Korean short-track speedskater Kim Dong-Sung disqualified from the men's 1500 metre final at the 2000 Olympics?,Kim was disqualified for a violation of the rules,Cross-tracking,0,0.746,2.5284,23
In the 1856 novel by Flaubert what was Madame Bovary’s Christian name?,"The novel is set in the 1850s, and the protagonist",EMMA | Emma | Emma (1996 film) | Emma (1996 movie) | Emma (1996),0,0.6422,2.7031,23
Whose play about the Salem witch trials in the 17th century drew parallels to McCarthyism in the 1950s?,The play was written by Arthur Miller and premiered in 1953.,Agnes Barley | Arthur Asher Miller | Arthur Miller | Arthur Miller's | Mary Slattery,1,0.6926,1.9512,22
Which company produces the supermini car the Ypsilon?,The Ypsilon is a supermini car produced by the Japanese company Nissan,Acustar | CHRYSLER | Chrsyler | Chrysler | Chrysler 72,0,0.8389,2.2977,22
What world leader famously wore a dhoti (a type of loincloth)?,mahatma gandhi,Africian raga | Bapu Gandhi | Barrister mohandas karamchand gandhi | Biography of Mahatma Gandhi | Father of India,1,0.6107,2.9475,26
Who played the part of 'herman' in the 1960's TV series 'The Munsters'?,The Munsters,FRED GWYNNE | Fred Gwynne | Frederick Hubbard Gwynne,0,0.9592,3.4261,22
Which Roxy Music hit single features Robert E Lee?,"""Love Is the Drug""",Virginia Plain,0,0.8669,2.6011,22
From which country was Fulgencio Batista ousted in 1959?,cuba,Administrative divisions of Cuba | CUBA | Communist Cuba | Cuba | Cuba (island),1,0.4474,1.766,23
The magazine Private Eye refers to Her Majesty the Queen by which name?,Her Majesty the Queen,BRENDA,0,0.6647,1.7567,23
What is the name of a triangle which has sides unequal in length?,scalene triangle,Scalene | Scalene (disambiguation),1,0.5484,0.7635,26
Who lured sailors on the Rhine to their deaths with her singing?,"The Rhine is a major river in Germany, flowing from Switzerland to the North",Die Lorelei | Lorelei | Loreley | Lurking rock | Lurlei,0,0.8321,2.2866,26
Political leader Mustafa Kemal is better known by what name?,Mustafa Kemal Atatürk,Ata Turk | Atatuerk | Atatuerk and Kurds | Ataturk | Ataturk and Kurds,1,0.3736,1.6483,22
"Based on market cap, who was declared the top technology company this week, stopping Microsoft's nearly 20 year run on top?",Apple,An apple a day | Aplle | Apple | Apple (Fruit) | Apple (fruit),1,0.5991,2.1723,23
"Tom Parker, who famously managed Elvis Presley, was known by the title of, and as 'the..'?",King,Acting Colonel | Cnel | Col. | Colenel | Colonel,0,0.9325,1.9437,26
'The Great American Chocolate Bar' is eponymously better known as 'the (What?) bar'?,milk,Hershey | Hershey (disambiguation),0,0.634,1.976,26
Which rugby league team will play at Langtree Park in 2012?,The 2012 season will see the return of the Western Subur,Saint Helen's | Saint Helens | Saint Helens (disambiguation) | St Helen's | St Helens,0,0.8339,3.2052,23
"In December 1965, who became President of the Philippines?","In December 1965, Ferdinand Marcos became President of the Philippines",Ferdinand E. Marcos | Ferdinand Edralin Marcos | Ferdinand Emmanuel Edralin Marcos | Ferdinand Marcos | Ilokula,1,0.582,1.9959,23
"In ‘Othello’, what is the name of Iago’s wife?",emilia,EMILIA | Emilia | Emilia (disambiguation) | Emilia (singer) | Emília,1,0.6702,2.3536,23
"Which country has parishes including Westmoreland, St Andrew and Manchester?",trinidad and tobago,"America/Jamaica | Castleton Botanical Garden | Castleton Botanical Gardens, Jamaica | ISO 3166-1:JM | Indigenous peoples of Jamaica",0,0.6584,2.1769,23
Which competition was won by Nadiya Hussain in 2015?,"In 2015, Nadiya Hussain won the Great British",Edd Kimber | Great British Bake Off | Great British Bakeoff | Great British Baking Show | Great Comic Relief Bake Off,0,0.8775,1.9099,22
Which English rowing event is held every year on the River Thames for 5 days (Wednesday to Sunday) over the first weekend in July?,regatta,Diamond Sculls | Henley Regatta | Henley Royal Regatta | Henly Royal Regatta | Regatta Enclosure,0,0.8367,1.2821,22
"Which famous painter's surname was Harmenzoon van Rijn which translated as son of Harmen, of the Rhine?",rembrandt,Reimbrond Vainrein | Remberandt | Rembrand | Rembrand van Rijn | Rembrandt,1,0.4636,1.3169,22
What did Tikki Tikki Tembo fall into?,The story is about a little boy named Tikki Tikki Tembo who is,The Well | The Well (album) | The Well (disambiguation) | The Well (film) | The well,0,0.732,3.0636,23
"Britain's first jet fighter, The Meteor was made by which company?",de Havilland,GLOSTER | Gloster | Gloster Aircraft | Gloster Aircraft Company | Gloucestershire aircraft company,0,0.9491,2.1752,26
Who was the British monarch when Theodore Roosevelt was the US President?,"Theodore Roosevelt was the 26th President of the United States, serving from","Albert Edward of the United Kingdom | Albert Edward, Duke of Cornwall | Albert Edward, Duke of Rothesay | Albert Edward, Prince of Wales | Albert, Prince of Wales",0,0.6597,1.3257,22
"The UK TV series, All Ceatures Great and Small, concerned what area of activity?","The series was set in the fictional town of All Cfeatures Great and Small,",D.V.M. | Doctor of Veterinary Medicine | Doctor of Veterinary Science | Doctor of veterinary medicine | Equine veterinarian,0,0.8845,2.9042,22
Of what does the usual base of a Florentine biscuit consist?,The usual base of a Florentine biscuit consists of a shortbread base,Book of KND | C.A.K.E.D.-F.I.V.E. | C.A.K.E.D.-T.H.R.E.E. | C.A.K.E.D.-T.W.O. | C.A.N.N.O.N.,0,0.5402,2.2944,23
Who on TV is the Naked Chef,nigel hughes,"James Oliver (chef) | James Trevor 'Jamie' Oliver | James Trevor 'Jamie' Oliver, MBE | James Trevor Oliver | James Trevor Oliver, MBE",0,0.7838,2.0191,23
"One of only two moons in our soar system larger than Mercury, which is the largest satellite of Saturn?",Titan,TITAN | The Titan | The Titans | The Titans (disambiguation),1,0.6126,1.5627,23
What nickname did the American media give to Jane Fonda during the Vietnam War?,"The American media gave her the nickname ""Jungle Jane"" for her role as",Hanoi Jane | IPC Films | Jane Fonda | Jane Fonda Foundation | Jane Seymour Fonda,0,0.6468,2.2867,23
"Aleph, Beth, Gimel, Daleth are A B C D in which language?",hebrew,'Ivrit | Hebr. | Hebraic | Hebraic language | Hebraica,1,0.3227,0.989,26
"What is next in the sequence: Lima, Quito, Bogota...?",Caracas,"America/Caracas | Capital of Venezuela | Caracas | Caracas Metropolitan District | Caracas, Venezuala",1,0.502,2.6679,23
"""Which garden feature is a structure consisting of a framed passageway covered with climbing and trailing plants and has a name derived from the Latin for """"projecting roof"""" ?""",pergola,Arbor (garden) | Arbour (garden) | PERGOLA | Pergola | Pergolas,1,0.5855,1.1894,23
What colour jumper does fictional character Rupert the Bear wear?,red,"(255, 0, 0) | Aztec red | Color red | Color/red | FF0000",1,0.7082,2.3134,22
What was said to have been guarded by the Fisher King?,The Fisher King is a figure in Arthurian legend who is said to have been,Grail | Grail Myth | Grail Quest | Grail legend | Grail myth,0,0.603,1.7879,23
Who evaded capture disguised as Betty Burke?,"The film was released in the United States on June 25, 1",Betty Burke | Bonnie Prince Charles | Bonnie Prince Charlie | Bonny Prince Charlie | Charles Edward Louis John Casimir Silverster Maria Stuart,0,0.8816,3.1855,22
"Which comedian/actor played the Doctor Who monster Abzorbaloff, which appeared in the 2006 episode ‘Love and Monsters’?",David Tennant,Live at the Top of the Tower | Peter John Kay | Peter K | Peter K. | Peter Kay,0,0.9833,3.3106,26
What organisation was formed in 1670 when King Charles II of England granted a charter to Prince Rupert and others to give them large tracts of land and the trading rights over a large area?,The Royal African Company,Compagnie de la Baie d'Hudson | Governor and Company of Adventurers of England | Governor and Company of Adventurers of England trading into Hudson's Bay | Hudson Bay Company | Hudson Bay Oil & Gas,0,0.7342,1.853,23
"The American legal drama Shark ran from Sept 06 to May 08. Who starred in the title role, playing Sebastian Stark?",Michael C. Hall,James Woods | James Woods (actor) | James Woods filmography | James woods,0,0.9393,3.5507,22
Pandalus borealis is more commonly called (and officially named by the UN Food and Agriculture Organization)?,king crab,Alaskan pink shrimp | Ama ebi | Ama-ebi | Arctic shrimp | Cold-water shrimp,0,0.6121,2.4206,26
"Oil from the wreckage of which super-tanker, ended up on the beaches of Brittany in 1978?",the super-tanker Torrey Canyon,AMOCO CADIZ | Amoco Cadiz | IMO 7336422 | MV Amaco Cadiz | MV Amoco Cadiz,0,0.8735,3.1765,23
The name of which Spanish city is in the full title of Costa del Sol Airport?,málaga,"Empresa Malagueña de Transportes | Malaga | Malaga capital | Malaga, Spain | MÁLAGA",1,0.702,2.2269,23
What species of fly has the Latin name calliphora vomitoria?,"The common house fly, or house fly, is a species of fly in the",BLUEBOTTLE | Blue Bottle | Blue bottle | Blue bottle (disambiguation) | Blue bottles,0,0.0923,2.0252,22
Who became Secretary -General of the Soviet Communist Party in 1985?,Mikhail Gorbachev,Gorbacev | Gorbachav | Gorbacheu | Gorbachev | Gorbachevian,1,0.6957,2.3403,23
How many US states are prefixed by the word New?,13,4 | four,0,0.6843,1.274,22
How many Brandenburg Concertos did Bach write?,The Brandenburg Concertos are a set of 24 instrumental works by Johann,6 | six,0,0.6373,1.9067,22
Sixty year old Cristina Fernandez de Kirchner is the current president of which South American country ?,argentina,ARGENTINA | Airgintin | Airgintín | Antonia Merce Y Luque | Arc'hantina,1,0.2276,0.2182,22
What was the name of the secret society which led a revolt of the Kikuyu people of Kenya in 1952 ?,The Mau Mau,Kenya Emergency | Kenya Emergency (1952) | Kenya's independence movement | Kenyan Emergency | Kenyan War of Independence,1,0.4884,2.5411,22
The meibomian gland is found in which part of the human body?,The meibomian glands are located in the eyelids,Anterior surface of eyelid | Chinese eyelid tape | Double eyelid | Eye lid | Eye-lid margin,1,0.4191,1.5331,22
Which Roman Emperor succeeded his father Vespasian in 79?,Titus,Emperor Titus | Flavius Vespasianus Titus | Roman Emperor Titus | Roman emperor Titus | Titus,1,0.4305,1.2491,23
Where on the body would a Hindu woman wear a bindi?,forehead,Fore head | Forehead | Foreheads | Hairline | Sincipital,1,0.4369,0.765,23
In which Jane Austen novel is Frederick Wentworth the lover of Anne Elliot?,marianne darcry,Heuristic persuasion | Inveigle | Inveigled | Inveigles | Inveigling,0,0.6992,1.8243,23
"Gluteus medius, Gluteus maximus and Piriformis are muscles in human?",yes,Ass (insult) | Ass cheeks | Asscheeks | Badonkadonk | Bare bum,0,0.5121,1.2592,26
"In the Anna Sewell novel, what is Black Beauty?","Black Beauty is a novel by the English author Anna Sewell, published in",A horse | Around the World (Basketball) | Around the World (a playground basketball game) | Around the World (basketball game) | Around the World (basketball),0,0.6119,1.6823,26
"Peter Simple, Jack Horner and Ben Nevis have all won which famous sporting event?",olympics,Aintree Grand National | Crabbie's Grand National | Grand National | Grand National Steeplechase | John Smith's Grand National,0,0.8846,1.5253,26
Which superhero lives beneath the sea and can command all of the marine life via telepathic abilities?,orca,Aqua Man | Aqua man | Aqua-Man | AquaMan | Aquacave,0,0.7569,2.4,23
Who was Jackie Kennedy's second husband,john f kennedy,Ari Onasis | Ari Onassis | Aristotelis Onassis | Aristotle Onasis | Aristotle Onassis,0,0.7093,1.9954,23
Which saint established a monastery and Christian community on the island of Iona in the year 563?,Columba,Calum Cille | Collumcille | Colm Cille | Colmcille | Colmekill,1,0.5976,2.7742,23
"Who wrote the lyrics for 'Sing', written to celebrate the Queen's Diamond Jubilee?",The lyrics were written by the British singer-songwriter Paul McCartney,GARY BARLOW | Gary Barlow,0,0.9403,3.7377,22
Which of Dickens' novels contains the characters Mr Pecksniff and Mrs Gamp?,hard times,Chuzzlewit | Jefferson Brick | Life and Adventures of Martin Chuzzlewit | Mark Tapley | Martin Chezzlewit,0,0.8308,2.9047,22
"Which Italian liqueur is a key ingredient of the well known cocktail, Harvey Wallbanger?",amaretto,GALLIANO | Galliano | Galliano (disambiguation),0,0.7023,1.2316,22
"Graca Machel, the widow of a President of Mozambique, is the wife of which famous man?",Nelson Mandela,4664 | Black Pimpernel | Gadla Henry Mphakanyiswa | Madiba | Mandela,1,0.8724,2.5616,22
Who won Celebrity Big Brother in 2011?,"The winner of Celebrity Big Brother 11 was the former British Army officer,",Paddy Docherty | Paddy Doherty | Paddy Doherty (disambiguation) | Paddy doherty,0,0.8916,4.1971,23
"On July 31, 2008, who took over as acting president for his brother, who may or may not still be alive, a position his brother held since the revolution of 1959?",Fidel Castro,Raoul castro | Raul Castro | Raul Castro Ruiz | Raul Castro Ruz | Raul Modesto Castro Ruz,0,0.6648,2.131,23
Charleston is the capital of which US state?,south carolina,35th State | Climate of West Virginia | Counties and Important Towns in West Virgina | Counties and Important Towns in West Virginia | Demographics of West Virginia,0,0.2984,0.459,22
"Name the head of the 'whistleblowing' website Wikileaks, in the news during 2010 after publishing thousands of sensitive government and military documents?",Julian Assange,"Assange | Assange Julian | Assange, Julian | Christine Assange | Daniel Assange",1,0.0749,0.7126,22
"The Statue of Liberty, officially presented to the United States on July 4, 1884, holds a torch and a tablet. In what hand is the torch held?",right,People's rights | Peoples' rights | Right | Right by birth | Rights,1,0.6097,1.3491,23
With what sport is Dennis Compton associated?,"Dennis Compton, a former professional footballer, is associated with the sport of",Amateur cricket | Amature cricket | Coin toss (cricket) | Creag | Cricket,0,0.7608,2.0835,22
Which cathedral has 4440 statues?,The cathedral of Notre Dame de Paris has 4440 statues,Ambrosiani | Comune di Milano | History of Milan | Lordship of Milan | Mediolani,0,0.7607,2.5204,22
How many square stickers are on each face of a classic Rubik’s Cube?,6,9 | Nine | nine,0,0.574,1.1917,23
"""What is the American name for the board game known in England as """"draughts""""?""",checkers,Checkers | Draughts | Draughts (game) | ⛀ | ⛁,1,0.6642,0.5487,22
"Generals Gallieni, Manoury, Joffre, French, von Kluck, von Blow and von Moltke were involved in which battle that stopped the German advance in 1914 during World War I?",battle of the somme,Battle Of The Marne | Battle of Marne | Battle of the Marne | Battle of the Marne (disambiguation) | Battle of the marne,0,0.2615,1.3028,22
"In the human body, what eight letter word is used to describe the purulent inflammation of the gums and tooth sockets often leading to lossening of the teeth ?",periapical,Gum Disease | Gum disease | PYORRHEA | Paradentosis | Paradontitis,0,0.4819,1.3667,26
"Which London river, now flowing underground, rises in Hampstead, flows through St. Pancras, down Farringdon Street and enters the Thames by Blackfriars Bridge?",the Grand Union Canal,Fleet Ditch | Fleet River | Fleet River London | Fleet ditch | Fleet river,0,0.4922,1.4709,22
"""In 2006 English politician George Galloway was widely quoted as saying that it would be """"morally justified if someone chose to assassinate """" whom?""",al-Qaida,Anthony (Tony) Blair | Anthony C. L. Blair | Anthony Charles Blair | Anthony Charles Lynton %22Tony%22 Blair | Anthony Charles Lynton Blair,0,0.8638,2.0754,22
Who is credited with the discovery of the tomb of King Tutankhamen in 1922?,Howard Carter,Howard Carter | Howard Carter (archaeologist),1,0.552,0.814,23
"""In which 1932 movie did Greta Garbo say I want to be alone""""?""",great expectations,Grand Hotel | Grand Hotel (disambiguation) | Grand Hôtel | Grand hotel | The Grand Hotel,0,0.9633,2.6169,22
Name Adele's record-breaking 2015 album?,21,25 | twenty-five,0,0.5917,0.4574,23
"Which island in the Mediterranean was the center of the Minoan civilization (ca. 2600-1400 BCE), the oldest civilization in Europe?",Crete,Creta | Cretan | Cretans | Crete | Crete (Greece),1,0.3487,0.4715,23
What was Sweeney Todd's occupation in Stephen Sondheim's work?,"Sweeney Todd is a character in Stephen Sondheim's musical, ""Into the",Barber | Barber store | Barbering | Barbers | Barbershop (business),0,0.6335,1.5387,26
Which cricketer holds the record of taking the most wickets in Test Matches for England?,gilbert,I T Botham | IAN BOTHAM | Ian Botham | Ian Terence Botham | Sir Ian Botham,0,0.8533,2.1826,22
How many times did Actress Zsa Zsa Gabor marry?,3,9 | Nine | nine,0,0.7178,1.6129,22
What was the capital city of Tanzania until 1974?,Dar es Salaam,"DAR-ES-SALAAM | Dar Es Salaam | Dar Es Salaam, Tanzania | Dar Es Salam | Dar Essalam",1,0.403,1.2202,26
"British MP, Diane Abbott, learned to play which musical instrument in the tv series ‘Play It Again’?",piano,Acoustic piano | Baby grand piano | Black key | Classical piano | Concert grand,1,0.94,1.5775,22
"In the Billy Bunter stories, what is the surname of Bunter’s form teacher?",bunter,QUELCH,0,0.8909,2.7863,22
American singer Ernest Evans called himself Chubby Checker to emulate the name of which other musician?,"The answer is Chuck Berry. Ernest Evans, also known as Chubby Checker,",%22Fats%22 Domino | Antoine %22Fats%22 Domino | Antoine Dominique %22Fats%22 Domino | Antoine Dominique Domino | Antoine Domino,0,0.923,3.0321,23
"In Buddhism, what is the state of blissful repose or absolute existence by someone relieved of the necessity of rebirth?","In Buddhism, nirvana is the state of blissful repose or absolute existence",Heaven (Buddhism) | NIRVANA | Nibbána | Nibbāna | Nirvaan,1,0.3676,1.4935,23
What was the name of the brothel in The Best Little Whorehouse in Texas?,The Best Little Whorehouse in Texas,Chicken Ranch | Chicken Ranch (disambiguation) | The Chicken Ranch,0,0.8733,1.9085,22
Which town is the capital of Papua New Guinea?,port moresby,"Capital of Papua New Guinea | Mosbi | National Capital District (Papua New Guinea) | National Capital District, Papua New Guinea | PG-NCD",1,0.3122,2.2216,23
Who was the first professional cricketer to captain England?,The first professional cricketer to captain England was Alec Bedser,L Hutton | Len Hutton | Leonard Hutton | Leonard Hutton (cricket) | Sir Len Hutton,0,0.8568,2.2888,22
"Which Austrian composer, whose works include 104 symphonies, 84 string quartets and 42 piano sonatas, received a D Mus degree at Oxford University, England?",Joseph Haydn,F. J. Haydn | FJH | Francis Joseph Haydn | Franz Haydn | Franz Josef Haydn,1,0.7698,1.361,23
Who was the only female candidate in the 2010 Labour leadership contest?,"The only female candidate was Shirley Williams, who was defeated by Ed Miliband","Abbott, Diane | DIANE ABBOTT | Diane Abbott | Diane Julie Abbott | Diane abbot",0,0.8011,2.9082,22
What was the name of the Prime Minister in the T.V. series Yes Prime Minister,rajiv gandhi,James Hacker | James hacker | Jim Hacker,0,0.8669,3.3128,22
"In Russia, what is a shapka?","In Russia, a shapka is a hat",HAT | Hat (disambiguation),1,0.5325,2.1679,23
"In Roman mythology, what was the name of the brother slain by Romulus?",Romulus and Remus were the twin sons of Mars and Rhea Silvia,Remus | Remus and Romulus | Remus and romulus | Romulus | Romulus & Remus,1,0.2932,1.912,26
In which country will the 2019 Rugby Union World Cup be played?,england,Etymology of Japan | ISO 3166-1:JP | JAPAN | JPN | Ja-pan,0,0.5051,1.6359,26
"""Which country did Tsar Nicholas I of Russia call """"the sick man of Europe""""?""",russia,Etymology of Turkey | ISO 3166-1:TR | Republic of Turkey | Republic of Turkiye | Republic of turkey,0,0.48,1.27,22
Which Russian composer wrote the ballets 'The Stone Flower' and 'Romeo and Juliet'?,tchaikovsky,"Prokofev | Prokofief | Prokofiev | Prokofiev Sergei | Prokofiev, Sergei",0,0.7687,1.7076,23
Who wrote the books Les Miserables and The Hunchback of Notre-Dame?,victor hugo,"Hugo, V. | Hugo, Victor | Hugo, Victor Marie | V Hugo | V. Hugo",1,0.4318,2.1965,22
How is children's author Mary Pollock better known?,She is best known as the author of the children's book series The Adventures of,"Blyton, Enid | Enid Blighton | Enid Blyton | Enid Blyton's Short-Stories | Enid Blyton's short stories",0,0.6496,3.5372,22
What is the subject of the Surgeon's Photograph of 1934,The Surgeon's Photograph of 1934 is a photograph of a,LNPIB | Loch Ness Investigation Bureau | Loch Ness Leviathan | Loch Ness Monster | Loch Ness monster,1,0.8365,2.3207,23
"Noss, Unst, Lamba and Foula are part of which Scottish island group?",shetland,"Burnside, Shetland | County of Shetland | County of Zetland | Hjaltland | Sand, Shetland Islands",1,0.6971,0.9452,23
The 2010 Winter Olympics will be held where?,"Sochi, Russia",City of Vancouver | Corpus Christi Elementary | Corpus Christi Elementary School (Canada) | Greater Vancouver Bridges | Hastings East (Vancouver),0,0.4915,0.8726,22
Which opera star was born Claire Mary Teresa Rawstron in 1944?,lisa del vecchio,Dame Kiri | Dame Kiri Janette Te Kanawa | Dame Kiri Te Kanawa | Dame Kiri te Kanawa | KIRI TE KANAWA,0,0.9786,2.6508,26
The rights to which famous character were sold by creators Jerry Siegel and Joe Shuster to Detective Comics for $130 in 1937?,Superman,Able to leap tall buildings in a single bound | Action Ace | Big Blue Cheese | Big blue boy scout | Codename: Patriot,1,0.6589,1.7279,26
In the London 2012 Olympics where did the Taekwondo take place,taekwondo,EXCEL | EXCELL | Excel | Excel (disambiguation) | Excell,0,0.9542,2.3189,26
Which Scottish mathematician discovered logarithms?,John Napier,Joanne Nepero | Joannis Neperi | John NAPIER | John Napier | John Napier of Merchiston,1,0.4214,0.4843,23
Which river runs through The Grand Canyon,the Colorado River,38th State | Buffalo Plains State | CO (state) | Centennial State | Climate of Colorado,1,0.2312,1.1007,23
"""In the song """"The Twelve Days of Christmas"""", what were there five of?""",a partridge in a pear tree,Gold rings,0,0.7719,2.0192,23
Michael Winner was famous as the director of which series of films?,The 1970s,Death Wish | Death Wish (disambiguation) | Death wish,0,0.8904,3.8142,23
In which US town or city were the 1932 Winter Olympics held?,Lake Placid,Lake Placid | Lake Placid (disambiguation) | Lake placid,1,0.8489,1.8607,26
What was the highest grossing movie of 2010?,"The highest grossing movie of 2010 was The Dark Knight,",Disney's Toy Story 3 | Toy Story 3 | Toy Story 3 (Score) | Toy Story 3 (soundtrack) | Toy Story III,0,0.6974,1.5627,22
What is the tallest building in London?,"The tallest building in London is the Shard, which stands at 310",32 London Bridge | London Bridge Tower | London Shard | Shangri-La London | Shard London,1,0.3901,1.078,22
"Center, Offensive guard, Offensive tackle, Tight end, Wide receiver, Fullback, Running back, Quarterback, Defensive end, Defensive tackle, Nose guard, Linebacker, Cornerback, Safety, Nickelback and Dimeback are positions in which sport?",American football,Amefoot | Ameriball | American Football | American Handegg | American Style Football,1,0.4001,0.362,23
The Zugspitze is the highest mountain in which country?,germany,Alemanha | Almanya | BR Deutschland | Bundesdeutsch | Bundesrepublik Deutschland,1,0.188,0.6946,26
From which other card game is bridge derived ?,bridge,WHIST | Whist | Whist (card game) | Whist drive | Whist drives,0,0.5222,2.4525,23
"What word, from Latin meaning 'I shall please' refers to a control substance used in drug trials which has no chemical effect?",placebo,Breathe Under Water | Cebocap | Dummy Pill | Dummy drug | Meaning response,1,0.7329,0.5967,22
Who was the French wife of Charles1st?,The French wife of Charles I was Henrietta Maria of France,"Charles James Stuart, Duke of Cornwall | Henrietta Maria | Henrietta Maria De Bourbon | Henrietta Maria de Bourbon | Henrietta Maria of England",1,0.638,2.0809,23
"Comedian, actor and director Melvin Kaminsky is better known by what name?",melvin malkin,Brooksfilms | Mel Brookes | Mel Brooks | Melvin James Kaminsky | Melvin Kaminsky,0,0.9647,2.794,26
What is the nickname of baseball star Jimmie Foxx?,jimmy foxx,Double X | Double X (disambiguation),0,0.8452,2.0604,23
What term is used when a clot forms in a blood vessel?,embolism,Arterial thrombosis | Atherothrombosis | Axillary vein thrombosis | Chronic thromboembolic disease | Iliac vein thrombosis,0,0.4226,1.3274,23
"""One of Australia's oldest and most important industrial disputes and the subject of Henry Lawson's poem """"Freedom on the Wallaby"""", in 1891 brought central Queensland to the brink of civil war. What group of people was involved?""",shearers,Shearers,1,0.6726,2.2191,23
Which 1959 film features Jack Lemmon in drag and Tony Curtis? impression of Cary Grant?,The Man Who Knew Too Much,Osgood Fielding | Osgood Fielding III | SOME LIKE IT HOT | Some Like It Hot | Some Like it Hot,0,0.9554,2.1474,26
How many faces has an icosahedron?,An icosahedron has 20 faces,20 | twenty,1,0.2383,0.5466,22
"In Ian Fleming’s novel ‘Moonraker’, Sir Hugo Drax is suspected of cheating at which game in the Mayfair club ‘Blades’?",bridge,Bidge | Bridge | Bridge (engineering) | Bridge (structure) | Bridge Building,1,0.7989,2.085,23
What is the basic monetary unit of Israel?,"The Israeli currency is the Israeli New Shekel (ILS), which is subdiv",Chatzi hashekel | Chatzi shekel | Half shekel | SheK. | Shekal,1,0.3532,1.3559,23
In which present day African nation are the Amhara and Oromo peoples to be found?,ethiopia,AEthiopia | Abbysinnia | Abissinia | Abysinna | ETHIOPIA,1,0.2037,0.9103,23
What is the first word at the top of the front cover of a UK passport?,"The first word at the top of the front cover of a UK passport is """,EUROPEAN | European | European (disambiguation) | Europeans (disambiguation) | Native European,0,0.6572,2.4844,22
'Sir Oliver Martext' is avicar in which of Shakespeare's comedies?,love's labour's lost,'AS YOU LIKE IT' | As You Like It | As you like it | Ducdame | Mar text,0,0.8911,1.6365,22
The Caloris Basin is the largest crater on which planet?,mars,MERCURY | Mercury (newspaper) | The Mercury | The Mercury (disambiguation),0,0.2806,1.7908,22
In popular music how is Paul Hewson better known?,"Paul Hewson, formerly known as Bob Geldof, is a musician, humanitarian",BONO | Bono | Bono (U2) | Bono Vox | Paul David Hewson,1,0.6519,1.7231,23
"If you had a Shiraz, a Baluch or a Bokhara in your house what would they be?","A Shiraz is a type of wine, a Baluch is a type of",Ancient Rugs | Antique Rug | Axminster Carpet | Axminster carpet | CARPETS,0,0.5142,2.9663,22
Shashlik is what type of food dish?,Shashlik is a type of skewered meat dish.,Bihari kebab | Burrah | Burrah Kebab | Chapli Kabab | Chapli Kebab,0,0.4117,1.8692,22
"Between 1838 and 1839, against which country did France fight the so-called Pastry War?",The Pastry War (1838–1839) was,Central Mexico | EUM | Estados Unidos Mexicanos | Estados Unidos de Mexico | Estados Unidos de México,0,0.5318,2.5466,23
Gene Hackman played the sheriff of Big Whiskey and received an Oscar in which 1992 film?,the quick and the dead,Unforgiven | Unforgiven (1992 film) | Unforgiven (film) | Will Munny | William Munny,0,0.904,3.0224,26
"What was the location of the worst nuclear disaster in the United States, when a partial core meltdown of reactor #2 resulted in the release of significant quantities of radioactive gas in 1979?",The worst nuclear disaster in the United States occurred at the Three Mile Island nuclear power,3 Mile Island | 3 mile island | Three Mile Island | Three Mile Island Nuclear | Three Mile Island Nuclear Generating Station,1,0.5616,2.1405,22
Vendredi is French for which day of the week?,Friday,Friday | Friday the 12th | Frigg's Day | Frigg's day | Fryeeday,1,0.2572,1.3998,26
What is the currency of Lithuania?,The currency of Lithuania is the litas,LTL | Litai | Litas | Lithuanian Litas | Lithuanian centas,1,0.3704,1.3439,23
"How was Monday October 19, 1987 known in the world of finance",The day is known as Black Monday.,Black Monday | Black Monday (2008) | List of Black Mondays,1,0.5094,2.4334,23
What river separates Texas and Mexico?,The Rio Grande separates Texas and Mexico,Rio Bravo del Norte | Rio Grande | Rio Grande River | Rio Grande River (United States and Mexico) | Rio Grande del Norte,1,0.3301,1.5172,23
What was Hiram Hackenbacker's nickname in Thunderbirds?,"Hackenbacker was nicknamed ""The Flying Man"" by his friends",Brains | Brains (disambiguation),0,0.9041,3.3269,22
"Travelling up the St Lawrence River from its mouth, which is the first major city on its shores?",montreal,British Conquest of New France | CA-QC | Capture of Quebec | Capture of quebec | Foreign relations of Quebec,0,0.4564,1.6523,23
"X-Factor winner Joe McElderry failed to reach no 1 in the Christmas 2009 chart, which group did as a result of a concerted internet download campaign?",the beatles,List of Rage Against the Machine awards | List of awards and nominations received by Rage Against the Machine | R.A.T.M | RATM | RAtM,0,0.9499,3.2254,22
How many symphonies did Brahms compose?,"Brahms composed seven symphonies, of which the first three are often considered",4 | four,0,0.5302,2.4456,22
"Where are the headquarters of the World Backgammon Association, founded in 2001?","The headquarters of the World Backgammon Association is in the city of Vienna,","Architecture of Malta | Etymology of Malta | Health in Malta | ISO 3166-1:MT | Islands of Malta, Malta",0,0.7104,3.8337,23
"First proposed by H.G. Wells in a 1903 story, what military staple saw its first action during the Battle of the Somme, September 1916?",machine gun,NRODT | National Review | National Review Online | National Weekly | The National Review,0,0.6996,1.798,23
Which US state is known as The First State as it was first to ratify the Constitution in 1787?,delaware,1st State | Alcohol law in Delaware | Alcohol law of Delaware | Alcohol laws in Delaware | Alcohol laws of Delaware,1,0.4041,0.6051,26
The Saltire is which country's flag?,scotland,Auld Country | Autonomous Province of Scotland | Communications in Scotland | East coast of Scotland | H-Alba,1,0.2746,0.067,22
What is the nationality of Manchester City's £27 million striker Edin Dzeko?,Bosnian,BOSNIAN | BiH | Bosna i Hercegovina | Bosnia | Bosnia & Herzegovina,1,0.3101,1.4899,23
What Cantonese mixed bite-size food means literally 'touch the heart'?,yee hing,Deem sim | Deem-sim | Dian xin | Dianxin | Dim Sum,0,0.6962,3.5687,23
Forest Whitaker won the Oscar for Best Actor for his role in which 2006 film?,The Lion King,Last King Of Scotland | Last King of Scotland | Last king of scotland | Nicholas Garrigan | THE LAST KING OF SCOTLAND,0,0.8453,1.8451,22
"Runner Caster Semenya, the subject of extensive press coverage after gender testing following her win in the women's 800m at Berlin in August 2009, was from which country?",south africa,Afrique du sud | Azania/South Africa | Capital of South Africa | ISO 3166-1:ZA | Mzansi,1,0.384,0.4191,23
The Darién Gap which may preempt many motoring adventures is a break in what road network?,the Panama Canal,Carretera Panamericana | Convention on the Pan-American Highway | Cosmopolitan Highway | Cosmopolitan highway | Global highway,0,0.6849,2.7548,26
Who stars in the 2008 movie Seven Pounds?,Will Smith,Fresh Prince (rapper) | List of songs recorded by Will Smith | Sheree Zampino | Trey Smith (Will Smith) | Wil smith,1,0.8354,3.1369,22
Who was the wife of Zeus and the mother of Ares?,Hera,Aegophagus | Hera | Hêra,1,0.543,1.2045,23
In which field of the arts has American born Annie Leibovitz achieved fame?,Annie Leibovitz is an American photographer who has achieved fame in the field,Art Photography | Commercial Photography | Commercial photographer | Commercial photography | Early photography,0,0.5025,1.7168,22
'Picket's Charge' occurred in which battle of the American Civil War?,Gettysburg,GETTYSBURG | Gettesburg | Gettsyburg | Gettysberg | Gettysburg,1,0.6721,1.9186,26
Who was the architect of Marble Arch?,The arch was designed by Sir Charles Barry and built between 1822,JOHN NASH | John Nash | John Nash (disambiguation) | John nash | Johnny Nash (disambiguation),0,0.7713,2.4042,26
"The Sagrada Famlia in Barcelona, which began construction in 1882, was consecrated and declared a basilica by the Pope in what year?",2010,2010 | two thousand and ten,1,0.5523,0.5821,22
What plant was traditionally cultivated in Europe for its unique blue dye?,"The blue dye was obtained from the leaves of the plant, which were dried and",Ban lan gen | Banlangen | Dyer's woad | Glastum | Indigowoad Root,0,0.4714,2.1154,23
Who was the seventh president of the United States?,The seventh president of the United States was James Madison,7th President of the United States | Age of Jackson | Andrew Jackson | Andrew Jackson assassination attempts | Andrew Jackson presidency,1,0.4928,1.5875,23
What separates East and West Malaysia?,The two regions are separated by the South China Sea,Bien Dong | Biên Dông | Dongbien | East Sea (Vietnam) | East Vietnam Sea,1,0.5426,2.9854,26
"Sinology is the study of the language, history and culture of which country?",sinology,(The People's Republic of) China | CHINA | Chaina | China | China (PRC),0,0.3173,1.5739,23
Who was declared Model of the Millennium by Vogue editor Anna Wintour?,"In 2009, the magazine declared model Naomi Campbell the Model of",Bundchen | Gisele (singer) | Gisele Buendchen | Gisele Buendchen Stock Index | Gisele Bundchen,0,0.8274,3.3424,22
"""In economics, whose law states that, """"Bad Money Drives Out Good""""?""",gold standard,SIR THOMAS GRESHAM | Sir Thomas Gresham | Thomas Gresham,0,0.8218,2.1312,22
Which actress and singer is known as Li Lo?,li lei,LINDSAY LOHAN | La Lohan | Lezlo | Lezzlo | LiLo (actress),0,0.9085,2.2497,22
Which is the biggest of the London merchant banks,barclays,Deutsche Morgan Grenfell | Morgan Greenfell | Morgan Grenfell | Morgan Grenfell & Co | Morgan Grenfell & Co.,0,0.6561,0.5895,22
What well known alcoholic drink was originally known as 'Usquebaugh'?,whisky,The Whiskey | The Whisky | The Whisky a Go Go | WHISKY | Whiskey A Go Go,1,0.7187,1.1839,23
What is the term for a person whose body doesn't produce melanin?,albinism,Achromasia | Achromasias | Achromatosis | Achromia | Albanism,1,0.3756,0.4517,22
Which President of the USA has daughters named Malia Ann and Natasha or more famously Sasha ?,barack obama,0bama | 2008 Democratic Presidential Nominee | 44th President of the United States | 44th president of the united states of america | B. H. Obama,1,0.4395,0.769,22
"What is the minimum number of points needed to win a tiebreak in tennis, such as in the Hopman Cup for mixed doubles, on the ATP and WTA tours for doubles and sometmes in USTA league play?",10,10 | ten,1,0.6136,1.6122,26
"What type of seaweed grows up to 100 meters in length, and is farmed for its alginates?",kelp,Kelp | Kelps | Laminariales,1,0.2127,1.7025,26
"Which continent has the world's highest waterfall, largest river by volume, longest mountain range, driest place, largest rainforest, highest capital city, and highest commercially navigable lake?",South America,America do Sul | América do Sul | Aouth america | List of national capitals in South America | Prehistory of South America,1,0.1775,1.3387,22
"""Which word completes each of the novels in a series by Enid Blyton - including """"The ??? of the Burnt Cottage"""", """"The ??? of the Vanished Prince"""" and """"The ??? of the Missing Necklace""""?""",The answer to this question is: The word that completes each of the novels in,MYSTERY | Mysterious | Mysteriousness | Mystery | Mystery (album),0,0.8643,1.5606,22
"Which island in the Mediterranean was the center of the Minoan civilization (ca. 2600-1400 BCE), the oldest civilization in Europe?",Crete,Creta | Cretan | Cretans | Crete | Crete (Greece),1,0.3825,0.4715,23
Carbon dioxide in solid form is called what?,"Carbon dioxide is a gas at room temperature, but it can be solid at low",Carbon dioxide ice | Card ice | Cardice | Dry Ice | Dry ice,0,0.3354,2.0332,26
Its capital is Valverde - which is the smallest of the Canary Islands?,tenerife,El Hierro | El Hierro Island | El hierro | HIERRO | Hierro,0,0.6599,2.3166,22
"In 1483, who was appointed the first grand inquisitor of the Spanish Inquisition?",The first grand inquisitor of the Spanish Inquisition was Tomás de Tor,Torquemada | Torquemada (disambiguation),0,0.6033,1.8812,23
Which patriotic Irving Berlin song includes the line  From the mountains to the prairie to the oceans white with foam ?,"""God Bless America""",God Bless AMERICA. | God Bless America | God Bless America (Celine Dion song) | God Bless The United States | God Bless The United States Of America,1,0.897,2.1384,22
"May 8th, 1886 saw Civil War veteran and morphine addict John Pemberton sell what concoction at Jacob's Pharmacy in Atlanta, Ga?",pepsi,Classic Coke | Classic coke | Co-cola | Coca -cola | Coca Cola,0,0.4314,2.0948,22
In which country do the football teams 'Helsingborgs' and 'GIF Sundsvall' play?,sweden,Climate of Sweden | Etymology of Sweden | ISO 3166-1:SE | Kingdom of Sweden | Konungariket Sverige,1,0.5029,0.1665,22
Which novel features the scholar 'Humbert Humbert'?,to kill a mockingbird,'LOLITA' | Clare Quilty | Confession of a white widowed male | Confessions of a White Widowed Male | Dolores Haze,0,0.7236,1.4764,26
"""During an infamous court case who said of Lord Astor's denial """"Well he would, wouldn't he""""?""",lord stewart,Mandy Rice Davies | Mandy Rice-Davies | Mandy Rice-Davis | Mandy-Rice Davies,0,0.9168,3.1057,23
Where would you find the metatarsal bone?,The metatarsal bones are the bones of the foot,Articulatio pedis | Articulationes pedis | Articulations of foot | Broken foot | Dorsum of foot,1,0.4289,1.1616,22
"Mt. Aconcagua, the highest peak in the Western Hemisphere, stands in which South American country?",argentina,ARGENTINA | Airgintin | Airgintín | Antonia Merce Y Luque | Arc'hantina,1,0.1232,0.0688,26
"In 2006, Stephen Harper became the Prime Minister of which country?",canada,America's top hat | CANADA | Canada | Canada's | Canada.,1,0.2522,0.1913,22
Which veteran Hollywood actor played Judge Henry Garth in the TV western series 'The Virginian'?,john huston,LEE J COBB | Lee Cobb | Lee J Cobb | Lee J. Cobb | Lee Jacob Cobb,0,0.9227,2.9787,23
What was the name of Ian McEwan's Booker Prize winning novel of 1998?,Atonement,"Amesterdam | Ampsterdam | Amsterdam | Amsterdam (Netherlands) | Amsterdam, Holland",0,0.7931,1.7001,22
Who is Vincent Furnier better know as?,He is better known as Vincent Furnier,ALICE COOPER | Alice Cooper | Alice Coper | Calico Cooper | Humanary Stew: A Tribute to Alice Cooper,1,0.7472,1.9347,23
"The Treaty of Kiel, between the UK, Sweden and Denmark-Norway was intended to ease hostilities relating to which war?",The Treaty of Kiel was signed on 14 January 181,Age of Napoleon | Armed Soldier of Democracy | Bonaparte | Boneparte | Emperor Napoleon,0,0.2275,1.928,26
Where sitting on his suitcase was Paddington bear found ?,"The bear was found in a suitcase in Paddington Station in London, England.",London Paddington | London Paddington railway station | London Paddington station | London Paddington train station | Paddington (Bishop's Road) tube station,1,0.6994,2.688,23
"Marking the separation between the Atlantic and Pacific Oceans, what name is given to the southernmost piece of South America?",the Isthmus of Panama,Cape Hoorn | Cape Horn | Kaap Hoorn | Rounding the Horn,0,0.4413,2.758,23
"What science does Sir Arthur Conan Doyle's creation, Sherlock Holmes, practise?","Sir Arthur Conan Doyle's creation, Sherlock Holmes, practises forensic science.",Detection,0,0.3699,2.6044,22
"Also called The Roodee, which, officially, is Britain’s oldest and shortest racecourse?",The Roodee,"Cestrian | Cestrians | Chester | Chester, Cheshire | Chester, England",0,0.8775,3.0121,23
Who is the host of the BBC television show QI?,The host of the BBC television show QI is Stephen Fry.,@stephenfry | Rescuing the Spectacled Bear | Stephen Fry | Stephen fry | Steve Fry,1,0.7589,3.07,23
"Lead poisoning, caused by increased levels of the metal lead in the blood, that may cause irreversible neurological damage, renal disease, and reproductive toxicity, is not also known in medical circles as ?",lead poisoning,Accidental Gunshot | Ballistic trauma | Bullet found | Bullet injury | Bullet wound,0,0.6796,3.0209,22
"""Who, in 1983 sang the theme song to the James Bond film """"Octopussy""""?""",michael jackson,RITA COOLIDGE | Rita Coolidge,0,0.9572,3.4874,23
What large flightless bird found in Mauritius by the Portuguese is believed to have died out in 1681?,dodo,Cygnus cucullatus | Didus | Didus ineptus | Diricawl | Do do,1,0.5177,1.2274,23
"In the children’s television series ‘Fireball XL5’, what is the name of the robot co-pilot of XL5?",fireball,Robert the Robot,0,0.9084,3.6698,23
What is the title of the 2009 biopic film directed by Sam Taylor-Wood about the early life of John Lennon,the night before,Nowhere Boy,0,0.8665,2.7475,22
"In 2009, a special design was used on the reverse of the 50p coin to commemorate the 250th anniversary of which establishment?",the Royal Mint,Board of Trustees of the Royal Botanic Gardens Kew | Jodrell Laboratory | Kew Botanic Garden | Kew Botanic Gardens | Kew Botanical Garden,0,0.854,2.119,26
What is Australia's largest island?,Tasmania is the largest island in Australia,AU-TAS | Geography of Tasmania | Geography of tasmania | Local government in Tasmania | Tasmania,1,0.5571,1.0599,26
Who played Richard DeVere in the TV sitcom To the Manor Born?,The actor who played Richard DeVere in the TV sitcom To the Manor Born was,PETER BOWLES | Peter Bowles,0,0.98,3.6291,26
Which canal is known as the 'Highway to India'?,the Suez Canal,Egypt's Canal Zone | Nile Canal | Suez Canal | Suez Canal (Egypt) | Suez Canal Zone,1,0.4423,2.3231,23
"What ice cream company produces flavors such as Everything But The.., Neapolitan Dynamite, and Stephen Colbert's AmeriCone Dream?",Ben & Jerry's,B&J | Ben & Jerry | Ben & Jerry's | Ben & Jerry's Free Cone Day | Ben & Jerry's Homemade,1,0.8136,1.4482,23
Filbert Fox is the mascot of which English football club?,liverpool,Filbert the Fox | Leicester City | Leicester City F C | Leicester City F. C. | Leicester City F.C,0,0.9829,2.5692,26
"Also the director of 'Insomnia' and 'The Dark Knight', who directed the 2010 sci-fi film 'Inception'?",Christopher Nolan,CHRISTOPHER NOLAN | Christopher Nolan | Christopher Nolan Filmography | Christopher Nolan filmography | Christopher nolan,1,0.6723,0.6168,22
Which modern-day country staged the sailing events for the 1980 Moscow Olympics?,The sailing events for the 1980 Moscow Olympics were held in the,Administrative divisions of Estonia | Eesti Vabariik | Eestimaa | Esthonia | Estija,0,0.7405,1.8938,23
I what year was the first 'Mechanical Hare' used in greyhound racing?,1970,"1919 | one thousand, nine hundred and nineteen",0,0.7967,2.1373,26
Which whale (not James) is most commonly known as the Singing Whale?,humpback whale,Humpback | Humpback (disambiguation) | Humpback (fish) | Humpbacks | The Humpback,1,0.5961,1.254,22
Which major computer language shares it's name with an Indonesian Island ?,java,JAVA | Java (computers) | Java (computing) | Java (disambiguation) | Java index,1,0.5477,1.395,22
"When did the US TV series, Buffy the Vampire Slayer, begin its six years of seasons?",1997,"1997 | one thousand, nine hundred and ninety-seven",1,0.5151,1.493,26
"Which South London gang, led by Charles and Eddie, were rivals of the Krays?",The Crips,Richardson | Richardson (disambiguation),0,0.8864,3.8324,22
Which giant hunter of Greek mythology was shot dead with an arrow fired by the goddess Artemis?,artemis,ORION | Orion | Orion (disambiguation) | Orion (music) | Orion (song),0,0.8034,2.0429,22
"In Greek legend, who turned everything he touched into gold ?","in Greek legend, the god Hephaestus turned everything he touched into gold",Berecynthain Hero | King Midas | Midas | Midas Curse | Midas Gardens,0,0.6808,3.0422,23
Which island is particularly associated with the artist Paul Gauguin?,The island of Tahiti is particularly associated with the artist Paul Gauguin,Culture of Tahiti | Demographics of Tahiti | History of Tahiti | Kahiki | Otaheite,1,0.5604,2.2759,22
"Between 1783 and 1865, Englishmen William Wilberforce, Sir Cecil Wray and Dr Beilby Porteus, Africans Olaudah Equiano and Ignatius Sancho and, in the USA, William Lloyd Garrison, John Greenleaf Whittier, Harriet Beecher Stowe, Frederick Douglass, Charles Henry Langston and John Mercer Langston were leading figures in which movement?",abolitionist movement,Abolishing slavery | Abolition (slavery) | Abolition Of Slavery | Abolition of Slavery | Abolition of slavery,1,0.2514,0.6229,22
Who wrote The Importance Of Being Earnest?,"The Importance of Being Earnest is a play by Oscar Wilde, first performed in",C. 3. 3. 3 | C. 3. 3. 3. | Cyril Wilde | Flahertie | O Wilde,1,0.6086,1.4104,23
Who's chart hit 'Walk tall' Started his career in 1964?,The Beatles,Michael Doonican | Morning Has Broken (Val Doonican album) | Quiet Moments (Val Doonican album) | The Val Doonican Show | Val Doonican,0,0.9549,2.3542,23
Who was the leader of France’s Vichy Government during World War II?,The Vichy Government was a collaborationist government in France during World War II,General Petain | General Pétain | Henri Petain | Henri Philippe Benoni Omer Joseph Petain | Henri Philippe Benoni Omer Joseph Pétain,0,0.5353,1.9722,22
Which notorious murderer lived at 10 Rillington Place?,john charles pender,"Christie, John | John Christie | John Christie (disambiguation) | John Christie (footballer)",0,0.8506,1.5222,23
Who co-starred with George Clooney in the 2013 movie Gravity?,Sandra Bullock,Fortis Films | One of the Guys (2014 film) | One of the Guys (film) | Sandra Annette Bullock | Sandra Bullock,1,0.836,1.0728,22
"In addition to hosting the Academy Awards, what stand up comic took over for Craig Kilborn behind the desk of The Daily Show?",john campbell,John Leibowitz | Jon Daily | Jon Steward | Jon Stewart | Jon Stewart filmography,0,0.8055,2.4116,22
Which handheld electronic toy had to be treated as a pet?,"The toy was a popular item among children, but it had to be treated as",Aki Maita | Anime TV de Hakken! Tamagotchi | Gotchi King | Hinotamatchi | Ichigotchi,0,0.7924,3.2616,22
Which artist's-works include Sunflowers and Pears and Street in Tahiti?,vincent van gogh,Eugcne Henri Paul Gauguin | Eugene Henri Paul Gauguin | Eugène Henri Paul Gauguin | Eugčne Henri Paul Gauguin | Gaugin,0,0.6651,1.8649,23
Who is the most famous character created by Sir Arthur Conan Doyle?,Sherlock Holmes,"Elementary, My Dear Watson | Elementary, my dear Watson | Holmes and Watson | Inspector Holmes | Sherlock Holmes",1,0.3213,2.2424,26
What English expression for a long complex procedure derived from a old legal document called a ragman roll?,"The expression ""ragman roll"" is used to describe a long and complex procedure",Rigamarole | Rigmarole,0,0.4885,3.4167,22
"In humans, Duane Syndrome affects which part of the body?","The condition is named after the British ophthalmologist William Duane, who first",Animal eyes | Apposition eye | Camera-type eye | Compound Eye | Compound Eyes,0,0.4971,2.7696,26
At which sport has Indonesia won several medals including gold in each Summer Olympics from 1992-2008?,badminton,Badders | Badmington | Badminton | Badminton 1000 bc | Badminton players,1,0.773,2.3324,26
Rob Pilatis and Fab Morvan were collectively known as what?,"Rob Pilatis and Fab Morvan were collectively known as the ""Fab Four""",Don't Give Up the fight | Empire Bizarre | Jodie Rocco (singer) | Megamix (Milli Vanilli song) | Mili Vanili,0,0.7795,3.1569,23
How many ‘Triangles’ are there on the logo of car manufacturer BMW?,10,4 | Four | four,0,0.5683,1.7211,22
Through much of 2009 former shareholders of what UK bank sought compensation from the UK government?,"The government of the United Kingdom has been criticised for its handling of the crisis,",North of England Building Society | Northern Counties Permanent Building Society | Northern Crock | Northern Rock | Northern Rock Bank,0,0.714,2.3444,26
"First published in 1932, what is the official magazine of the British Film Institute?",Sight and Sound,SIGHT & SOUND | Sight & Sound | Sight And Sound | Sight and Sound | Sight and sound,1,0.8467,0.8706,23
Hillary Mantel won the 2009 Booker Prize with which novel?,"""Wolf Hall""",WOLF HALL | Wolf Hall | Wolf Hall (novel) | Wolf Hall (play),1,0.6546,2.906,23
Which hit making pop group played the backing for the Everley Brothers 'Til I Kissed You,the Everly Brothers,The Crickets,0,0.9606,2.3896,22
"What style of American Football founded in 2003 is a full-contact 7 a side game where uniforms consist of helmets, shoulder pads, elbow pads, knee pads, bras, and panties?",The game is called American football.,2013–14 LFL Australia season | LFL Australia | LFL Canada | LFL Europe | Legends Football League,0,0.8326,2.4287,26
Teutophobia is the irrational fear of which country and its culture?,Germany,Alemanha | Almanya | BR Deutschland | Bundesdeutsch | Bundesrepublik Deutschland,1,0.657,1.9356,23
David Stern was the commissioner of what organization?,David Stern was the commissioner of the National Basketball Association (NBA) from,En bee ay | History of NBA | N B A | N. B. A. | N.B.A.,1,0.6261,1.5913,23
What in the human body are enclosed in the Pleura ?,The pleura is a thin membrane that lines the inside of the chest cavity and,Alveolar sacs | Avian lungs | Bellows lung | Bird lung | Circulatory lung,0,0.3034,1.4167,26
Which Swiss tennis player won the men’s singles title at the 2014 Australian Open?,rafael nadal,Stan Wawrinka | Stanislas Warwinka | Stanislas Wawrinka | Wawrinka,0,0.0628,2.6501,26
"In the nursery rhyme ‘Oranges and Lemons’, the bells of which church said ‘You owe me five farthings’?",st mary le water,Saint Martin's | Saint Martin's (disambiguation) | Saint Martins | St Martin's | St Martins,0,0.8465,2.474,23
In 'Harry Potter and the Philosopher's Stone' what is the name of the three-headed dog provided by 'Hagrid' to guard the trapdoor leading to the chamber where the stone was kept?,Fluffy,'FLUFFY' | Fluffy | Fluffy (American band) | Fluffy (disambiguation) | Fluffy (film),1,0.6709,0.4998,23
In which US state did the airship Hindenburg crash?,The Hindenburg disaster occurred in the US state of Illinois.,3rd State | Culture of New Jersey | Demographics of New Jersey | Dirty Jersey | Economy of New Jersey,0,0.4902,2.6204,22
"What cereal company, founded in 1906, has its headquarters in Battle Creek, MI?",Kellogg,Austin (brand) | Battle Creek Toasted Corn Flake Company | BiGG MiXX | Big mix | Bigg Mixx,0,0.7183,1.0602,22
The organisation Spectrum appeared in which Gerry Anderson TV series?,The organisation Spectrum appeared in the Gerry Anderson TV series Stingray.,Captain Grey | Captain Magenta | Captain Ochre | Captain Scarlet & the Mysterons | Captain Scarlet and The Mysterons,0,0.881,3.1484,22
"What noted fictional pirate, who sailed aboard the Jolly Roger, had an unreasonable fear of crocodiles and had a first mate named Smee?",jackdaw,Capt. Hook | Captain Hook | Captain Hook (Disney) | Captain James Hook | Captain hook (Disney Character),0,0.8183,2.4476,26
Which wedge-shaped writing system was used by various middle-eastern peoples from the fourth millennium BC until the invention of alphabetic systems?,cuneiform,CUNEIFORM | CuneiForm | Cuneiform (disambiguation),1,0.3568,1.1409,23
In which modern day country was Gustav Mahler born?,germany,4esko | Administrative divisions of the Czech Republic | Bohemia-Moravia | CZR | Cech Republic,0,0.4217,1.551,26
What name is given to the science or study of poisons?,toxicology,Chemical Toxicology | Chemical toxicology | History of toxicology | Toxicological | Toxicologist,1,0.2274,1.2179,26
"Which Alan Bennett play features Cutlers Grammar School, Sheffield?",The History Boys,History Boys | History is just one fucking thing after another | THE HISTORY BOYS | The History Boys | The history boys,1,0.8873,2.158,23
What was the name of the German encryption machine whose code was deciphered at Bletchley Park during World War II ?,enigma,Commercial Enigma | Commercial Enigma machine | ENIGMA | Enigma (machine) | Enigma D,1,0.569,0.5566,23
Who directed the 2013 film ‘Twelve Years a Slave’?,Steven Spielberg,McQueen (Steve) | STEVE McQUEEN | Solar Productions | Solar productions | Steve McQueen,0,0.6559,2.1317,23
On TV who played the private eye Jim Rockford?,The Private Eye,"Garner, James | James Baumgarner | James Bumgarner | James Garner | James Scott Bumgarner",0,0.5694,3.0938,22
"Which fire-breathing creature of Greek mythology has the head of a lion, body of a goat and the rear of a dragon?",cerberus,Chimaera | Chimaera (fish) | Chimaeras | Chimaeriformes | Chimaeroids,0,0.6897,1.1223,22
"In the BBC TV series, how are Antonio Carlucci and Genaro Contaldo better known?",Antonio Carlucci and Genaro Contaldo are better known as Antonio Carlu,Two Greedy Italians,0,0.7441,2.3,22
Which player scored for both teams in the 1987 FA Cup Final?,Peter Crouch,GARY MABBUTT | Gary Mabbott | Gary Mabbutt | Gary mabbut,0,0.9978,3.6827,26
"Raphanus Sativus is the Latin name of what vegetable, which has varieties including Cherry Belle, Sicily Giant and Daikon?",radish,Common radish | Cultivated radish | Icicle radish | R. sativus | Raddish,1,0.3965,0.2489,22
What epitaph is on Frank Sinatra's tombstone?,"""Here lies Frank Sinatra, a great American singer, actor, and dancer",The Best Is Yet To Come | The Best Is Yet to Come (disambiguation) | The Best is Yet to Come | The best is yet to come,0,0.776,2.7247,23
Who painted The Luncheon of the Boating Party in 1881?,The Luncheon of the Boating Party is a painting by Gustave Courbet,Auguste Renoir | Firmin Auguste Renoir | Pierre August Renoir | Pierre Auguste Renoir | Pierre-August Renoir,0,0.6549,2.4467,22
"The international multi-million dollar prizes set up in 2012 to recognise important recent achievements by scientists in (by 2015) Mathematics, Life Sciences, Fundamental Physics are known as what?",nobel prizes,The Breakthrough Prizes,0,0.1236,1.5354,26
What type of dance shoe has a specially hardened sole or attached metal plates?,ballet slippers,Heel clicking | Hoofer | Hoofers | Soft shoe | Soft shoe dance,0,0.73,3.2815,23
Which is the lowest rank of the Peerage?,The lowest rank of the Peerage is that of Baron,BARON,1,0.8604,1.7691,22
Who was known as the ‘Waltz King’ of Vienna?,waltz king,Ballets by Johann Strauss II | J. Strauss II | Johan Strauss | Johan straus ii | Johan strauss ii,1,0.5895,1.9815,23
What is the name of the alternative medicine that uses essential oils?,Aromatherapy is an alternative medicine that uses essential oils,Aroma therapy | Aromatherapeutic | Aromatherapist | Aromatherapy | Aromatherapy Candles,1,0.3626,1.8514,23
"What is the common name of the cooking ingredient from the hard fat of kidneys and loins of oxen, famously sold under the Atora brand?",bacon,Beef suet | Suet | Suets,0,0.7279,1.6113,22
In the car insurance business what do the letters TPFT suggest,"The letters TPFT suggest that the car is a Toyota, a Pontiac,",Third Party Fire and Theft,0,0.6357,2.2941,23
Which is the fourth largest of the Balearic Islands?,Menorca,"FORMENTERA | Formentera | Formentera, Spain",0,0.4919,1.5949,23
"What creature was used as the US Dodge automotive logo in the 1930s-50s, and again 1970s-2000s?",The Dodge logo was used on the Dodge automobiles from 1930 to,RAM (disambiguation) | Ram | Ram (animal) | Ram (disambiguation),0,0.8214,2.5028,23
Which snooker player was simply known as 'The Grinder'?,judd stuart,Champagne Cliff | Cliff Thorburn | Rhett Butler of the green baize,0,0.9618,2.5749,22
What is the first name of Nurse Ratched in the 1975 film ‘One Flew Over the Cuckoo’s Nest’?,ratched,Mildred | Mildred (disambiguation),0,0.7063,1.8737,23
"June 19, 1903 saw the birth of what legendary NY Yankee, who earned the nickname The Iron Horse in his 16 years playing for the team, until he was forced to retired when he was stricken with an eponymous disease?",joe di magno,%22Buster%22 Gehrig | %22Lou%22 Gehrig | 'Buster' Gehrig | 'Lou' Gehrig | Biscuit Pants,0,0.884,0.9065,23
What is the real name of 'Buster Bloodvessel' lead singer of pop group 'Bad Manners'?,buster bloodvessel,Douglas Trendle,0,0.987,3.7429,22
"What is the name of me political party, led by Alexis Tsipras,which won the general election in Greece in January 2015?",Syriza,Coalition of Radical Left | Coalition of the Radical Left | Coalition of the Radical Left-Ecologist Greens | Coalition of the radical left | Radical Left Coalition,1,0.3919,1.8179,23
"Which comedian/actor played the Doctor Who monster Abzorbaloff, which appeared in the 2006 episode ‘Love and Monsters’?",David Tennant,Live at the Top of the Tower | Peter John Kay | Peter K | Peter K. | Peter Kay,0,0.9373,3.3106,22
Which Alpine peak is known in Italy as Monte Cervino?,Monte Rosa,Cervin | Hörnli Ridge | Matahorn | Materhorn | Mattahorn,0,0.4867,2.0431,22
"""Who won """"Hell's Kitchen 2009"""" on Television?""",jennifer jones,LINDA EVANS | Linda Evans | Linda Evans (actress),0,0.9774,3.5305,22
What wa American composer Hoagy Charmichael’s real full Christian name?,Hoagy Carmichael,Hoagland | Hoagland (disambiguation),0,0.7769,2.5844,23
"""What type of clothing is a """"sou-wester""""?""",raincoat,Brim (hat) | Hat | Hat band | Hat bands | Hat size,0,0.7984,2.0031,26
Which instrument plays the A note to which the orchestra tunes before a performance?,A note is the pitch of the A above middle C.,OBOE | OBOE (disambiguation) | Oboe (disambiguation),0,0.645,1.9438,22
"Weighing-in at up 48 stone, who wrestled under the ring-name Giant Haystacks?",johnny hardy,Giant Haystack | Giant Haystacks | Loch Ness (wrestler) | Martin Ruane | The Loch Ness Monster (wrestler),0,0.9487,3.3321,22
"What was the name given to the largest alluvial gold nugget discovered by John Deason and Richard Oates at Moliagul, Victoria, Australia on 5 February 1869?",The Moliagul nugget,John Deason | Richard Oates | Welcome Stranger | Welcome Stranger nugget | Welcome stranger,0,0.2977,2.3453,22
The ‘La Scala Opera House’ is in which European city?,milan,Ambrosiani | Comune di Milano | History of Milan | Lordship of Milan | Mediolani,1,0.2221,0.2009,26
From which animal does Haggis come?,sheep,Agnine | Bleat | Domestic Sheep | Domestic ewe | Domestic ram,1,0.4413,1.2379,22
"Who directed the 1949 film, 'The Third Man'?",czechoslovakia,CAROL REED | Carol Reed | Carol Reid | Sir Carol Reed,0,0.907,2.0583,26
In 1976 who was the first gymnast to score a perfect ten in Olympic competition?,tracy kelly,"Comaneci | Comaneci, Nadia | Comăneci | Nadia Comaneci | Nadia Comeneci",0,0.8075,2.8963,22
Which cup competition was founded by Charles William Alcock in the eighteen seventies,cricket,England - FA Cup | England Cup | English Cup | English Football Association Challenge Cup | F A Cup,0,0.9393,2.7071,22
Armistice Day (or Remembrance Day) takes place during which month of the year?,November,31 November | 9ber | Coyovembyote | Nobember | November,1,0.2448,0.6231,22
In which game could you be faced with a 'Simple or Double Squeeze'?,"In the game of poker, a 'Simple or Double Squeeze' is a",BRIDGE | Bidge | Bridge | Bridge (engineering) | Bridge (structure),0,0.7899,1.9944,26
What would you expect if you asked for Focaccia in an Italian restaurant?,Focaccia is a type of flatbread that is traditionally made with a,Ammunition bread | Batch bread | Bread | Bread Making | Bread crust,1,0.4778,2.267,23
What atoll gained notoriety after the United States tested nuclear weapons there?,The United States tested nuclear weapons at Bikini Atoll in 194,Bikini (Marshall Islands) | Bikini Atol | Bikini Atoll | Bikini Atoll Nuclear Test Site | Bikini Island,1,0.5818,1.8751,22
In 1968 what became the longest course used for the British Open golf championship,the Royal and Ancient Golf Club of St Andrews,"Carnoustie | Carnoustie (town) | Carnoustie, Angus | Carnoustie, Scotland | Royal Burgh of Carnoustie",0,0.8537,2.1045,23
Who is Head of State of New Zealand?,"The Governor-General of New Zealand is the representative of the Queen of New Zealand,",Betsy Windsor | Betty Windsor | E II R | E.R. II | E2R,0,0.3656,1.3622,23
Abraham Maslow's 'Hierarchy of Needs' theory explains?,Abraham Maslow's hierarchy of needs theory explains that people have a set of needs,Aspiration Management | Aspiration management | Base motive | Extrinsic motivation | Intrinsic motivation,0,0.3068,1.7441,22
"According to Smokey The Bear, Remember... only you can what?",prevent forest fires,Prevent Forest Fires,1,0.6398,0.9251,23
"Which animal has the varieties Arctic, Bat-Eared and Fennec?",fox,F O X | F. O. X. | F.O.X. | FOX | FOX (TV),1,0.2836,0.8199,23
"By population, which is the second biggest city in France?",Paris,Capital of gastronomy | City of Lyon | Historic Site of Lyons | LYON | Lyon,0,0.6888,2.5945,26
Where in Canada is the Lion's Gate bridge?,"The Lion's Gate Bridge is a suspension bridge in Vancouver, British Columbia, Canada",City of Vancouver | Corpus Christi Elementary | Corpus Christi Elementary School (Canada) | Greater Vancouver Bridges | Hastings East (Vancouver),1,0.524,1.9743,22
What is an orthodox Mahommedan sect whose name derives from a body of traditional teaching which has equal authority with the Koran?,Sufism,Ahl Al-Sunna Wal-Jamaa | Ahl al sunnah | Ahl al-Sunna | Ahl al-Sunna wa al-Jama'ah | Ahl al-Sunnah,0,0.2838,2.2766,26
Mswati III is the king of which African country?,swaziland,Administrative divisions of Swaziland | Capital of Swaziland | Government of Swaziland | Health care in Swaziland | Health in Swaziland,1,0.3169,0.9602,22
‘The King of Barataria’ is the subtitle of which Gilbert and Sullivan operetta?,The Pirates of Penzance,"Barataria (Gondoliers) | Gondoliers | King of Barataria | The Gondoliers | The Gondoliers, or The King of Barataria",0,0.9242,2.0165,22
What name links an American singer and a Nottinghamshire and England cricketer?,"The answer is ""The Beatles"". The Beatles were an American singer and a Nottingham",James Taylor | James Taylor (American musician) | James Vernon Taylor | Jelly Man Kelly | Jellyman Kelly,0,0.9899,3.2173,26
Barney the Owl is a mascot of which English football club?,manchester united,(Sheffield Wednesday) | Lee strafford | Sheff Wed | Sheffield Wednesday | Sheffield Wednesday F C,0,0.8544,2.2959,22
Which guitar innovator and player has a range of Gibson Guitars named after him?,Les Paul,Les Paul | Les Paul Trio | Les paul | Lester Polfuss | Lester William Polsfuss,1,0.8646,1.8722,23
What actor has played James Bond in the most movies?,martin bowen,"Geoffrey Moore (actor) | Luisa Mattioli | Moore, Roger | Moore, Sir Roger George | Roger George Moore",0,0.8653,2.7438,23
"If North is 0 and 360 degrees and East is 90 degrees, how many degrees is South-West?",South-West is 225 degrees. 225 degrees is,225 degrees | two hundred and twenty-five  degrees,1,0.7296,1.2709,26
What type of tree was Newton supposedly sitting under when he formulated his theory of gravity?,Newton was sitting under an apple tree when he formulated his theory of gravity,An apple a day | Aplle | Apple | Apple (Fruit) | Apple (fruit),1,0.5228,2.3463,22
What was the name of the World War I fighter ace nicknamed the Red Baron?,austria,Baron Manfred Albrecht von Richthofen | Baron Manfred von Richthofen | Baron Manfred von Richthoven | Baron Manfred von Richtofen | Baron Manfred von Richtoven,0,0.3666,2.8654,26
Who wrote the epic poem The Faerie Queen c.1590 - 1596?,edmund spenser,E. Spenser | Edmund Spencer | Edmund Spenser | Edmunde Spenser,1,0.7118,1.7969,23
The mountain massif called Maxwell Montes contains the highest point on the surface of which planet?,mars,2nd planet | Aitorma | Astronomy Venus | Cytherocentric orbit | Kleinchen,0,0.4169,0.3668,26
Who succeeded Brian Epstein as manager of The Beatles?,"In 1962, Brian Epstein became the Beatles' manager",Allan Klein | Allen Klein,0,0.7193,2.2902,22
"Prince Philip, Duke of Edinburgh, was born on which island?",wales,Ancient Corcyra | Corcyra | Corcyraean | Corfiote | Corfou,0,0.6798,1.7428,23
"Which river runs through the cities of Basel, Strasbourg, Karlsruhe, Mainz, Koblenz, Bonn, Cologne, Dsseldorf, Arnhem, Utrecht and Rotterdam?",Rhine,Alpenrhein River | Length of the Rhine | Rayn | Rhein (river) | Rhein River,1,0.432,0.7535,22
Which year saw the assassination of US President James Garfield?,1881,"1881 | one thousand, eight hundred and eighty-one",1,0.4061,0.8379,22
Which is the most southerly of the Canadian provinces?,The most southerly of the Canadian provinces is New Brunswick,"CA-ON | Canada Ontario | Climate of Ontario | ON, Canada | Ontairo",0,0.4136,2.4975,23
In which gentlemen's club did Phineas Fogg make the bet that he could travel around the world in eighty days?,The Ritz,Reform Club | THE REFORM CLUB | The Reform Club,0,0.7997,2.2836,26
To whom did human-rights lawyer Amal Alamuddin become engaged in April 2014?,"In April 2014, Alamuddin became engaged to human-rights","Clooney, George | George Clooney | George Cloony | George Klooney | George T Clooney",0,0.6211,2.9387,22
Which is the largest city on the Caspian Sea?,baku,Aaamazzarite | Aenar | Akritirian | Akritirians | Allasomorph,1,0.2466,1.2062,22
In the Old Testament Goliath was a member of which race?,Philistine,List of battles between Israel and the Philistines | PHILISTINES | Philistean | Philisteins | Philistim,1,0.429,2.0629,22
The fictional character ‘Disco Stu’ appears in which US cartoon tv Series?,the henchmen,500 Easy Pieces | A to Z (Simpsons TV ad) | Bart's Homework | Bart's Karate Lesson | Bart's Nightmare (Simpsons TV ad),0,0.8835,3.2916,23
On the 11th of February 1990 Mike Tyson (and the world!) was stunned when he lost his heavyweight crown in the tenth round to which boxer?,rafael hayes,Buster Douglas | James %22Buster%22 Douglas | James (Buster) Douglas | James Buster Douglas | James Douglas (boxer),0,0.9629,2.8275,26
What colour is lapis lazuli?,blue,"(0, 0, 255) | Blae | Blue | Blue (Colour) | Blue (color)",1,0.1034,0.7241,26
Which Oscar winning song came from the film Pocahontas,"""I've Got a Home in Gloryland""",Colors Of The Wind | Colors of the Wind | Colors of the wind | Colours of the Wind | Colours of the wind,0,0.8637,1.9818,22
The antirrhinum plant is more commonly known as what?,The antirrhinum plant is more commonly known as the snapdragon,Antirrhinum | SNAPDRAGON | Snap dragon | Snap dragons | Snap-dragons,1,0.3761,1.6953,23
The music of which band finally became available for download from iTunes in November 2010?,The music of The Beatles finally became available for download from iTunes in November 2,Beatals | Beatle | Beatles | Beatles (The) | Beatles music,1,0.8991,2.8435,23
Who was the first woman to fly the Atlantic solo,The first woman to fly the Atlantic solo was Amelia Earhart.,Amelia Aerhart | Amelia Airhardt | Amelia Airhart | Amelia Airheart | Amelia Earhardt,1,0.9149,2.9588,22
"In Scandinavian mythology, what was the home of the Gods, approached by a bridge (Bifrost), that contained a great hall and Valhalla?",jötunheimr,Aasgard | Asaland | Asgaard | Asgard | Asgardr,0,0.4064,2.2198,22
Which Florentine painter 1535-1607 used the name Bronzino after the death of his 'uncle'?,bruno bruno bruno bruno bruno bruno bruno bruno,ALESSANDRO ALLORI | Alessandro Allori,0,0.7,2.5709,22
Which of the Great Train Robbers became a florist outside Waterloo station until he was found hanged in a lock up,john howson,Buster Edwards | Ronald %22Buster%22 Edwards,0,0.9742,2.5992,26
In which town or city would you find the 'Caledonian Brewery'?,glasgow,Areas of Edinburgh | Areas of edinburgh | Athens of the north | Auld Reekie | Burgh of Edinburgh,0,0.7613,2.5193,23
Which religion uses a domed structure called a Stupa as a shrine?,buddhism,BUDDHISM | Bauddhadharma | Bhuddism | Bhuddist | Bhuudis,1,0.2943,1.7776,23
Of which US rock band is Anthony Kiedis a founder member and lead singer?,red hot chili peppers,Lal Jhal Morich Gura | Live On Air | Live at Budokan (Red Hot Chili Peppers) | Live on Air | R H C P,1,0.4289,0.523,26
"In which country was the first 24 hour race for motor cars held on a closed course, in 1907?",england,Aenglaland | Aengland | Anglica | Auld enemy | ENGLAND,1,0.8874,1.035,26
"Blacksmith is a general term for a worker in iron, but what specific name is given to someone who shoes horses?",blacksmith,American Farrier's Association | FARRIER | Farrier | Farriers | Farriery,0,0.585,0.9465,22
Name the successful travel and 'e-tailer' website founded Martha Lane Fox and Brent Hoberman in 1998?,amazon,Lastminute.com,0,0.6711,1.2166,22
Which treaty was signed in March 1918 signalling Russia's exit from World War 1?,treaty of brest-litovsk,"Berestie | Berestov, Belarus | Berestye | Biarescie | Biareście",1,0.6661,2.0096,22
Who stars in the 2008 movie Seven Pounds?,Will Smith,Fresh Prince (rapper) | List of songs recorded by Will Smith | Sheree Zampino | Trey Smith (Will Smith) | Wil smith,1,0.7806,3.1369,26
In which African country is the Danikil Desert?,ethiopia,AEthiopia | Abbysinnia | Abissinia | Abysinna | ETHIOPIA,1,0.3497,2.1701,22
What nickname has been given to the Velodrome in the Olympic Park because of the shape of its roof?,velodrome,Pringle | The PRINGLE,0,0.6885,1.9686,23
In which year was the Highway Code first published by the government?,The Highway Code was first published in 1931,"1931 | one thousand, nine hundred and thirty-one",1,0.6621,1.1406,22
The island of Honsh is part of which country?,japan,Etymology of Japan | ISO 3166-1:JP | JAPAN | JPN | Ja-pan,1,0.3649,0.6928,23
In what Virginia town is the Central Intelligence Agency located?,"The CIA is located in the town of Langley, Virginia",Langley | Langley (disambiguation) | Langly,1,0.4505,1.9381,22
In what modern-day country was the Norse settlement of Vinland?,"Vinland was a Norse settlement in North America, in what is now Newfoundland and",America's top hat | CANADA | Canada | Canada's | Canada.,0,0.1696,2.3743,26
The Gulf of Carpentaria is an inlet on the north coast of which country?,australia,AUSTRALIA | AUSTRALIAN | Asutralia | Ausrtalia | Aussieland,1,0.2714,0.1823,23
What is the spiked stick or prod used for driving cattle called?,"The spiked stick or prod used for driving cattle is called a ""cattle prod",Goad | Goaded | Goader | Goaders | Goading,0,0.8266,2.2129,22
Which book of the Old Testament explains how the festival of Purim came to be celebrated by the Jews?,The Book of Esther explains how the festival of Purim came to be celebrated by,Esther,1,0.4025,1.4309,23
What is the name of the A1 Pacific steam locomotive which was completed in 2009 and is the first of its kind built for over 50 years?,The A1 Pacific is a steam locomotive which was completed in 20,'TORNADO' | The Tornado,0,0.8677,1.6347,23
What 'rare' noble gas element used in lighting was discovered in 1898 and named after Greek 'new'?,argon,Atomic number 10 | Element 10 | Liquid neon | Neon | Neon gas,0,0.6441,1.4902,22
What would a Planganologist collect?,"The Planganologist is a person who studies the Plang, a language that",Doll | Doll Hospital | Doll making | Dolls | Toy doll,0,0.661,2.7999,26
Which musical features the song 'Second Hand Rose'?,the beatles,FUNNY GIRL | Funny Girl | Funny Girl (disambiguation),0,0.9388,2.7871,23
"According to the proverb, what is the better part of valor?",The better part of valor is to be brave,Abuse of discretion | Discretion,0,0.6643,2.6406,26
"The UK's longest National Trail, what path stretches 630 miles between Minehead and Poole Harbour?",the South West Coast Path,SOUTH WEST COAST,1,0.7523,1.1634,22
Erasmus of Rotterdam (1466-1536) is a revered?,philosopher,Christian Humanism | Christian humanism | Christian humanist | Christian humanists,0,0.1265,1.5606,22
The name of what woodwind instrument is also that of a type of bean?,oboe,FLAGEOLET | Flageolet,0,0.7069,1.2971,26
What is the name of the fictional club in the James Bond novel ‘Moonraker’?,007 Club,Blades Club,0,0.8563,2.5733,22
What major American city is located on Puget Sound?,seattle,"City of Seattle | Duwamps | Emerald City, Washington | Jet City | Seatle",1,0.4209,1.6113,23
What is a legislative or executive act by which a state restores those who may have been guilty of an offence against it to the positions of innocent people?,The state may restore those who may have been guilty of an offence against it to,Amnesty | General amnesty,0,0.5945,3.0775,26
In which country could you drive along the 1700 kilometre Bruce Highway?,australia,AUSTRALIA | AUSTRALIAN | Asutralia | Ausrtalia | Aussieland,1,0.2662,0.2051,26
"Which fashionable London thoroughfare, about three quarters of a mile (1.2 km) long, runs from Hyde Park Corner to Marble Arch, along the length of the eastern side of Hyde Park?",Park Lane,A4202 | A4202 road | A4202 road (Great Britain) | Park Lane | Park Lane (road),1,0.6723,1.4745,22
Who is the current World Snooker Champion?,"The current World Snooker Champion is world number one, world number two and",Ball-Run | Stewart Bingham | Stuart Bingham,0,0.8084,2.3531,23
In which part of New York city is Brooklyn situated?,The Bronx,"2014 Long Island flood | 2014 Long Island floods | 2014 New York flood | Eastern Long Island | Eastern Long Island, New York",0,0.4049,2.2923,22
John and David Lloyd represented Great Britain in the early 1970s at what sport?,cricket,Big tennis | Break point | Championship point | Game point | Lawn Tennis,0,0.8781,2.5087,22
Which British Prime Minister was born in Portsmouth in 1912?,sir chris patten,"Baron Callaghan of Cardiff | James Callaghan | James Callaghan (1912-2005) | James Callaghan, Baron Callaghan | James Callaghan, Baron Callaghan of Cardiff",0,0.7705,2.5792,22
-Day in 1944 was the greatest sea-bourn invasion in history. What was the code name for the operation?,D-Day,Allied invasion of France | Battle for Normandy | Invasion of France (Allies) | Normandy breakout | Normandy breakout campaign,0,0.6736,1.6358,23
In which stretch of water did the Mary Rose actually sink,"The Mary Rose sank in the Solent, a stretch of water between the Isle",Solent | Solent River | Solent Valley | The Solent,1,0.6127,1.6766,23
The American roadrunner belongs to which family of birds?,cuckoo,Cookoo | Cuckoo | Cuckoo bird | Cuckoo's nest | Cuckoos,1,0.0814,1.1759,22
Pok ta Pok started in Mexico - what modern game/sport is it?,volleyball,B Ball | B ball | B-ball | Baketball | Baksetball,0,0.6704,1.6476,23
Which craft uses paper cut-outs and varnished to various surfaces?,papercutting,Decopage | Decoupage | Decouper | Découpage,0,0.5122,2.9824,23
"What is the name of the new town on the outskirts of Paris which is the site of 'Euro Disney', opened in 1992?",la houssaye,MARNE-LA-VALLEE | Marne La Vallee | Marne La Vallée | Marne la Vallee | Marne la Vallée,0,0.705,1.7952,23
What was the name of the kangaroo often mistaken by Sylvester the cat to be a giant mouse?,kangaroo,Giant Mouse | Hippety Hopper | Hippity Hopper,0,0.7729,3.5546,23
In what year was the first in-flight movie shown on an internal flight in the USA.,1930,"1929 | one thousand, nine hundred and twenty-nine",0,0.7397,1.8574,23
Which Italian city is the setting for Romeo and Juliet?,rome,City Of Verona | City of Verona | Commune of Verona | San Michele Extra | UN/LOCODE:ITVRN,0,0.4436,0.6943,23
Cleeve Hill is the highest point in which range of English hills?,"The Cleeve Hill is the highest point in the Cotswolds, a",Costwold | Cotswold | Cotswold Edge | Cotswold Hills | Cotswold Hills (England),1,0.6573,2.3457,23
Dao is a region of wine production in which country?,france,An Phortaingeil | An Phortaingéil | Bo Dao Nha | Bồ Đào Nha | ISO 3166-1:PT,0,0.5807,2.8447,22
"Which tennis player, born in 1946, was nicknamed ‘Nasty’?",jill richards,Ilie Nastase | Ilie Năstase,0,0.9194,3.1098,22
"When suffix letters were first used on British car registration plates the letter was used for a calendar year, later, to suit the car industry, the letter changed on August 1 each year, which letter was consequently used for only seven months?","The letter was used for a calendar year, later, to suit the car industry",E | E (letter) | ⒠ | Ｅ | 🄔,1,0.8903,2.3919,22
What is the nickname of the great bell of the clock at the north end of the Palace of Westminster in London?,Big Ben,"Big Ben | Big Ben (bell) | Big Ben, London | Big Ben/version 2 | Big ben",1,0.7662,2.15,22
Whose “left hand” rule can predict the direction of motion of an electric motor?,The left hand rule can be used to predict the direction of motion of an electric,"Ambrose Fleming | Fleming, Sir John Ambrose | J. A. Fleming | John Ambrose Fleming | Sir Ambrose Fleming",0,0.5826,1.6326,26
Whose first solo UK number 1 single was I Only Have Eyes for You in September 1975?,the beatles,Art Garfunkel | Art Garfunkle | Art garfunkel | Art garfunkle | Arthur Garfunkel,0,0.9255,2.8485,22
What is the former name of Kinshasa ?,Léopoldville,LEOPOLDVILLE | Leopoldville | Leopoldville (disambiguation),0,0.3938,2.5785,23
Spiro Agnew was US vice-president to which president?,Richard Nixon,37th President of the United States | Arthur Burdg Nixon | Arthur Nixon | Dick Nixon | Harold Nixon,1,0.6137,1.2982,23
The stone Lapis Lazuli is used to make which shade of blue pigment for artists?,lapis lazuli,CI 77007 | French Ultramarine | ULTRAMARINE | Ultramarine | Ultramarine blue,0,0.4788,1.9891,23
In which year did Brookside first appear on Channel 4?,Brookside was first broadcast on Channel 4 in 1993,"1982 | one thousand, nine hundred and eighty-two",0,0.744,2.0978,23
Five-legged creatures have damaged which 1250 mile long wonder of the world?,The Great Barrier Reef,Douglas Shoal | Great Barrier Reef | Great Barrier Reef World Heritage Area | Great Detached Reef | Great barrier reef,1,0.5426,1.7254,23
"Which US author wrote ‘The Naked and the Dead’, based on his military service in World War II?",eric l. warner,"Mailer, Norman | Maileresque | Mailerian | Norman Kingsley | Norman Kingsley Mailer",0,0.7762,2.0287,22
In one of Walter Scott's Waverley' novels what was The Heart of Midlothian?,The Heart of Midlothian,A prison | Administrative security | Bighouse (brand) | Calaboose | City jail,0,0.6554,1.9571,26
"Adi Dassler founded the Adidas company, which company was founded by his brother Rudolf in 1948?",puma,PUMA | Puma | Puma (disambiguation) | Pumas,1,0.742,0.7143,23
"Which mammal constructs a lodge in which to store food, rear young, and pass the winter?",beaver,Beaver | Beaver house | Beaver houses | Beaver lodge | Beaver pelt,1,0.5389,1.3236,22
"""The TV series """"Married... with Children"""" was set in which city?""",milwaukee,Ariel Community Academy | Chcago | Chi City | Chi town | Chi-Beria,0,0.7833,2.3133,22
"If you travel due south from Detroit, Michigan, what is the first country you reach?",The first country you reach is Canada.,America's top hat | CANADA | Canada | Canada's | Canada.,1,0.853,2.8747,22
In Egyptian myth who was the God of chaos and disorder?,chaos,Pillars of the sons of Seth | Seth | Seth (Bible) | Seth (bible) | Sheis,0,0.4622,0.8338,23
Which playwright wrote Murder in the Cathedral?,t. S. Eliot,Eliotian | Prufrock and Other Observations | Sweeney Among the Nightingales | Sweeney among the Nightingales | T Eliot,1,0.7451,2.3362,22
"What ancient civilization was centred in the north of ancient Canaan, with its heartland along the coastal regions of modern day Lebanon, Syria and Israel?",Canaanite,Fenicia | Foenicia | Foreign relations of Phoenicia | Fīnīqīyah | Kinahna,0,0.2651,1.2334,22
Who is the twin sister of Sebastian in Shakespeare's Twelfth Night?,mariana,Alto viola | Bratsche | Electric Viola | Electric viola | VIOLA,0,0.7498,2.2676,22
"Aneto, at 3404 metres, is the highest mountain in which mountain range?",Andes,High Pyrenees | Pireneus | Pirineos | Pirineus | Pyranees,0,0.3934,1.603,23
"'The Playboy Riots' occurred during and following the opening in 1907 of 'The Playboy Of The Western World' by J.M. Synge, at which Dublin theatre?",the Abbey Theatre,ABBEY THEATRE | Abbey Experimental Theatre Company | Abbey Players | Abbey School of Acting | Abbey School of Actors,1,0.8862,2.441,22
A sophomore is a student in which year of a US college?,sophomore,1 E0 s | 1 second | Calendar Second | Fourth (time) | Number of seconds in a year,0,0.4765,2.028,23
Cathay is a poetic name for which far eastern country?,china,(The People's Republic of) China | CHINA | Chaina | China | China (PRC),1,0.281,1.0854,22
Benina international airport is in which country?,bolivia,Al-Jamahiriya al-%60Arabiyah al-Libiyah ash-Sha%60biyah al-Ishtirakiyah al-Uzma | Etymology of Libya | Free Democratic Libya | Free Libya | ISO 3166-1:LY,0,0.4787,2.7982,22
What word is used to describe the process of giving birth by animals such as dogs and wolves?,birthing,Birth | Births | Parturition | WHELPING | Whelping,1,0.4435,1.7803,23
"What is the modern name of the island borough bought by Dutchman Peter Minuit from Native Americans in 1626, and then called New Amsterdam?",The island borough was bought by Dutchman Peter Minuit from Native Americans in,Borough of Manhattan | Cabrini Hospice | City and County of New York | County of Manhattan | County of New York,0,0.3226,1.6681,22
Which European city has the world’s oldest stock exchange formed in 1602?,amsterdam,"Amesterdam | Ampsterdam | Amsterdam | Amsterdam (Netherlands) | Amsterdam, Holland",1,0.4321,1.7058,22
What is the capital of Taiwan?,Taipei,Capital of Taiwan | Capital of the Republic of China | Daihoku | T'ai-Pei | T'ai-pei,1,0.1969,1.4219,23
"What is the name of the whirlpool in the Hebrides between Scarba and Jura, the third largest in the world?",The Loch Ness Monster,Coire Bhreacain | Coire Bhreacan | Coirebhreacain | Corrievreckan | Corry Vreckan,0,0.7784,2.731,26
Which infamous character became Pope Alexander VI?,alexander vi,"214th pope | Alejandro VI, Catalan | Alexander Sextus | Alexander The Sixth | Alexander VI",1,0.6086,2.6349,23
"Which wife of Henry VIII had already married twice before she became queen, and married for a fourth time after Henry's death?",katherine of aragon,Anthony Martienssen | Catherine Borough | Catherine Parr | Catherine Parre | Kateryn Parr,0,0.689,1.7548,23
Norfolk Black and Norfolk (or Cambridge) Bronze are what type of animal?,dog,Etymology of Turkey | ISO 3166-1:TR | Republic of Turkey | Republic of Turkiye | Republic of turkey,0,0.7611,2.9626,26
Which 'Smokey' Robinson hit took 'Japan' to number nine in 1982?,"""You've Lost That Lovin' Feelin'""",'I SECOND THAT EMOTION' | El Chupa Nibre | I Second That Emotion | I second that emotion,0,0.9142,2.9026,22
Who was the third President of the USA?,The third President of the United States was John Adams,"3rd President of the United States | Jefferson Administration | Jefferson, Thomas | President Jefferson | President Thomas Jefferson",1,0.4874,1.5954,23
"Which car manufacturer produces models called Concerto, Inspire, Legend, Torneo, etc?",ferrari,Cbr 150 | HONDA | Hero honda passion plus | Honda | Honda (automobile),0,0.8356,2.1496,23
What was the nickname of the French singer Edith Piaf?,"The French singer Edith Piaf was known by the nickname ""La M",Little Sparrow | The Little Sparrow,0,0.7404,2.8381,22
In what year's Olympics were electric timing devices and a public-address system used for the first time?,The 1932 Summer Olympics were the first to use electric timing devices,"In 1912, in Stockholm",0,0.7225,1.4301,23
Rugby League - which country are the current holders of the European Cup?,England,Autonomous Province of Wales | CYMRU | Climate of Wales | Communications in Wales | Cymru,0,0.6689,1.3011,23
"What is the meaning of the Arabic word 'Hezbollah', the Shi'ite Muslim group?","Hezbollah is an Arabic word meaning ""alliance"" or ""loyal",Herzbollah | Hesbola | Hesbolla | Hesbollah | Hez b'Allah,1,0.2186,2.1785,26
"In Greek mythology, what was the name of Apollo's twin sister?",Artemis,Aeginaea | Aelurus (deity) | Aetole | Agrotara | Agrotora,1,0.4068,2.329,22
Who became President of the USA following the assassination of William McKinley in 1901?,Theodore Roosevelt,"26th President of the United States | Cowboy of the Dakotas | Feddy Roosevelt | President Theodore Roosevelt | Roosevelt, Theodore",1,0.4253,1.9985,23
A salpingectomy is the surgical removal of which part of the body?,salpingectomy,Fallopian | Fallopian Tube | Fallopian Tubes | Fallopian tube | Fallopian tube diseases,0,0.4627,1.2375,23
Which firework is said to be named after an instrument of torture on which a saint is said to have been martyred?,firecracker,Catherine Wheel,0,0.6708,2.32,22
"In which 1993 film does a boy called Jonah write to a woman called Annie, asking her to meet his father at the Empire State building on St. Valentine's Day?",the emperor's new clothes,Sleepless In Seattle | Sleepless in Seattle | Sleepless in Seattle (film) | Sleepless in Seattle: Original Motion Picture Soundtrack | Sleepless in seattle,0,0.9571,3.2957,22
"The preamble to the UN Charter, adopted on June 26, 1945, states We the peoples of the United Nations determined: to save succeeding generations from the scourge of what?","The preamble to the UN Charter, adopted on June 26, 1",The War | The War (Song) | The War (disambiguation) | The War (film) | The War (song),0,0.5151,1.9931,26
"""The border crossing known as """"Checkpoint Charlie"""" was between which two places?""",west Berlin and East Berlin,East and West Berlin,0,0.3853,1.0932,22
Miami Beach in Florida borders which ocean?,Atlantic Ocean,Across the pond | Altantic Ocean | Altantic ocean | Antlantic Ocean | Atlantic,1,0.251,0.6847,22
In 'Scarface' which character was played by Al Pacino?,rodney carter,Antonio %22Tony%22 Montana | Antonio Montana | Antonio Raimundo Montana | Tony Montana,0,0.7361,1.8391,22
The medical condition aphakia affects which part of the body?,The medical condition aphakia affects the eye.,Animal eyes | Apposition eye | Camera-type eye | Compound Eye | Compound Eyes,1,0.5158,1.2788,22
"Who directed the films Thelma and Louise, Hannibal and Black Hawk Down?",Ridley Scott,Gertrude Bell (2014 film) | Gertrude Bell (film) | Ridley Scott | Ridley Scott Associates | Sir Ridley Scott,1,0.7408,2.8355,22
Traditional Latin pluralization of Latin-originating words ending in 'us' is to replace the 'us' with?,a,%22I Love the. . .%22 series | %22I Love. . .%22 series | I ... | I Love The | I Love The...,0,0.6091,2.4538,23
"""Who composed the """"Christmas Oratorio"""" and """"The Coffee Cantata""""?""",johann sebastian bach,"Bach | Bach's | Bach, J S | Bach, J.S. | Bach, Johann Sebastian",1,0.8246,2.7542,23
The Forest of Arden is in which English county?,Herefordshire,County of Warwick | Great Wolford | Great wolford | Warks | Warwickshire,0,0.7588,1.7764,23
Which common flower has the Latin name Bellis Perennis ?,daisy,DAISY | DAISY Digital Talking Book | DAISY player | Digital Talking Book | List of DAISY players,1,0.259,0.6275,22
Dutch Motor Racer Maurice Gatsonides invented which aid to racing that has become a curse to drivers?,wing,Gatso meter | Multanova | Photo radar | Photo-enforced traffic lights | Photo-radar,0,0.7968,2.94,23
Which English electronic dance music duo was made up of Neil Tennant and Chris Lowe?,hollie smith,Pet Shop Boys | Pet Shop Boys biography | Pet shop boys | PetShop Boys | Petshop Boys,0,0.8842,2.9747,23
"Which preparation still in use today, was known in 4th century Egypt? Then, it was made from salt, pepper, iris flowers and mint leaves, but now mostly comprises Sodium Fluoride.",mouthwash,TOOTHPASTE | Toofpaste | Tooth paste | Tooth pastes | Toothpaste,0,0.6204,1.1798,23
"The preamble to the UN Charter, adopted on June 26, 1945, states We the peoples of the United Nations determined: to save succeeding generations from the scourge of what?","The preamble to the UN Charter, adopted on June 26, 1",The War | The War (Song) | The War (disambiguation) | The War (film) | The War (song),0,0.6278,1.9931,22
What is the name of the vast hall where the Norse gods live?,The name of the hall is Valhalla,Val-Hall | Valhala | Valhalah | Valhalla | Valhoell,1,0.4518,2.4903,26
Which of the Noble Gases takes its name from the Greek for 'hidden' ?,argon,KRYPTON | KRYPTON (Programming Language) | KRYPTON (programming language) | KRYPTON programming language | Krypton (programming language),0,0.3164,1.211,26
What is the name of the wooden panelled lining applied to a room,panelled,Boiserie | Boiseries | Paneled | Paneling | Panelings,1,0.661,2.5805,26
"""Which """"Bond girl"""" met Ringo Starr when they starred in the 1981 film """"Caveman"""", and later married him?""",madge stern,Barbara Bach,0,0.9118,3.3896,26
"In 1967, who was the first DJ on Radio 1?",jimmy hoffman,Lenny Gamble | Tony Blackburn,0,0.8422,2.9598,22
Who was editor of Cosmopolitan magazine for 32 years and wrote the book 'Sex and the Single Girl?,The answer to this question is,Helen Girley Brown | Helen Girly Brown | Helen Gurley | Helen Gurley Brown,0,0.8361,3.7002,26
Bryan Ferry was the lead singer of which 1970’s band?,robbie keane,Roxy Music | The Best of Roxy Music,0,0.894,2.2224,22
The Analects are the writings of which Eastern philosopher?,Confucius,Baochengxun Ni | Chung-ni | Confucian Philosophy | Confucious | Confucius,1,0.0921,1.2122,22
"Which Sanskrit word appears as a concept in both Buddhism and Hinduism, etc., and means Law or Natural Law?",dharma,Dhamma | Dhammā | Dharm | Dharma | Dharma (Buddhism),1,0.3987,0.579,22
Who was Prime Minister of China from 1949 to 1976?,chen mao,CHOU EN LAI | Chao En Lai | Chao En-Lai | Chou En Lai | Chou En Laï,0,0.4241,1.9892,22
The musical 'Sunday In The Park With George' was inspired by a painting by which artist?,georges seurat,GEORGES SEURAT | George Seurat | Georges Pierre Seurat | Georges Seurat | Georges-Pierre Seurat,1,0.7148,1.62,22
In which north west town is there a penny-farthing museum? A 'Great Race' is held there every ten years.,Penrith,High Legh Primary School | High Legh primary shool | Knutsford | Knuttesford,0,0.9867,3.0664,26
"What compete at the Burghley Trials, Badminton, the Rolex Kentucky Three Day, the Adelaide Trials, the Luhmhlen Trials and the toiles de Pau?",The Burghley Trials,Equesrianism | Equestrian sports | Equestrianism | Equestrians | Equestrianship,0,0.8471,3.0026,22
Who was the lead singer with Stylistics,The lead singer of the group was a man named Marvin Gaye. He was,Airrion Love | Russell Thompkins | The Stylistics,0,0.9359,3.2716,23
What is the US state capital of Kansas?,Topeka,"Capital of Kansas | Google (city) | Google, KS | Google, Kansas | Highland Park High School (Topeka, Kansas)",1,0.0564,0.721,26
Tu is the clothing brand of supermarket chain?,kfc,Beaumonts | By Sainsbury's | J Sainsbury | J Sainsbury PLC | J Sainsbury plc,0,0.7648,3.8952,23
What novel was published by Bob Dylan in 1971?,The novel was published in 1971 by Bob Dylan.,Taranchula | Tarantel | Tarantula | Tarantula spider | Tarantulas,0,0.6941,2.1812,22
Who was the first person after Scott to reach the South Pole overland?,The first person to reach the South Pole overland was Roald Amundsen,Ed Hillary | Edmond Hillary | Edmond hillary | Edmund Hilary | Edmund Hillary,0,0.8486,1.8621,26
The Liberal Democrats' 2011 Party Conference was held in which city?,london,B'Ham | B'ham | BIRMINGHAM | Beormingham | Bimringham,0,0.828,3.1909,22
Which acid is contained in Grapes?,tartaric acid,"(R,R)-tartrate | 2,3-dihydroxybutanedioic acid | 2,3-dihydroxysuccinic acid | C4H6O6 | Cream of tatar",1,0.4524,1.7983,23
The Hunter Valley is which country's oldest wine region?,australia,AUSTRALIA | AUSTRALIAN | Asutralia | Ausrtalia | Aussieland,1,0.4172,1.0396,23
Who on TV has played a scarecrow and a Time Lord?,The Doctor Who,John Pertwee | Jon Pertwee,0,0.936,3.1493,22
How many imperial gallons are in a firkin?,1 firkin is equal to 40 imperial gallons.,9 | Nine | nine,0,0.6577,1.4127,23
How is his holiness Tenzin Gyatso better known?,His Holiness the 14th Dalai Lama is better known as T,Dalai Blama | Dalai Lama | Dalai Lamas | Dalai Llama | Dalai lama,1,0.3636,1.6072,23
Which famous London events which occurred between April 10th and April 12th 1981 were dealt with in the Scarman report?,"The Scarman report was published in 1981, following the events",BRIXTON RIOTS | Brixton Riot | Brixton Riots | Brixton Riots (disambiguation) | Brixton riot,0,0.7554,1.6085,22
"Proclaiming himself ""the luckiest man on the face of the earth"", what baseball legend announced his retirement from the New York Yankees on July 4, 1939, following an amazing streak of 2130 straight games?",joe di maggio,%22Buster%22 Gehrig | %22Lou%22 Gehrig | 'Buster' Gehrig | 'Lou' Gehrig | Biscuit Pants,0,0.8766,1.2343,23
"100.4 Smooth Radio, and 105.4 Century FM, etc, are based where?",New York City,Salford Quays,0,0.7772,3.3936,22
In what US state is Mount Rushmore?,south dakota,40th State | Economy of South Dakota | Education in South Dakota | Fortieth State | Mount Rushmore State,1,0.2829,0.3056,26
"The 2009 season of the Indian Premier League, a Twenty20 cricket competition initiated by the Board of Control for Cricket in India, was held where?",Mumbai,Afrique du sud | Azania/South Africa | Capital of South Africa | ISO 3166-1:ZA | Mzansi,0,0.6792,1.8655,23
In the 1950's who succeeded Winston Churchill as British prime minister?,Harold Macmillan,"1st Earl of Avon | 1st Viscount Eden | 1st earl of Avon | Anthony Eden | Anthony Eden, 1st Earl of Avon",0,0.8293,2.3574,23
"In June 1991, which late US President was exhumed to test whether his death was caused by arsenic poisoning and not gastrointestinal illness?",bill clinton,12th President of the United States | General Taylor | General Zachary Taylor | List of federal judges appointed by Zachary Taylor | List of judicial appointments made by Zachary Taylor,0,0.6008,1.4643,26
"""Whose autobiography was entitled """"Step Inside Love""""?""",john lennon,Cilla Black | Cilla White | Priscilla Maria Veronica White | Priscilla Maria Veronica Willis,0,0.9884,2.7397,26
In which US state are the Catskill Mountains?,new york,11th State | Eleventh State | Estado Nueva York | Estado de Nueva York | N Y,1,0.1821,0.2539,22
Who writes the scripts for the TV series Downton Abbey?,The series was written by the British screenwriter Julian Fellowes,"Baron Fellowes of West Stafford | JULIAN FELLOWES | Julian Fellowes | Julian Fellowes, Baron Fellowes of West Stafford | The Lord Fellowes of West Stafford",1,0.7044,2.4193,22
Which tree has the Lath name Taxus?,The Lath name Taxus is given to the genus of trees in the family,YEW | Yew (disambiguation),0,0.3342,2.2285,26
Louis Smith won an individual silver medal in gymnastics at the 2012 London Olympics. For what discipline?,pommel horse,Gymnastics pommel horse | Pomel horse | Pommel Horse | Pommel horse | Pommel horse (gymnastics),1,0.6466,1.9321,22
Who built the original Palace of Versailles that was enlarged by Louis XIV?,"Louis XIV built the original Palace of Versailles, which was enlarged by his son",King Louis XIII | Lewis XIII | Louis 13 | Louis 13th | Louis II of Navarre,0,0.3978,2.4314,22
"What is the title of the last Harry Potter novel, published in 2007?",harry potter and the deathly hallows,7th Harry Potter | 7th Harry Potter book | 7th harry potter book | Battle of Hogwarts | Carpet Book,1,0.6548,1.2274,23
"In what year did Torville and Dean (Jane and Christopher) win their first Olympic gold, scoring 12 perfect sixes in their free-dance routine?",1980,"1984 | one thousand, nine hundred and eighty-four",0,0.7576,1.2819,22
The Carnegie family fortune was built around Andrew Carnegie’s success in manufacture in which industry?,steel,Crude steel | Long steel products | Steel | Steel (alloy) | Steel (metal),1,0.6508,1.7773,26
Who was Poet Laureate from 1850 to 1892?,laureate,A Tennyson | A. tennyson | Alfred Lord Tennison | Alfred Lord Tennyson | Alfred Tennyson,0,0.7549,1.8121,23
Which Muppet from the television series shares a name with a former US President?,ralph,Baby Grover | Global Grover | Grover | Grover (Sesame Street) | Grover Monster,0,0.7912,2.6616,23
"What name is given to the hot, molten rock found under the surface of the earth?",magma,MAGMA | Magma (disambiguation),1,0.3194,0.2351,23
"In 1746, Scottish naval surgeon James Lind pioneered the treatment of which disease?",scurvy,Anti-scorbutic | Antiscorbutic | Ascorbic acid deficiency | Avitaminosis C | Cheadle's disease,1,0.5081,0.3961,26
"In Indian cookery, dishes known as 'tandoori' are so named because their preparation involves a tandoor. What is a tandoor ?",A tandoor is a clay oven used for cooking food.,AN OVEN | Baking oven | Conventional oven | Conventional ovens | Gas oven,1,0.4712,1.34,22
Which 1968 film featured the 3rd Foot and Mouth Regiment of soldiers?,The Longest Day,3rd Foot and Mouth | 3rd Foot and Mouth Regiment | Carry On Up The Khyber | Carry On Up the Khyber | Carry On up the Khyber,0,0.9412,2.9067,23
Vestiphobia is the irrational fear of which items?,Vestiphobia is the irrational fear of clothing.,Accouterment | Apparal | Apparel | Attire | Attired,1,0.8269,3.1575,22
Marble Arch in London was once the ceremonial entrance to which British palace?,Buckingham Palace,Buck House | Buckhingam Palace | Buckigham palace | Buckingham Palace | Buckingham Palace Act 1832,1,0.6294,2.2255,22
Who wrote the classic ghost story The Monkey's Paw ?,w. w. wilkie collins,(W.W.) JACOBS | W W Jacobs | W w jacobs | W. W. Jacobs | W.W. Jacobs,0,0.8528,1.3017,22
In which sport do commentators talk about the 'Corridor of uncertainty'?,The term 'Corridor of uncertainty' is used in the sport of Formula One,Amateur cricket | Amature cricket | Coin toss (cricket) | Creag | Cricket,0,0.6911,2.3953,22
"What is the name of the world's largest church, that was begun in 1450, finished in 1600 and consecrated by Pope Urban XIII in 1626?",St. Peter's Basilica,Archpriest of Saint Peter's Basilica | Archpriest of St. Peter's Basilica | Basilica Di San Pietro | Basilica Papale di San Pietro in Vaticano | Basilica Sancti Petri,1,0.8137,2.578,26
At what age does an individual first become entitled to a free TV licence?,The BBC's television licence fee is payable by all UK residents aged 12,75 | seventy-five,0,0.7899,2.9753,22
"""The musical """"The Sound of Music"""" is associated with which geographical area?""",alpine,Administrative divisions of Austria | Alpine Deutschen | Architecture of Austria | Austria | Austrian Republic,0,0.7389,1.9778,22
"In the nursery rhyme, who pulled pussy out of the well?",the cat,Little Tommy Stout,0,0.9562,3.1938,26
"""In what country, between the 1950s and 1980, would one have found """"Rusticated Youth""""?""",united states,(The People's Republic of) China | CHINA | Chaina | China | China (PRC),0,0.7792,2.7554,23
Scrying commonly entails the use of a?,"Scrying is a method of divination that involves looking into a reflective surface,",Crystal Ball | Crystal ball | Crystal balls | Shew stone | Show stone,0,0.4963,1.6502,22
Charles Rennie Mackintosh was a leading exponent of which art movement around the 1900's?,art nouveau,ART NOUVEAU | Art Nouveau | Art Nouveau Jewellery | Art Noveau | Art nouveau,1,0.4621,0.7412,26
Which jazz saxophonist was nicknamed Bird,john coltrane,"Charles Parker, Jr. | Charlie %22Bird%22 Parker | Charlie Parker | Charlie Parker Residence | Charlie Parker Septet",0,0.6616,0.7413,22
"Which piece of laboratory equipment consists of a vertical cylindrical piece of glassware, graduated volumetrically along its length, with a stopcock at the bottom? It is used to dispense known amounts of liquids.",burette,A BURETTE. | Burets | Burette | Burettes | Microburette,1,0.4086,1.1986,23
"The result of a tryst with the wife of his bitter enemy, what legendary English ruler is the bastard son of Igraine and Uther Pendragon?",Arthur,Arthur Eld | Arthur Legend | Arthur Pendragon | Arthur of Britain | Arthuriad,0,0.863,1.5732,22
"""What was the title to John Buchan's sequel to """"TheThirty Nine Steps""""?""",The Thirty Nine Steps,Greenmantle,0,0.8899,1.6115,26
"Cardonagh, the most northerly town in Ireland is in which county?",leitrim,DONEGAL | Donegal | Donegal Borough | Donegal Town | Donegal town,0,0.7423,1.3349,22
"""What song plays over the closing credits of """"Die Hard"""" (1988)?""","""Die Hard""",Let It Snow | Let It Snow! | Let It Snow! Let It Snoe! Let It Snow! | Let It Snow! Let It Snow! Let It Snow | Let It Snow! Let It Snow! Let It Snow!,0,0.9558,2.5384,26
By how many years to the day did OJ Simpson's conviction for robbery and kidnapping follow his acquittal of murder?,10 years,13 | Thirteen | thirteen,0,0.6897,1.9438,26
"""Which institution is known as 'The Old Lady of Threadneedle Street""""?""",Bank of England,Asset Purchase Facility | Bank Of England | Bank of England | Bank of england | BoE,1,0.6661,1.4587,26
What does lager literally mean in German?,"The word ""lager"" is derived from the German word ""lager""",Storage | Storage (disambiguation) | Storage room | Stored,0,0.4458,2.0426,23
"Which author has been nominated for the Booker Prize for the novels 'Briefing For A Descent Into Hell', 'The Sirian Experiments' and 'The Good Terrorist' but is yet to win the award?",khaled hosseini,Briefing for a Descent into Hell | DORIS LESSING | Doris Lessig | Doris Lessing | Doris May Lessing,0,0.8326,3.016,22
"Legend has it that the Pied Piper led the children from what German town on July 22, 1376, when the cheap bastards wouldn't pay him for ridding the town of rats?",hamburg,"Afferde | Hamelin | Hamelin, Germany | Hameln | Hameln (Germany)",0,0.7127,1.5482,22
Who played the title role in the 2008 film 'The Wrestler'?,The Wrestler,MICKEY ROURKE | Mickey Roarke | Mickey Rourke | Micky Rourke,0,0.8764,2.6711,22
In language/text a 'tittle' commonly refers to what feature of a letter?,A 'tittle' is a small dot or mark that is used to indicate,D.O.T. | DOT | DoT | Dot | Dot (disambiguation),1,0.606,1.8536,23
"""Which Greek dramatist, who lived from 485 to 406BC, wrote """"Medea"""", """"Orestes"""" and """"Iphigenia in Tauris""""?""",Aeschylus,Euripedes | Euripides | Eurypides | Εὐριπίδης,0,0.4929,1.2543,22
Who played Margo Channing in the 1950 film ‘All About Eve’?,carole lindbergh,Arthur Farnsworth (Bette Davis' husband) | Arthur Farnsworth. | Bette Davies | Bette Davis | Bettie Davis,0,0.853,2.432,23
What is the name for a hare's nest?,"The name for a hare's nest is a ""hare's nest"" or """,Form | Form (disambiguation) | Forms | Forms (disambiguation),0,0.5639,2.5643,22
'Agar Agar' is a vegetarian alternative to what?,gelatin,Animal jelly | E441 | GELATINE | Gelatin | Gelatine,1,0.5644,0.9987,26
"Which castle near Deal in Kent has served, since 1708, as the official residence of the Lord Warden of the Cinque Ports?","The castle is now a hotel, the Warden's House, and is open",WALMER CASTLE | Walmer Castle,0,0.8975,2.191,26
"With 47 attacks in the year 2010 alone, what body of water is known as Pirate Alley?",the Arabian Sea,"Aden, Gulf of | Gacanka Cadmeed | Gulf of Aden | Gulf of Berbera | Khalīj 'Adan",0,0.6212,2.1335,23
"What were Scotsmen prohibited from wearing 1746-1782 under the Highland Garb Act, after the rising in Scotland in 1745?",The Act of 1746-1782 prohibited the wearing,Balmoral tartan | Clan tartan | Clan tartans | District tartan | Pattern tartan,0,0.9142,2.1274,22
What is the name for a natural satellite that orbits a planet?,A natural satellite is a natural object that orbits a planet,Dorsa Argand | Earth I | Earth and Moon | Earth and moon | Earth's Moon,0,0.3291,1.9659,23
"Which of the actors who portrayed Dr Who, famous from the UK TV series of the same name, appeared almost exclusively on radio, film, written works, and comic strips?",David Banks,"McGann, Paul | Paul McGann | Paul mcgann",0,0.9301,3.2354,23
"""John Wayne appeared as a centurion in the film """"The Greatest Story Ever Told"""" (1965). What was his famous line?""","""I'm a soldier, not a politician""",Truly this man was the son of God,0,0.8707,2.8561,23
How many chambers has the heart?,The heart has four chambers: two atria and two ventricles,4 | Four | four,1,0.6729,1.1508,22
' Ophidian ' refers to what kind of creatures ?,Ophidian is a term used to describe snakes.,Coronellidae | SNAKES | Serpentes | Serpentiform | Serpentigenous,1,0.328,1.2951,26
Which Norwegian explorer was the founder of the Nordic settlement in Greenland in the 10th century?,Erik the Red,ERIK THE RED | Eirik Raude | Eirikr Raudi | Eirikr Thorvaldsson | Eirikr raudi,1,0.589,1.5472,23
Which Saturday Night Live cast member was known for his “You look… mahvelous!” send up of Argentinian born actor Fernando Lamas?,john belushi,Billy Crystal | Billy Krystol | Billy cristal | Billy crystal | Billy kristol,0,0.9427,3.0182,22
What is the more common name for birds of the Troglodytidae family?,The family is commonly known as wrens,Troglodytidae | True wren | True wrens | Wren | Wrens,1,0.4269,2.076,23
Which US city was named after a British Prime Minister?,washington d.c.,"City of Bridges | City of Pittsburgh | Climate of Pittsburgh, Pennsylvania | Da burgh | East End (Pittsburgh)",0,0.7234,1.6183,26
Which boxer was portrayed b Robert De Niro in the film 'Raging Bull'?,john lennon,Jake La Motta | Jake LaMotta | Jake Lamotta,0,0.7753,1.9612,22
Bran Castle that is located on the border between Transylvania and Wallachia in Romania is marketed as the home of which sinister figure?,count dracula,Bram Stoker's Dracula | Bram Stoker's Dracula (1992 film) | Bram Stoker's Dracula (film) | Bram Stokers Dracula | Bram Stoker’s Dracula,0,0.4967,1.6793,23
Which European country’s national rail network is known as RENFE?,renfe,El Reino de Espana | El Reino de España | Espagna | Espainia | Espainiako Erresuma,0,0.3252,2.1739,22
Which river runs through York?,The River Ouse runs through York,OUSE | The Ouse,1,0.4625,1.3905,23
Film musical interpretations of Romeo and Juliet and the memoir of Baroness von Trapp shared what lead character name?,juliet,Mapiia | Maria | Maria (disambiguation) | Maria (film) | Maria (singer),0,0.9064,3.0566,26
Which 70s show was based on the British show Till Death Us Do Part?,the young and the restless,All In The Family | All In the Family | All in the Family | All in the Family (US series) | All in the family,0,0.9564,2.6116,22
"What surname connects equestrians Michael, Ellen, William, Robert and John?","The surname of the equestrian Michael, Ellen, William, Robert and John",WHITAKER | Whitaker | Whitaker (disambiguation),0,0.9724,2.8946,22
In which decade was Barack Obama born?,1961,%6060s | '60s | 1960's | 1960-1969 | 1960ies,0,0.152,0.3327,22
What was the realm of the gods in Norse mythology?,"The gods were the most important figures in Norse mythology, and they were often depicted",Aasgard | Asaland | Asgaard | Asgard | Asgardr,0,0.5022,2.7983,26
"Which game that contained many D&D; features and references, including a computer controlled dungeon master, created in 1975 by Will Crowther on a DEC PDP-10 computer, the first widely used adventure game, was significantly expanded in 1976 by Don Woods, that inspired a group of students at MIT to write a game called Zork in the summer of 1977 for the PDP-10 minicomputer which became quite popular on the ARPANET?",zork,Adventure | Adventurer | Adventurers | Adventures | Adventurous,0,0.5604,1.0651,22
"Which media mogul married actress Jane Fonda in 1991, the marriage ending in divorce ten years later?",michael jackson,Billionaire Ted | Former owner of WCW | R.E. Turner | Robert Edward III Turner | Robert Edward Turner,0,0.8614,3.2789,22
Which Scottish physician and novelist created Dr Finlay?,The Scottish physician and novelist Sir James Bannatyne Macdonald (1,A J Cronin | A. J. (Archibald Joseph) Cronin | A. J. Cronin | A.J. Cronin | A.J.Cronin,0,0.5747,2.5358,22
"By what first name is the wife of Tommy Beresford known in the Partners in Crime stories by Agatha Christie, recently adapted by BBC TV?",The wife of Tommy Beresford is known as Mrs. Beresford in,TUPPENCE | Tuppence | Twopence (disambiguation),0,0.8998,3.1521,22
Pok ta Pok started in Mexico - what modern game/sport is it?,volleyball,B Ball | B ball | B-ball | Baketball | Baksetball,0,0.6742,1.6476,22
To whom was the actress Carole Lombard married at the time of her death?,carole lombard,"Clark Gable | ClarkGable | Clarke Gabel | Clarke Gable | Gable, Clark",0,0.8819,2.9319,23
Who does Emilio Estevez play in the 1988 film ‘Young Guns’?,johnny depp,Bill Bonney | Billie the Kid | Billy The Kid | Billy kid | Billy the Kid,0,0.9301,3.2147,23
In which country is the Grand Coulee Dam,washington,'merica | (US) | (USA) | AMERICA | Amarica,0,0.1945,0.8892,22
What characteristic of Borneo ranks it among the largest five globally?,"Borneo is the world's third-largest island, after Greenland and Madagascar",Alluvial island | Continental Island | Continental island | Continental islands | Eilean,1,0.4099,1.3066,22
What taxonomic rank comes between Family and Species?,The taxonomic rank between family and species is genus,Genera | Genera (biology) | Generic epithet | Generic name (biology) | Generic separation,1,0.3414,2.1115,26
"""What was special about """"The Daily Courant"""" that appeared in the early 18th century?""",The first newspaper in the United States,First daily newspaper,0,0.6416,2.3922,26
Which English town is home to the Stephen Joseph Theatre?,leicester,SCARBOROUGH | Scarboro | Scarboro (disambiguation) | Scarborough | Scarborough (Disambiguation),0,0.8808,1.9254,23
Which English cathedral was damaged by an earthquake in the middle Ages,stalybridge,"Canons of Canterbury Cathedral | Canterbury Cathedral | Canterbury Cathedral Appeal | Canterbury Cathedral Priory | Canterbury Cathedral, St Augustine's Abbey, and St Martin's Church (old style) - Canterbury Cathedral, St Augustine's Abbey, and St Martin's Church",0,0.7988,2.6084,22
Who wrote the 1975 novel ‘The History Man’?,john lewis,"Bradbury, Malcolm | Malcolm Bradbury | Malcolm Stanley Bradbury | Sir Malcolm Bradbury",0,0.9526,3.6431,22
What is the astronomical term for the measure of the reflective ability of a heavenly body?,The astronomical term for the measure of the reflective ability of a heavenly body is al,Albedo | Albedo effects | Albedo of the Earth | Albedo rate | Earth albedo,0,0.3762,1.7602,23
"Which company was founded by Bill Gates and Paul Allen in Albuquerque, New Mexico, on 4 April 1975 to develop and sell BASIC interpreters for a new microcomputer, the Altair 8800?",microsoft,'Microsoft Corp | .azure | .bing | AS8075 | Aorato,1,0.4638,0.2594,23
Who did Roger Federer defeat in the final to win his first Wimbledon singles title in 2003?,rafael nadal,MARK PHILIPPOUSSIS | Mark Philippoussis | Mark Phillipoussis | Philipousis,0,0.6113,2.8782,26
"Ford recently announced that they were shutting down production of another of their marques. Active for the last 81 years, what brand is being discontinued?",ford,Mercury | Mercury (album) | Mercury (disambiguation) | Merdcury | Murcury,0,0.9199,1.4485,26
The traditional sport of 'pugilism' is nowadays called?,boxing,Boxer | Boxers | Boxing | Boxing (sport) | Boxing Styles and Techniques,1,0.4377,0.3557,23
"Which great composer's only ballets were, 'The Creatures Of Prometheus' and 'Ritterballet'?",wagner,"BEETHOVEN | Ballets by Ludwig van Beethoven | Baytoven | Baytoven, Ludwig van | Beeethoven",0,0.8373,2.2997,23
Herb of Grace is the name given to which strong- smelling herb?,sage,Common Rue | Common rue | Rue | Ruta graveolens,0,0.5932,1.9149,22
What strife-torn country's Football Association was suspended by FIFA due to interference by its government?,The Football Association of Sierra Leone was suspended by FIFA in 2007,A'raq | Aj-Jumhuriyah Al-'Iraqiyah | Al-'Iraq | Al-‘Irāq | Central Iraq,0,0.7386,2.3068,23
"In 1993, Eritrea became independent from which country?",The country was granted independence in 1993.,AEthiopia | Abbysinnia | Abissinia | Abysinna | Etheopia,0,0.4736,3.163,22
Which play by Sir Peter Shaffer was made into a film with Tom Hulce in the title role?,The Royal Hunt of the Sun,AMADEUS | Amadeus | Amadeus (play),0,0.814,2.0942,23
"When was basketball invented: 17th, 18th or 19th century?",19th century,19 century | 19th Century | 19th centuries | 19th century | 19th century AD,1,0.5437,0.2343,23
The Gilles Villeneuve Formula One racing circuit is in which country?,canada,America's top hat | CANADA | Canada | Canada's | Canada.,1,0.4292,0.4157,23
‘Boat Race’ is Cockney rhyming slang for which part of the body?,arse,Face | Faces | Facial feature | Human Face | Human face,0,0.8286,3.1166,23
Which St Helens born ex Rugby League player died recently after a seven year battle with cancer during which he raised thousands of pounds for charity?,gary bryant,STEVE PRESCOTT | Stephen Prescott | Steve Prescott,0,0.9322,3.4054,22
"Gary, Jason, Mark and Howard are all members of which British band?",the beatles,TAKE THAT | Take That | Take That! | Take that,0,0.979,1.8086,26
Hamid Karzai became the first elected president of which country in 2004?,afghanistan,A-Stan | AFGHANISTAN | Afeganistao | Affghanistan | Afgahanistan,1,0.1764,0.0164,23
What name is given to the temperature of -273.15 degrees Celsius?,kelvin,-273 C | -273 °C | -273.15 °C | -459.67 °F | 0 K,0,0.3385,1.0146,23
A pressure hull is part of which type of vessel?,A pressure hull is part of a pressure vessel,Diesel submarine | Diesel submarines | Diesel-electric submarine | Fast attack Submarine | Fast-attack submarine,0,0.5201,1.7388,26
In which TV establishment were Miss Gatsby and Miss Tibbs residents ?,The Plaza Hotel,Audrey (Fawlty Towers) | Dr. Abbott | FAWLTY TOWERS | Faulty Towers | Fawlty,0,0.9285,2.5015,26
By what name did Samuel Langhorne Clemens publish his novels under?,He published his novels under the name Mark Twain,Marc Twain | Mark Twain | Mark twain | Reports of my death are greatly exaggerated | SL Clemens,1,0.4961,2.3269,26
"What is the medical description of the loss of hair from the head or body, sometimes to the extent of baldness?",alopecia,Adult pattern alopecia | Allopecia | Alopecia | Alopecia androgenic | Alopecia due to ciclosporin,1,0.4319,0.5695,22
What is the minimum number of darts a person needs to throw to complete a leg from 501?,A leg is a sequence of 10 darts. The minimum number of,9 | nine,0,0.8687,1.7325,26
Shingles is an adult form of what illness?,chickenpox,Chicken Pox | Chicken pox | Chicken-pox | Chickenpox | Combusken pox,1,0.3673,1.0659,23
Which multi-talented actor played Mr Burns and Derek Smalls?,charles akerman,Harry Shearer | Harry schearer | Harry scheerer | Harry sheerer,0,0.9011,2.8418,22
Which British Prime Minister was born in Portsmouth in 1912?,sir chris patten,"Baron Callaghan of Cardiff | James Callaghan | James Callaghan (1912-2005) | James Callaghan, Baron Callaghan | James Callaghan, Baron Callaghan of Cardiff",0,0.9594,2.5792,26
Which “Thom” is Radiohead’s lead singer and principal songwriter?,Thom Yorke,2 Minute Silence | Dr Tchock | Dr. Tchock | Tchock | The White Chocolate Farm,1,0.7563,0.1873,23
"""What dish derives from the Portuguese dish """"Carne de Vinha d' Alhos"""" (pork preserved in red wine or red wine vinegar, chili pepper, and stewed with garlic) which was brought to Goa and evolved into the a dish of meat, usually lamb, with wine and garlic plentiful amounts of spice?""",Goan chicken,Chicken vindaloo | Tindaloo | Vindalho | Vindaloo,0,0.544,2.6212,23
"Tommy Bolin, who died of a heroin overdose in 1976, was the lead guitarist with which group?",The Yardbirds,DEEP PURPLE | Deep Purple | Deep Purple (band) | Deep purple,0,0.936,2.3175,22
Who was the suffragette killed during the 1913 Derby?,The suffragette killed during the 1913 Derby was Emmeline,Anmer (horse) | Emily Davidson | Emily Davison | Emily Wilding Davison | Emily davidson,0,0.728,2.1634,26
Which Parliamentary Act was abbreviated to DORA?,The 1972 Act was the first to be called the Human Rights,Defence of The Realms Acts | Defence of the Realm Act | Defence of the Realm Act 1914 | Defence of the Realm Acts | Defense of the Realm Act,0,0.7809,2.8902,26
"October 7, 1952 saw the birth of what former president, and current prime minister, of Russia?",nikita khrushchev,Political Strongman of Russia | President Putin | Putey Pute | Putin | Putin 2.0,0,0.5994,1.8276,22
Sound engineer Peter Lodge first announced which phrase on the London Undergound rail network in 1969?,"""The Tube""",Mind The Gap | Mind the Gap | Mind the gap | Please Mind the Gap | Watch the gap,0,0.9423,3.005,26
I Drove All Night in 1993 was the last solo UK chart entry for which singer?,theo bader,Lefty Wilbury | Orbison | Roy K. Orbison | Roy Kelton Orbison | Roy Orbison,0,0.9739,3.681,23
Which P.G. Wodehouse character has a butler 'Sebastian Beach' and a gardener 'Angus McAllister'?,jeeves,"'LORD EMSWORTH' | 9th Earl of Emsworth | Clarence Threepwood | Clarence Threepwood, 9th Earl of Emsworth | Clarence Threepwood, Lord Emsworth",0,0.9143,1.9003,22
'(What?) integration' refers to a corporation acquiring or otherwise taking control of connecting activity/ies in a supply chain?,supply chain,Vertical | Vertical (disambiguation) | Verticality | Verticals | ↕,0,0.6084,1.607,22
What is the appropriate name of the largest type of 'frog'?,The largest type of frog is the African bullfrog,GOLIATH | Goliath (La Ronde) | The Goliath,0,0.2455,1.9255,22
What board game for two players is known as wiq in Chinese and baduk in Korean?,go,G O | G.o. | GO | GO (disambiguation) | GO (magazine),1,0.4928,0.8984,23
Which crop is attacked by the Colorado Beetle?,The Colorado beetle (Adelphocoris lineolatus) is a major,Alu (tuber) | Blue potato | Boiled Potatoes | Boiled potato | Boiled potatoes,0,0.5013,1.9566,23
Which US gangster was released from Alcatraz prison in November 1939?,al capone,Al Capone | Al Cappone | Al capone | Albert Francis Capone | Alfonse %22Scarface%22 Capone,1,0.8431,2.2903,22
"Columbia University, in the city of New York, was founded as King’s College by royal charter of which British monarch?",King George II,George 2 | George II | George II (disambiguation) | George Ii | George ii,1,0.5108,0.8777,23
"Founded in 1775, George Washington was the Commander-in-Chief of what Army?",Continental Army,American Continental Army | Continental Army | Continental army | Continental soldiers | The Continental Army,1,0.2073,1.3684,22
Who was the owner of Mirror Group newspapers who misused the pension fund,The Mirror Group Newspapers,(Ian) Robert Maxwell | Ian Ludwig Hoch | Ian Robert Maxwell | Ian Robert Maxwell MC | Jan Ludwig Hoch,0,0.8859,2.5233,22
In Greek mythology who gave King Midas the power to turn everything he touched into gold?,god of wealth,Acratophorus | Aegobolus | Bacchic | Bacchino | Bacchus,0,0.6653,2.6896,23
Which hotel is world-famous for its 'grill'?,the hilton,Savoy (disambiguation) | Savoys | THE SAVOY | The Savoy,0,0.8414,2.8272,23
Beaufort who created The Wind Scale had which profession ?,meteorologist,Boatmanship | Boatmen | Expert seamen | Mariner | Merchant mariner,0,0.5416,1.2426,22
"""In the story of Jason and the Argonauts, what was the name of the Greek god who rises from the sea and holds the rocks in place in order to let the ship """"The Argo"""" to pass ?""",the god of the sea,TRITON | Triton | Triton (disambiguation) | Tritons,0,0.74,2.7247,23
Which planet has a diameter that is closest to that of the Earth?,Earth,VENUS,0,0.4249,1.8821,23
What type of scenes was Dame Laura Knight noted for painting,"Knight was noted for her ability to capture the mood of a scene, and her",3 ring circus | Big top (circus) | Circus | Circus (performing art) | Circus (performing arts),0,0.6792,2.7983,22
On which river is Kings Lynn,Norfolk,Bedfordshire Ouse | Great Ouse | River Great Ouse | The Great Ouse | The River Great Ouse,0,0.5426,2.3908,22
"What is the standard length of the bars in the uneven parallel bars or asymmetric bars, an artistic gymnastics apparatus used only by female gymnasts?",1.5 meters,240 cm | 240 distance | two hundred and forty  distance,0,0.6086,1.889,23
Which French romantic artist who painted Massacre at Chios and Women of Algiers was born on this day in 1798?,edouard manet,"(Eugene) Delacroix | Delacroix, Ferdinand Victor Eugene | Delacroix, Ferdinand Victor Eugène | Delacroix, Ferdinand-Victor-Eugene | Delacroix, Ferdinand-Victor-Eugène",0,0.6779,1.5062,23
What Greek mythological horse sprang from the blood of Medusa?,pegasus,Flying horse | Pegasas | Pegases | Pegasi | Pegasis,1,0.5516,1.6624,23
"The language known as Putonghua, Guoyu, Gwok Yu and Huayu, is spoken in Taiwan, Malaysia and Singapore and where else that it is the official language?",Hong Kong,(The People's Republic of) China | CHINA | Chaina | China | China (PRC),0,0.5503,2.4764,22
"April 30, 1945 saw the death of the worlds second biggest asshat ever, when Adolf Hitler offed himself. Whom did he marry the day before his death?",Eva Braun,Adolf Hitler's spouse | Adolf Hitler's wife | Adolph Hitler's spouse | Adolph Hitler's wife | Ava Braun,1,0.758,1.1803,23
"In the novel ‘Jane Eyre’ by Charlotte Bronte, what is the name of Mr Rochester’s first wife?",sybil,Antoinette Cosway | Bertha Antoinetta Mason | Bertha Mason | Bertha Rochester,0,0.6961,2.1002,23
What is the medical name for the breastbone?,manubrium,Body of sternum | Body of the sternum | Breast bone | Breast bones | Breastbone,1,0.1945,1.6917,22
In which county will you find Fountains abbey and Studley Water Gardens?,leicestershire,"North Yorkshire | North Yorkshire, England | Wrench Green",0,0.7045,1.7025,22
Ray Harryhausen is famous in the world of cinema for what?,"Ray Harryhausen is famous for his work in stop-motion animation, particularly in the",Brief history of special effects | Effects animation | Effects animator | Movie magic | SPECIAL EFFECTS,0,0.4812,1.6116,22
"The Dardanelles and the Bosporus, straits which separate Europe from the mainland of Asia, run through which country?",turkey,Etymology of Turkey | ISO 3166-1:TR | Republic of Turkey | Republic of Turkiye | Republic of turkey,1,0.2022,0.1264,23
"Bell, Wax, Jalapeño, Habanero and Poblano are types of which fruit, (which some think is a vegetable)?",chili pepper,Chile (capsicum) | Chile pepper | Chile peppers | Chili (capsicum) | Chili Pepper,1,0.3451,0.4118,22
"Which pop group in October 1974 reached NumberOne in the UK charts with Sad, Sweet Dreamer?",the beatles,SWEET SENSATION | Sweet Sensation,0,0.9888,1.5832,22
What is the name of the two veins that return deoxygenated blood into the heart?,The right atrium receives deoxygenated blood from the superior and inferior v,Caval vein | Left vena cava | VENA CAVA | Vena Cava | Vena carva,0,0.386,1.7709,23
Although mostly associated with Manchester in which other part of the UK were the Gibb Brothers born?,england,'Queen's Commissioner-Barrantagh ny Benrein' | 'Queen's Commissioner-Barrantagh y Benrein' | 'Queens Commissioner-Barrantagh y Benrein' | Census Act 1929 | Census in the Isle of Man,0,0.7968,2.0164,22
"""What is a """"white dwarf""""?""",a star that has exhausted its nuclear fuel and has collapsed under its own gravity,End of the Sun | Intermediate mass star | Intermediate mass stars | Intermediate star | Massive star,1,0.3896,1.5425,22
What was the only film directed by Cecil B DeMille in which actor John Wayne appeared?,The Ten Commandments,Reap The Wild Wind | Reap the Wild Wind,0,0.8123,2.4004,23
Which TV/film animated space age family have a dog called Astro?,star trek,Eep opp ork ah ah | Jane Jetson (The Jetsons) | Jet screamer | Jetson-like | Jetsonian,0,0.8771,1.9905,22
TV host Cat Deeley married which comedian in 2012?,johnny lee,PATRICK KIELTY | PK Tonight | Paddy Kielty | Pat Kielty | Patrick Kielty,0,0.9392,3.5159,22
"The substances isoflurane, desflurane, nitrous oxide, and sevoflurane are used as what in medicine?",anesthetic,Anaesthetic | Anaesthetic drugs | Anaesthetics | Anesthaetic | Anesthetic,1,0.3491,1.3464,23
"In WTF taekwondo competitions points are scored for a kick to the head or body, a turning kick to the head, and what else?",a turning kick to the body,Punch to the body,0,0.7443,2.391,23
The Frenchman Jean Robert-Houdin (1805-1871) is credited with formalizing what form of entertainment?,The Frenchman Jean Robert-Houdin (1805-18,%22magicaly%22 | Low magic | MAGIC | Magic | Magic (album),0,0.6534,1.9011,22
Which car manufacturer has its headquarters at Martorell near Barcelona?,ferrari,"S. E. A. T. | S.E.A.T. | SEAT | SEAT S.A. | SEAT, S.A.",0,0.7422,1.8357,26
What is the name of the Salvador Dali painting that shows clocks oozing over a landscape?,The Persistence of Memory,Drooping clocks | La Persistance de la memoire | La Persistencia de Memoria | La Persistència de la Memòria | La persistencia de la memoria,1,0.3995,1.4411,22
The mountainous and partly lawless province of Nuristan lies in the north-east of which country?,afghanistan,A-Stan | AFGHANISTAN | Afeganistao | Affghanistan | Afgahanistan,1,0.2111,0.067,22
Who was the head of the German Ministry of Public Enlightenment and Propaganda from 1933 to 1945?,Joseph Goebbels,Dr Goebbels | Dr Josef Goebbels | Dr Joseph Goebbels | Dr Paul Goebbels | Dr Paul Josef Goebbels,1,0.5983,0.2708,22
"In 1968, what telephone number was established as the national emergency number for the United States?",911,911 | nine hundred and eleven,1,0.5505,1.5539,23
What is the common name of the clavicle?,"The clavicle, or collarbone, is the bone that connects the shoulder",Clavacle | Clavical | Clavicle | Clavicle bone | Clavicles,1,0.3551,1.6545,23
The fictitious South American city/country El Dorado was abundant with?,gold,Atomic number 79 | Au (element) | Aurate | Auric (Ion) | Auric compound,1,0.5953,1.295,23
When was the sculpture of the four faces on Mount Rushmore begun?,The sculpture of the four faces on Mount Rushmore began in 192,"1927 | one thousand, nine hundred and twenty-seven",0,0.4726,1.2762,23
In the Sherlock Holmes stories who was Moriarty’s second in command?,The Master,1st Bangalore Pioneers | Colonel Moran | Colonel Sebastian Moran | Sebastian Moran,0,0.4689,2.6656,26
"Released in 1994, 'Objects In The Rear View Mirror May Appear Closer Than They Are' is the hit single with the longest un-bracketed title in UK chart history. Who sang it?",The Beatles,MEATLOAF | Meatloaf | Smoked Meatloaf | Smoked meatloaf | Turkey Meatloaf,0,0.962,2.9455,22
"In which conflict was the 'Battle Of The Saintes', in 1782?",american revolutionary war,"1776 War of Independence | AMERICAN WAR OF INDEPENDENCE | American Revolution War | American Revolution, military history | American Revolutionary War",1,0.1576,0.729,26
Which huge global communications brand is derived from a local word for a marten?,marten,C5-03 | C7-00 | Mobira | NOKIA | Nokia,0,0.6544,2.4533,22
"Which of the 'Classic' horse races, run at Epsom for three year old fillies on the Friday after the derby, is named after the estate then owned by the Earl of Derby?",the Oaks,'THE OAKS' | Khost Airfield | Khost Airport | Khost airfield | OAKS,1,0.4513,1.7071,26
What English city was originally built by the Romans as a spa in 60 A.D.?,bath town,Bath | Bath (disambiguation) | Baths,1,0.6402,0.7168,23
Anna Nicole Smith was controversially married to which oil billionaire?,j. neal herman,J Howard Marshall | J. Howard Marshall | J. Howard Marshall II | Jay Howard Marshall,0,0.7456,2.0402,26
“Instrument for measuring the humidity of air or gas.” A definition of what?,hygrometer,Assman psychrometer | Chilled mirror hygrometer | HYGROMETER | Humidity meter | Humidity probe,1,0.4145,0.5008,22
Which artist was famed for his paintings of the water lilies in his garden?,claude monet,Alice Hoschede | CLAUDE MONET | Claude Monet | Claude O. Monet | Claude Oscar Monet,1,0.4543,2.3602,23
Mrs Lovett made meat pies from material supplied by whom?,Mrs. Lovett made meat pies from material supplied by the Butcher.,Sweeney Tod | Sweeney Todd | Sweeney Todd (character) | Sweeney todd | Sweenie Todd,0,0.8984,2.1143,22
Who was married to Whitney Houston from 1992 to 2007?,Michael Jackson,Bobby Brown | Bobby brown | Robert Barisford Brown | Robert Beresford Brown,0,0.9577,3.2192,22
"In photography, what sort of lens enables a speedy transition from long shots to close-ups",A telephoto lens enables a speedy transition from long shots to close-ups,Optical zoom | Zoom lens | Zoom lenses,0,0.8478,2.0908,26
Who designed the Queen's wedding dress?,The Queen's wedding dress was designed by English fashion designer Norman Hartnell,Norman Bishop Hartnell | Norman Hartnell | Sir Norman Bishop Hartnell | Sir Norman Hartnell,1,0.8598,1.4926,22
What movie starred Michael Jordan?,The Shawshank Redemption,Monstars | Space Jam | Space Jam 2 | TuneSquad,0,0.8905,2.7547,26
Which European country has Switzerland to the west Austria to the east?,Switzerland,Army of Liechtenstein | Culture of Liechtenstein | Fürstentum Liechtenstein | ISO 3166-1:LI | Imperial Principality of Liechtenstein,0,0.3384,1.5715,23
What was the first name of the painter Manet?,The first name of the painter Manet was Jean.,douard,0,0.4603,2.2611,23
What was the name of the 1976 film that told the story of Woody Guthrie?,the young Woody Guthrie,Bound For Glory | Bound for Glory | Bound for Glory (disambiguation),0,0.7794,3.2872,23
Who played Saffron Monsoon in the UK television comedy series ‘Absolutely Fabulous’?,kate winkelman,Julia Sawala | Julia Sawalha | Julie Sawala,0,0.9337,3.7079,23
Which act won the Eurovision Song Contest for the United Kingdom singing Love Shine A Light?,love shine a light,Katrina & The Waves | Katrina & the Waves | Katrina And The Waves | Katrina and The Waves | Katrina and the Waves,0,0.9764,2.7163,26
"What was the name of the book that was a collection of Aubrey Beardsley's work, published by Leonard Smithers in 1897?","The illustrations were published in the book The Yellow Book, which was a collection of",A Book of Fifty Drawings,0,0.7325,2.0869,22
The expression 'Go West' originally (mid-1800s) encouraged people to move from/within?,The expression 'Go West' originally encouraged people to move from the East to the,'merica | (US) | (USA) | AMERICA | Amarica,0,0.6389,2.5163,22
"(As at 2012, and here translated into English) it is illegal to use the slogan 'One People, one Empire, one Leader' in what country?",china,Alemanha | Almanya | BR Deutschland | Bundesdeutsch | Bundesrepublik Deutschland,0,0.6029,3.2418,22
In which range of hills is the Cheddar Gorge?,"The Cheddar Gorge is a valley in the Mendip Hills, Somerset,",Mendip Hills | Mendip Hills AONB | Mendip hills | Mendips | The Mendip Hills,1,0.4657,1.8919,22
Who was the first US-born winner of golf's British Open?,"The first US-born winner of the British Open was Ben Hogan, who won the","Hagen, Walter | Walter Charles Hagen | Walter Hagen",0,0.851,2.5351,23
Antigonus is a character in which Shakespeare play?,antony and cleopatra,A Winter's Tale | A Winters Tale | A Winter’s Tale | Coast of Bohemia | Exit Pursued by a Bear,0,0.7807,1.8987,22
What brand name are Chuck Taylor sneakers sold under?,The brand name is Chuck Taylor All Star,Converse | Converse (disambiguation),0,0.5669,2.0859,22
British band Lindisfarne had a 1971 hit album entitled ‘The Fog on the ‘where’?,the hudson river,Tyne | Tyne (disambiguation),0,0.89,3.3437,23
Which bird is the international symbol for happiness?,The dove is the international symbol for peace,Blue bird | Bluebird | Bluebirds | Sialia,0,0.5831,2.4952,23
"In medicine, Daltonism (or deuteranopia) is better known by what name?",protanopia,Acritochromacy | Anomalous trichromacy | Blue cone monochromacy | Blue yellow | Blue-yellow,1,0.4767,1.1859,23
Lee Kuan Yew and Goh Chok Tong were the first two Prime Ministers of which country?,singapore,Asia/Singapore | Capital of Singapore | Cingkappur | Cingkappur Kudiyaracu | City of Singapore,1,0.0804,0.3666,26
What provoked the war between Honduras and El Salvador in 1969?,The war was triggered by the assassination of President Carlos Humberto Romero in 1,A Football Match,0,0.5893,2.4198,23
What U.S. state is closest to Africa (geographically)?,The United States is the only country in the world that is both a developed country,23rd State | Climate of Maine | Demographics of Maine | Department of Maine | Economy of Maine,0,0.6601,1.9859,26
British actor Maurice Micklewhite is better known by what name?,mick micklewhite,"Caine, Michael | Cained | Maurice J. Micklewhite | Maurice Joseph Micklewhite | Maurice Joseph Micklewhite, Jr.",0,0.9962,2.775,22
"From the root Greek words 'against' and 'protection', what medical term refers to a serious human allergic reaction?",anaphylaxis,Anaphalactic shock | Anaphalaxis | Anaphelactic shock | Anaphlaxis | Anaphylactic,1,0.3829,0.1046,22
Who was a busty model for Playboy and Guess before becoming a famous gold digger?,jessica simpson,Ana Nicole | Ana Nicole Smith | Anna Nichole Smith | Anna Nicole Smith | Anna Nicole-Smith,0,0.9022,3.6887,22
Who was Britain’s first female Olympic boxing Gold medal winner?,"In 1908, Britain’s first female Olympic boxing Gold medal winner","Adams, Nicola | Nicola Adams",0,0.8801,3.0214,23
Which group had a number one hit in July 2010 with 'The Club Is Alive'?,the beatles,'JLS' | .jls | JPEG LS | JPEG Lossless | JPEG Lossless Compression,0,0.9499,2.9035,23
Which car manufacturer has its headquarters at Martorell near Barcelona?,ferrari,"S. E. A. T. | S.E.A.T. | SEAT | SEAT S.A. | SEAT, S.A.",0,0.6401,1.8357,23
"Who was king of the Anglo-Saxon kingdom of Wessex from 871 to 899, notable for his defence of the Anglo-Saxon kingdoms of southern England against the Vikings, and for improving his kingdom's legal system and military structure?",Edward the Elder,Alferd | Alfred | Alfred (character) | Alfred (disambiguation) | Alfred (fictional character),0,0.3635,2.1192,26
"In Scotland, porridge is traditionally made with what?",oats,A. sativa | Avena sativa | Avenalin | Avenin | Common oat,1,0.4378,1.8289,22
Author Thomas Hardy trained for which profession?,author,ARCHITECT | Architect (disambiguation) | Architects (band) | Architects (disambiguation) | The Architect,0,0.8943,2.7312,22
"Referring to an aspect of its shape, what is the alternative name for a premolar tooth?",The premolars are the teeth between the canines and the molars.,Bicuspid | Bicuspid teeth | Bicuspid tooth | Bicuspids | Biscuspid,1,0.5274,1.7391,22
Which TV/film animated space age family have a dog called Astro?,star trek,Eep opp ork ah ah | Jane Jetson (The Jetsons) | Jet screamer | Jetson-like | Jetsonian,0,0.8645,1.9905,26
Who's home runs record did Mark McGwire break in the 1998 season?,70,Roger Eugene Maras | Roger Eugene Maris | Roger Maras | Roger Maris | Roger Maris Museum,0,0.7101,2.244,22
"""Which British composer wrote """"The Dam Busters March""""?""",ralph vicentini,"Coates, Eric | Eric Coates",0,0.9571,2.5962,22
Which English poet and dramatist was jailed for murder of the actor Gabriel Spencer after a duel in 1598?,robert fitzsimmons,B. Jonson | BEN JONSON | Ben Jonson | Benjamin Jonson | Jonsonesque,0,0.9191,2.5225,22
"Author Alex Haley, born on Aug 11, 1921, wrote what epic story of his family origins, later to be made a rather popular mini-series?",Roots,Roots (book) | Roots (novel) | Roots: The Saga of an American Family,0,0.879,0.7105,26
For what does the I stand in the Government Department known as BIS?,The I stands for the Government Department known as BIS,"(Department For Business,) Innovation (And Skills) | Department for Business Innovation and Skills | Department for Business, Innovation & Skills | Department for Business, Innovation and Skills | Department of Business, Innovation and Skills",0,0.7415,2.2967,26
"What is the name of the document issued, by law, giving information about a company to be floated on a stock exchange?",The document is called a prospectus,Prospectus | Prospectus (disambiguation),1,0.5944,1.6692,23
"Who wrote the Campus Trilogy of novels: Changing Places, Small World, and Nice Work?",john boynton williams,"David Lodge | David Lodge (disambiguation) | Lodge, David",0,0.9589,3.5814,26
What colour is the star on the national flag of Liberia?,green,A. White | A. White (Hampshire cricketer) | WHITE,0,0.4612,1.2226,22
What is the waxy secretion of the sperm whale used in perfume manufacturing,The sperm whale is a large toothed whale that lives in the ocean. It,Ambarum | Amber grease | Amber gris | Ambergrease | Ambergreece,0,0.6066,2.2236,22
Kurt Russell is the long term partner of which actress?,kate nelligan,Ashes to Ashes (2010 film) | Ashes to Ashes (Goldie Hawn film project) | GOLDIE HAWN | Goldie Hahn | Goldie Hawn,0,0.8741,2.9273,23
Which US state is the least populated?,"The least populated state in the United States is Wyoming, with a population of",44th State | Big Wonderful Wyoming | Climate of Wyoming | Constitution of Wyoming | Constitution of the State of Wyoming,1,0.5981,2.7102,22
Labour Day is celebrated in France during which month of the year?,1st of May,May | May (month) | May sickness | Month May | Veliki traven,1,0.408,2.3494,22
Yesterday saw the passing of Ed McMahon. What publishing sweepstakes company employed him as its' spokesperson?,"Ed McMahon was a popular television and radio host, and he was also a spokesperson",American Family Publishers | American Family Publishing | American family publishers | American family publishing,0,0.916,2.8839,26
"During his visit in May 2009, the Pope was urged to complain about the state of what landmark between Israel and Jordan?","The Pope was urged to complain about the state of the Temple Mount, which is",Ha-Yarden | Jordan (river) | Jordan River | Jordan River (symbolic) | Jordan River (symbolism),0,0.595,2.2937,23
Caroline of Brunswick was married to which British king?,king george iii,GEORGE IV | George IV | George IV (Hanover) | George IV Hanover | George IV of Britain,0,0.7574,1.6831,22
What breed of dog is Marmaduke in the newspaper cartoon strip of that name?,poodle,Boarhound | Deutsche Dogge | GREAT DANE | German Mastiff | Grand danois,0,0.7909,3.0679,22
"In the series of films by Disney Pixar, Nemo is a clown-fish, what type of fish is his friend Dory?",clownfish,Blue Tang | Blue tang,0,0.4457,1.0666,22
"At a height of over 3,000 feet, the Tugela Falls are the second highest in the world. In which country are the Tugela Falls?",south africa,Afrique du sud | Azania/South Africa | Capital of South Africa | ISO 3166-1:ZA | Mzansi,1,0.2157,0.5496,23
What is the name of the tool used to sharpen a knife?,A knife sharpener is a tool used to sharpen knives,Crude steel | Long steel products | Steel | Steel (alloy) | Steel (metal),0,0.5139,1.6436,22
Bishop Abel Muzorewa who died in April was a leading figure in the politics of which African country?,Zimbabwe,Chimpabwe | Cuisine of Zimbabwe | Etymology of Zimbabwe | Health care in Zimbabwe | ISO 3166-1:ZW,1,0.3548,0.7697,23
The town of Tobermory is on which Scottish island?,isle of cumbrae,Glenforsa | Island of Mull | Isle of Mull | Isle of mull scotland | Malaeus,0,0.8264,1.3442,26
When are the events surrounding the legend of the Pied Piper of Hamelin supposed to have taken place?,The legend of the Pied Piper of Hamelin is a folk tale from the town,13 Century | 13th Century | 13th centuries | 13th century | 13th century AD,0,0.7624,1.5422,22
The King of Wishful Thinking was a hit song used during the opening credits of the movie Pretty Woman. Who sang it?,kelly clarkson,GO WEST | Go West | Go West (album) | Go West (disambiguation) | Go West (film),0,0.9093,3.0556,22
What country has the largest Muslim population?,"The largest Muslim population is in Indonesia, with 130 million Muslims,",Ecology of Indonesia | Etymology of Indonesia | INDONESIA | ISO 3166-1:ID | Indnonesia,1,0.2513,2.1183,22
"Shukrān (Arabic), Hvala (Croation), Efharistó (Greek), Dhanyavād (Hindi), and Spasibo! (Russian) all mean what?",thank you,Thank You | Thank You (album) | Thank You (disambiguation) | Thank You (film) | Thank You (song),1,0.5601,0.545,23
Which half of a comedy duo was born in Lancashire in 1895?,The two halves of the comedy duo were born in Lancashire in 18,Arthur Jefferson | Arthur Stanley Jefferson | Stan Laurel | Stanley Laurel,0,0.9492,2.7517,22
"Oil from the wreckage of which super-tanker, ended up on the beaches of Brittany in 1978?",the super-tanker Torrey Canyon,AMOCO CADIZ | Amoco Cadiz | IMO 7336422 | MV Amaco Cadiz | MV Amoco Cadiz,0,0.8735,3.1765,23
What name is given to the study of animal behavior?,The study of animal behavior is called ethology,Animal Behavior | Animal Behaviour | Animal Learning | Animal behavior | Animal behaviorist,1,0.25,1.9398,22
What does someone need to wear if they are myopic?,"Myopia is a refractive error of the eye, in which the eyeball",Bespectacled | Eye glasses | Eye wear | Eyeglass | Eyeglass frame,0,0.4288,1.6779,22
"Said to be the birthplace of the rules of Association Football, Parker’s Piece is in which English city?",leeds,"Caergrawnt | Cambridge | Cambridge (England) | Cambridge, Cambridgeshire | Cambridge, East Anglia",0,0.838,2.8135,22
What is the common name of the clavicle?,"The clavicle, or collarbone, is the bone that connects the shoulder",Clavacle | Clavical | Clavicle | Clavicle bone | Clavicles,1,0.3139,1.6545,22
High Willhays is the highest point of what National Park?,high willhays is the highest point of the national park,DARTMOOR | Dartmoor | Dartmoor National Park | Dartmoor National park | Dartymoor,0,0.6467,2.8964,22
"Rathlin Island, off the Northern Ireland coast, was refuge to which Scottish King in 1306?",robert the Bruce,King Robert I of Scotland | King Robert the Bruce | King bruce of scotland | Raibeart Bruis | Robert 'the Bruce',1,0.498,1.131,26
Which admiral commanded the British fleet sent to repel the Spanish Armada in 1588?,sir frances Drake,"Baron Effingham | Baron Howard of Effingham | David Peter Mowbray Algernon Howard, 7th Earl of Effingham | Earl of Effingham | Earl of effingham",0,0.6926,1.868,22
"In order to secure the help of the Wizard, whose broom must Dorothy steal in the Wizard of Oz?",the ruby slippers,The Wicked Witch | The Wicked Witch of the West | The Witch of the West | The Wizard of Oz/Wicked Witch of the West | Wicked Witch,0,0.8451,2.2628,26
Who was the Texas governor who was shot and wounded when John F Kennedy was assassinated?,jim davis,"John B Connally | John B. Connally | John B. Connally, Jr | John B. Connally, Jr. | John Bowden Connally",0,0.8211,2.9957,22
In which African country is the Danikil Desert?,ethiopia,AEthiopia | Abbysinnia | Abissinia | Abysinna | ETHIOPIA,1,0.2772,2.1701,23
"Who was the first female prime minister of the Republic of India, who served for three consecutive terms from 1966 to 1977 and then from 1980 until her assassination in 1984?",Indira Gandhi,"Gandhi, Indira | Gandhi, Indira Priyadarshini | Indira Bundghi | Indira Gandhi | Indira Ghandi",1,0.5784,0.591,23
"What product is advertised with the slogan ""Great taste, less filling""?",The product is a diet drink.,Miller Lite Beer,0,0.8388,3.8114,22
According to legend who killed the lion represented by the constellation Leo?,"The constellation Leo is named after the lion of the Bible, and the lion is",Herculean | Hercules | Hercules (mythology) | Herkules | Hurcules,0,0.8424,3.0891,26
In which English town is the Georgian colonnade called the Pantiles?,london,(ROYAL) TUNBRIDGE WELLS | Culverden Down | Royal Borough of Tunbridge Wells | Royal Tonbridge Wells | Royal Tunbridge Wells,0,0.8049,2.8331,23
Which British comic included Desperate Dan and Korky the Cat?,the wacky world of korky,99 Genius Homework Excuses | Bamboo Town | Bear Behind | Clown Wars! | Dandy (comic),0,0.9328,3.6767,23
If you order 'Gambas' in a Spanish restaurant what will you get?,pasta,King Prawn | King prawns | PRAWNS | Prawn | Prawn versus shrimp,0,0.498,2.7805,23
Who is the only person to win both a Nobel Prize for Literature and an Oscar?,The only person to win both a Nobel Prize for Literature and an Oscar is the,G B Shaw | G. B. Shaw | G. Bernard Shaw | G.B. SHAW | G.B. Shaw,0,0.5813,2.7576,23
Which nation in 2014 saw the abdication of Juan Carlos and the ascension of Felipe VI?,Spain,El Reino de Espana | El Reino de España | Espagna | Espainia | Espainiako Erresuma,1,0.5287,1.999,23
"In Jeff Wayne's 'Musical Version of Spartacus' released in 1992, which later Oscar-winning British actress sings the principal female role of Palene?",Helen Mirren,Cat Zeta | Catherian Zeta Jones | Catherine Zeta | Catherine Zeta Jones | Catherine Zeta Jones filmography,0,0.9304,3.4879,23
"In fashion, Hobble, Pencil and Dirndl are all types of what?",dress,Afternoon skirt | Bell skirt | Broomstick skirt | Bubble dress | Circular skirt,0,0.4708,1.1581,23
"According to a traditional English proverb, what is better than none?","A proverb is a short, pithy, and often humorous saying that is",HALF A LOAF,0,0.8186,2.6568,22
In the computing acronym WYSIWYG (wiziwig) what word is represented by both letter Ws?,word,2nd Base | 2nd Baseman | 2nd baseman | Second Base | Second Baseman,0,0.6234,1.4138,23
'Signal Failures' written by Dr. B. Ching is the title of a column that has appeared in which magazine?,the New Scientist,PRIVATE EYE | The Private Eye,0,0.8704,2.8774,23
Which opera by Borodin features the Polovtsian Dances?,polovtsian dances,PRINCE IGOR | Prince Igor,0,0.201,1.4502,26
"""Which """"Bond girl"""" met Ringo Starr when they starred in the 1981 film """"Caveman"""", and later married him?""",madge stern,Barbara Bach,0,0.9118,3.3896,26
What is the first name of Madame Bovary in Flaubert's 1856 novel?,courbet,EMMA | Emma | Emma (1996 film) | Emma (1996 movie) | Emma (1996),0,0.5377,1.8548,23
"Which river flows through Cork City where it splits in two for a short distance, creating an island on which Cork's city centre is built?",the Lee,"River Lee | River Lee (Ireland) | River Lee (disambiguation) | River Lee, Ireland",0,0.4935,1.6036,23
How many Oscars did the 1994 film 'Forrest Gump' win?,4,6 | Six | six,0,0.6971,1.1398,22
What river flows parallel to the Euphrates?,The Tigris and Euphrates rivers flow parallel to each other in,Aranzahas | Deqlath | Dicle River | Hiddekel | River Tigris,1,0.3507,1.6771,22
What radio station do you find at 90.3 on your FM dial?,The 90.3 FM station is a radio station that broadcasts a variety,KBTC-FM | KCMU | KCMU-FM | KEXP | KEXP-FM,0,0.7048,2.5964,23
The Southern Alps can be found in which country?,new zealand,Administrative divisions of New Zealand | Administrative divisions of new zealand | AoTeAroa | Aotearoa / New Zealand | Enzed,1,0.249,0.7508,22
"""Which car company, in 1986, comissioned """"Cars"""", a series of artworks to track the evolution of its designs, from Andy Warhol?""",ford,BlueHybrid | M-B | Mercades Benz | Mercedes Benz | Mercedes Car Group,0,0.7762,1.2761,22
Which Wirral-born Radio 1 disc jockey died in Peru in 2004?,johnny smith,John Peel | John Peel Session | John Peel Sessions | John Robert Parker Ravenscroft | John peel,0,0.9645,3.5972,23
"""What beer is advertised by """"The World's Most Interesting Man""""?""",The World's Most Interesting Man,Carta Blanca | Cerveceria Cuauhtemoc | Cerveceria Cuauhtemoc Moctezuma | Cerveceria Cuauhtemoc Montezuma | Cervecería Cuauhtémoc,0,0.8911,3.3806,22
Which character was played by Paul McGann in the 1986 TV drama 'The Monocled Mutineer'?,johnny depp,Francis Percy TOPLIS | PERCY TOPLIS | Percy Toplis,0,0.9943,3.588,26
What is a third divided by a half?,A third divided by a half is one-sixth,Two-thirds,0,0.5626,1.8391,23
Who played the part of 'Alice Tinker' in 'The Vicar Of Dibley'?,The Vicar Of Dibley,EMMA CHAMBERS | Emma Chambers | Emma chambers,0,0.9369,4.2297,23
What name is given to the unofficial accolade awarded to the fastest passenger ship to cross the Atlantic in the westbound direction?,The fastest Atlantic crossing was achieved by the RMS Mauretania in 1,Blue Riband | Hales Trophy | Hales trophy,0,0.9472,2.6204,22
What U.S. state holds the first presidential primary?,The first presidential primary is held in the state of New Hampshire,9th State | Climate of New Hampshire | Culture of New Hampshire | Demographics of New Hampshire | Economy of New Hampshire,1,0.5099,1.7301,23
Which island is famous for its carved stone statues?,"The island of Easter Island is famous for its carved stone statues, known as mo",Ahu (Easter Island) | Big Rapa | Chilean Polynesia | Climate of Easter Island | Culture of Easter Island,1,0.5254,2.3097,23
Who was on the English throne when Jack Cade led the Men of Kent in a short lived revolt?,"The rebellion was led by Jack Cade, a former soldier who had been imprisoned",HENRY THE SIXTH | Heindrik VI | Hendrik VI | Henry 6 | Henry VI,0,0.674,2.5707,26
A bagel is a type of what?,bread,Ammunition bread | Batch bread | Bread | Bread Making | Bread crust,1,0.4305,1.9625,26
What is the country of origin of the supermarket chain Aldi ?,germany,Alemanha | Almanya | BR Deutschland | Bundesdeutsch | Bundesrepublik Deutschland,1,0.4809,1.2441,23
"In the International Radio Alphabet, how many are traditional male given names",10,5 | five,0,0.7556,1.5527,23
In which film did Roger Moore first play James Bond?,goldfinger,LALD | LIVE AND LET DIE | Live & let die | Live And Let Die | Live and Let Die,0,0.7734,2.6889,23
What is the distinctive colour of the soles of shoes designed by Christian Louboutin?,The distinctive colour of the soles of shoes designed by Christian Louboutin,"(255, 0, 0) | Aztec red | Color red | Color/red | FF0000",0,0.5549,1.9469,23
"Known as the 'Phoenix Park Murders', the assassination of Lord Frederick Cavendish and Thomas Henry Burke in 1882 occurred in which city?",dublin,Baile Atha Cliath | Baile Átha Cliath | Baile átha Cliath | BÁC | Capital of Ireland,1,0.7093,1.266,23
"""AWFUL JOKES - Which four words comlete this awful joke? A man walks into a bar with a slab of asphalt under his arm and says """"A beer please and ................................................""""""","""A beer please and a beer please""",ONE FOR THE ROAD | One For The Road | One For The Road (album) | One For The Road (live album) | One for The Road,0,0.8471,2.935,22
In which country did the Battle of El Alamein take place?,el alamein,A .R . EGYPT | A .R . Egypt | A.R. Egypt | Arab Republic Of Egypt | Arab Republic of Egypt,0,0.4347,1.6926,22
"""Who, as part of his performance in the 2015 film """"Revenant"""", was realistically eviscerated by a bear on screen?""",tom hardy,Appian Way Productions | Atari (film) | Di Caprio | DiCaprio | Dicaprio,0,0.8477,2.103,22
"What noted English chemist and physicist, born on Sept 22, 1791, is responsible for the electromagnet and has the SI unit of capacitance named for him?",henry,Faraday death | Faradayan | Faradic | M. Faraday | Michael Faraday,0,0.5537,2.1658,22
Who voices Donkey in the Shrek series of films?,"The voice of Donkey is provided by the American actor and comedian, Jim Car",Beverley Hills Cop 4 | Beverley Hills Cop IV | EDDIE MURPHY | Eddie Murphy | Eddie murphy,0,0.7823,2.4596,23
The Webb Ellis Cup is presented to the winners of the World Cup in what sport?,The Webb Ellis Cup is presented to the winners of the Rugby World Cup.,Rubgy | Rugby | Rugby (disambiguation),1,0.4651,1.9165,22
What was the title given to the daughters of the Kings of Spain and Portugal who were not the heir to the throne?,The daughters of the Kings of Spain and Portugal who were not the heir to the,Infanta | Infanta Infante | Infanta de Castile | Infanta of Castile | Infanta of León,0,0.5831,1.8195,23
Which river forms the eastern section of the border between England and Scotland?,The River Tweed forms the eastern section of the border between England and Scotland,Punjaub (ship) | TWEED | The Tweed,1,0.4603,1.2353,23
What is the Great Smoo?,The Great Smoo is a 1999 American comedy film directed by,A Cave | CAVE | Cave (disambiguation) | Cave (surname) | Cave (video games),0,0.8022,2.5592,26
In which year did Margaret Thatcher become British Prime Minister?,1979,"1979 | one thousand, nine hundred and seventy-nine",1,0.583,0.5095,23
"‘Swifter, Higher, Stronger’ is the motto for the modern ‘what’?",olympics,History of the Modern Olympics | History of the modern Olympics | History of the modern olympics | Les Jeux Olympiques | Modern Olympic Games,1,0.6253,0.8328,23
"""In the 1956 film """"The Ten Commandments"""", who played Moses?""",leonard henderson,Carlton Heston | Charleston Heston | Charleton Heston | Charlton Heston | Charlton heston,0,0.907,1.4492,26
"""Who was King of England when Daniel Defoe published """"Robinson Crusoe"""" and Jonathan Swift published """"Gulliver's Travels""""?""",king james i,George 1 | George I | George I (disambiguation) | George the First | King George I,0,0.3804,1.2289,26
The advance south into England by Bonnie Prince Charlie in 1745 reached approximately as far as the Swarkstone Bridge on which major English River?,The advance south into England by Bonnie Prince Charlie in 1745 reached,TRENT | Trent | Trent (disambiguation),0,0.5649,1.2515,23
Which car manufacturer made models called 'Ensign' and 'Vanguard'?,ford,STANDARD | The Standard | The Standard (disambiguation),0,0.9125,1.592,23
"Which 1989 music video of Madonna attracted criticism for showing images like her making love to Saint Martin de Porres, use of Catholic iconography including a scene where she develops stigmata as well as cross burning?","""Like a Prayer""","""""""Like a Prayer"""""" | Like A Prayer | Like a Prayer | Like a Prayer (disambiguation)",1,0.8671,2.8862,23
What are the shape-shifting foxes of the Japanese folklore?,The foxes of Japanese folklore are often depicted as shape-shifting creatures,Fox in Japanese Folklore | Fox in Japanese folklore | Foxes in Japanese folklore | Katsune | Kintsu,0,0.574,2.1504,22
Oil seed rape belongs to which plant family?,Cruciferae,Mustard | Mustard (disambiguation) | Mustards,0,0.2705,1.3547,23
"""Which 19th century English writer wrote """"Swallows and Amazons"""", """"Peter Duck"""" and """"Secret Water""""?""",john bolitho,"Arthur Michell Ransome | Arthur Ransome | Ransome, Arthur Michell",0,0.8156,3.0779,23
What is the name of the fuel depot near Hemel Hempstead that caught fire in December 2005?,"The depot was located in the village of Hemel Hempstead, Hertford",Buncefield | Buncefield fuel depot | Buncefield oil depot | Buncefield oil terminal | HOSL,0,0.8132,2.9797,23
Which Englishman was World Speedway Champion in 1992,johnny carr,Gary Havelock,0,0.9911,3.0434,22
Which country was founded by Muhammed Ali Jinnah?,pakistan,Al-Bakistan | Al-Pakistan | Bakistaan | Bakistan | Bakstaan,1,0.3258,1.0228,23
"The main characters in which TV programme had the surnames Geller, Green, Bing, Buffay, Tribbiani and Geller?",friends,"495 Grove St. Apt 20, New York | 495 Grove St. Apt. 19, New York. | Central Perk | Chandler and Joey's apartment | F.R.I.E.N.D.S",1,0.803,1.3593,22
In which English country is the country house Dorneywood?,wales,"BUCKINGHAMSHIRE | Buckinghamshire | Buckinghamshire (England) | Buckinghamshire, England | County of Buckingham",0,0.7612,2.056,23
Which actress played Queen Victoria in the 1970s TV drama Edward the Seventh?,lily ellis,ANNETTE CROSBIE | Annette Crosbie | Annette Crosby,0,0.9387,3.3834,23
"Who directed the 1969 film ‘Women in Love’, starring Oliver Reed and Glenda Jackson?",john sayles,Henry Kenneth Alfred %22Ken%22 Russell | Henry Kenneth Alfred Russell | Henry Kenneth Russell | Ken Russel | Ken Russell,0,0.9793,3.0511,22
"""What is the national government body for scientific research in Australia that was founded in 1926 as the """"Advisory Council of Science and Industry""""?""",Australian Academy of Science,Australian Scientific Liaison Office | CSIRO | Commonwealth Institute of Science and Industry | Commonwealth Scientific & Industrial Research Organisation | Commonwealth Scientific and Industrial Research Organisation,0,0.4686,1.0154,23
"""Which game has been played in England since Tudor Times, with the earliest reference being in 1744 in """"A Little Pretty Pocketbook"""" where it is called Baseball?""",cricket,Irish rounders | Rounders,0,0.8787,0.5909,22
"In Roman mythology, who was the god of war?",Mars,2003 opposition of Mars | 4th planet | Fourth planet | Hydrology of Mars | Magnetosphere of Mars,1,0.437,1.7242,23
Which was the first country outside the UK to screen the television series ‘Doctor Who’?,australia,Administrative divisions of New Zealand | Administrative divisions of new zealand | AoTeAroa | Aotearoa / New Zealand | Enzed,0,0.8195,2.3522,22
"""Correct this quotation from FD Roosevelt.""""The only thing we have to fear is the enemy""""?""",the only thing we have to fear is the enemy,"""""""The only thing we have to fear is FEAR ITSELF"""""" | 1st inauguration of Franklin D. Roosevelt | First inauguration of Franklin D. Roosevelt | Franklin D. Roosevelt 1933 presidential inauguration | Only thing we have to fear is fear itself",0,0.7582,1.9807,23
Which band started life as 'Feedback' and then became 'The Hype' before settling on their current name?,the hype,Dennis Sheehan | Flowering Rose of Glastonbury | Flowering rose of glastonbury | U2 | U2 (band),0,0.9121,1.5565,23
"""BAFTA winning film """"The Theory of Everything"""" is adapted from which book?""","""The Theory of Everything"" is adapted from the book ""The Theory of Everything","""""""Travelling to Infinity: My Life with Stephen"""" by Jane Wilde Hawking""",0,0.7529,2.5484,23
"What is the technical term for the hollow at the back of the knee, sometimes called the knee pit?",tibial tuberosity,Fossa poplitea | Knee pit | Knee pits | Popliteal fossa | The popliteal fossa,0,0.3541,1.5829,26
"The cup, or bowl, Jesus was said to have used at the Last Supper is known as ‘The Holy ‘what’?",chalice,Grail | Grail Myth | Grail Quest | Grail legend | Grail myth,0,0.4001,0.6449,23
"Who played the role of Caligula in the 1976 UK tv series ‘I, Claudius’?",john clarke,Derbyshire John Hurt | John Hurt | John V. Hurt | John Vincent Hurt,0,0.9695,3.3386,22
How is Frances Gumm the actress better known?,She was better known as Frances Gumm,Frances Ethel Gumm | Frances Gumm | Joey Luft | Judy Garland | Judy Garland-James Mason,1,0.7583,1.8513,26
"What is the surname of the father and son who rode Grand National winners, L'Escargot in 1975 and Bobbyjo in 1999?","The surname of the father and son who rode Grand National winners, L'Esc",Carberry | Carberry (disambiguation),0,0.937,2.6449,23
For what purpose was the leaning tower of Pisa originally built,to house the city's cathedral,Bell tower | Bell towers | Bell-tower | Belltower | Campanile,0,0.5923,2.3824,22
In which country is the European Court of Human Rights?,"The European Court of Human Rights is located in Strasbourg, France.",Belle France | Climate of France | Etymology of France | FRANCE | FRance,1,0.3709,1.9538,26
Who won a Nobel prize in 1918 for his Law of Radiation and is the originator of Quantum Theory?,Max Planck,Max Karl Ernst Ludwig Planck | Max Planck | Max Plank | Planck,1,0.5036,1.9286,23
"According to the cold war era slogan, you're better what, than red?",you're better off than red,Articulo mortis | Articulus mortis | Biological death | Dead | Deadness,0,0.7383,2.6358,26
What was named after American frontiersman James Bowie?,The Bowie knife is named after American frontiersman James Bowie.,Ansall | Cable sheath splitting knife | Fish knife | Knife | Knifes,1,0.7171,2.1855,22
Which US state is nicknamed The Equality State?,utah,44th State | Big Wonderful Wyoming | Climate of Wyoming | Constitution of Wyoming | Constitution of the State of Wyoming,0,0.2172,0.6636,22
Which German island was traded for control of Zanzibar by Great Britain in 1890?,zanzibar,British Administration of Heligoland | British Heligoland | Helgioland | Helgoland | Helgoland Power Cable,0,0.8223,3.0147,22
What were the names of the founder of British company JCB?,"In 1915, the company was renamed JCB Ltd and in",J C Bamford (person) | J. C. Bamford (person) | J.C. Bamford (person) | J.C.Bamford (person) | JC Bamford (person),0,0.7091,2.1477,22
What was the first name of Queen Victoria?,The first name of Queen Victoria was Alexandrina.,ALEXANDRINA | Alexandrina | Alexandrina (disambiguation) | Alexandrina Lake | Lake Alexandrina,1,0.5866,2.4642,22
"In a film who married Princess Fiona, the daughter of King Harold and Queen Lillian of Far, Far Away?","The film is The Princess and the Frog, and the person who married Princess Fiona",Cast of Shrek | List of Shrek: The Series episodes | Production of Shrek | SHReK | Shrek,0,0.9142,3.4529,23
The songs I got Life and Aquarius come from which musical?,the musical Hair,Bodily hair | Body Hair | Curly hair | Curly haired | Curly hairs,1,0.7979,2.4383,23
Earth belongs to which galaxy?,the Milky Way galaxy,Age of the Milky Way | Galaxia Kuklos | Lactea | Local Galaxy | Milky Way,1,0.4131,1.4662,22
"""Who sang the theme tune to the James Bond film """"Die Another Day""""?""","The theme tune to the James Bond film ""Die Another Day"" was sung by",Madonna | Madonna (album) (disambiguation) | Madonna (disambiguation) | Madonna (film),0,0.9258,3.7644,22
In which African country is Mount Kilimanjaro?,tanzania,ISO 3166-1:TZ | Jamhuri ya Muungano wa Tanzania | Republic of Tanzania | TNZ | Tanganyika and Zanzibar,1,0.1295,0.4881,23
Shining Tor is the highest point in which county?,shire of Cavan,"Cheshire | Cheshire (England) | Cheshire, England | Cheshire, England, UK | Chestershire",0,0.8622,3.6023,23
Who wrote The Ugly Duckling,henrik ísberg,"Andersen, Hans Christian | Hans Chiristian Anderson | Hans Christen Andersen | Hans Christian Andersen | Hans Christian Anderson",0,0.4916,2.7262,26
"British artist Sir James Thornhill (1675-1734), history painter and sergeant painter to George I and George II, was related by marriage to which other artist?",Sir Joshua Reynolds,Giles Grinagain | Hogarthean | Hogarthian | W. Hogarth | William Hogarth,0,0.7735,2.2816,22
Which South Wales town was formed when Margam and Aberavon combined in the 1920s?,The town of Margam was formed when Margam and Aberavon combined in,"PORT TALBOT | Port Talbot | Port Talbot, Neath Port Talbot | Portalbot | Porth Talbot",0,0.7973,2.8625,23
"""What is the birth name of Kim Wilde, the daughter of 1950s UK rock 'n' roller Marty Wilde, whose debut single """"Kids in America"""" (1981) reached #2 in the UK Singles Chart?""",Kim Wilde,Kim Smith | Kim Smith (disambiguation) | Kimberley Smith | Kimberley Smith (athlete) | Kimberley Smith (disambiguation),0,0.9193,2.5893,22
Rugby League - which country are the current holders of the European Cup?,England,Autonomous Province of Wales | CYMRU | Climate of Wales | Communications in Wales | Cymru,0,0.7341,1.3011,22
Hajduk Split FC play in which country,CRO,Croacia | Croatia | Croatia/Hrvatska | Croazia | Crotaia,0,0.2564,1.6452,23
Breugel; Van Dyck and Rubens were all citizens of which country?,netherlands,Administrative divisions of Belgium | Begium | Beldjike | Belgian | Belgie,0,0.2782,0.7036,23
The Crossbill belongs to which bird family?,finch,Carduelidae | Carduelini | FINCH | Finch | Finch (bird),1,0.5499,1.9938,22
"""Until 2004, when the International Judging System (IJS) (informally called the """"Code of Points"""") was introduced, what was the highest score a judge could award in figure skating for each of the """"free skate"""" and the """"short"""" programmes?""",6,6 | six,1,0.9289,0.8157,22
The Most Noble Order of the Garter was established during the reign of which King?,Edward III,Eduard III | Edward 3 | Edward III | Edward III (England) | Edward III Plantagenet,1,0.6411,2.0034,23
"Which river of West Africa rises in the Fouta Djallan Highlands only 150 miles from the Atlantic, but runs for over 4000 kilometres in length before flowing into the Atlantic?",Niger,A niger | A. Niger | Aspergillopsis nigra | Aspergillus niger | Aspergillus niger var. niger,1,0.5044,1.54,22
Which Scottish engineer gave the first public demonstration of TV?,The first public demonstration of television was given by John Logie Baird in,(John Logie) BAIRD | Baird Television Ltd. | Electromechanical TV | Electromechanical tv | John L. Baird,1,0.7166,1.9572,23
"Which Arctic whale has a long, straight, helical tusk extending from its upper left jaw?",narwhal,Arctic unicorn | Monodon | Monodon monoceros | NARWHAL | Narval,1,0.5562,0.3595,22
The German company Recaro famously produces what high-performance product?,The German company Recaro famously produces high-performance seats for Formula One cars,SEATS | Seat | Seat base | Seats,1,0.827,1.9514,26
What is either a bay in the Indian ocean or a subspecies of tiger?,tiger,"Bengal | Bengal (India) | Bengal, India | Bongodesh | Bôngo",0,0.4273,2.6457,23
What was the former name of Manchester airport ?,Manchester Airport,RINGWAY | Ringway | Ringway (disambiguation),0,0.8259,2.7119,23
Formula 1 driver Ayrton Senna died while leading the 1994 San Marino Grand Prix at which motor racing circuit?,monza,Forum Cornelii | Imola | Imolensis | Rocca Sforzesca | Ìmola,0,0.4954,1.3564,22
Which motor manufacturer makes the Cee'd and Picanto models?,"The Cee'd and Picanto are both models of the Renault Clio,",K I A | K. I. A. | K.I.A. | KIA | KIA (disambiguation),0,0.6957,2.1828,22
"In Buddhism, what is the state of blissful repose or absolute existence by someone relieved of the necessity of rebirth?","In Buddhism, nirvana is the state of blissful repose or absolute existence",Heaven (Buddhism) | NIRVANA | Nibbána | Nibbāna | Nirvaan,1,0.2781,1.4935,22
General Charles de Gaulle was French President 1959 to 1969. Who succeeded him?,giscard nioche,George Pompidou | Georges Jean Raymond Pompidou | Georges Pompidou,0,0.655,2.6905,23
"OJ presenter Stephen Fry stepped down earlier this year, who has replaced him, she is currently filming the latest series?",jodie whittaker,(Sandi) Toksvig | Sandi Toksvig | Sandy Toksvig,0,0.9492,3.7788,26
Which Italian demonstrated the first modern electric battery?,Alessandro Volta,Alessandra Volta | Alessandrino Volta | Alessandro Count Volta | Alessandro Giuseppe Antonio Anastasio Gerolamo Umberto Volta | Alessandro Giuseppe Antonio Anastasio Volta,1,0.5907,1.6773,23
Which county did Ian Botham join when he left Somerset,Hampshire,County of Worcester | Wigorn | Worcestershire | Worcestershire County | Worcestershire county,0,0.9721,2.7087,22
The statue of the 'Little Mermaid' is in the harbour of which city?,copenhagen,"Capital of Denmark | Copenhagen | Copenhagen (Denmark) | Copenhagen, Denmark | Copenhague",1,0.1354,0.236,22
"Which female politician and aristocrat said ‘I married beneath me, all women do’?",elizabeth i,"Astor, Nancy Witcher Langhorne, Viscountess Astor | Lady Astor | Lady Nancy Astor | Nancy Astor | Nancy Astor (mini-series)",0,0.855,3.131,23
Rebecca Front plays Detective Chief Superintendent Innocent in which TV series?,The Mental Patient,D.C.I Morse | DCI Morse | Detective Chief Inspector Endeavour Morse | E Morse | E. Morse,0,0.8966,3.3594,23
Who became the first Prime Minister of an independent Bangladesh in January 1972?,Sheikh Mujibur Rahman,(Sheikh Mujibur) RAHMAN | Bangabandhu | Bangabandhu Sheikh Mujibur Rahman | Bangabondhu Sheikh Mujibur Rahman | Father of Bangladesh,1,0.6123,1.6153,23
"Canadian Florence Nightingale Graham dropped out of nursing school in Toronto and joined her elder brother in New York City, working as a bookkeeper for the E.R. Squibb Pharmaceuticals Company. By what name is she better known?",Florence Nightingale Graham,Elizabeth Arden | Florence Graham | Florence Nightingale Graham,1,0.6999,1.9527,26
"The Planets suite, written between 1914/1916, is a work by which composer?",wagner,Gustav Holst | Gustav Theodore Holst | Gustav Theodore Von Holst | Gustav Theodore von Holst | Gustav holst,0,0.7191,2.6143,23
Ligustrum is the Latin name for which shrub?,privet,Ligustrum | Privet | Privets,1,0.2927,0.0968,23
What is the distinguishing feature of an animal described as ‘palmiped’?,The palmiped is a type of animal that is described as having a foot that,Palmiped | Totipalmation | Web foot | Webbed feet | Webbed foot,1,0.5292,2.5104,23
Who was the Whig Prime Minister of Great Britain from 1835 to 1841?,The Whig Prime Minister of Great Britain from 1835 to,Baron Beauvale | Baron Melbourne | The Viscount Melbourne | VISCOUNT MELBOURNE | Viscount Melbourne,0,0.7785,1.5422,23
"Who's the cat that won't cop out, when there's danger all about?","The cat that won't cop out, when there's danger all about, is",SHAFT | Shaft | Shaft (band) | Shaft (disambiguation) | Shaft (film),0,0.9488,2.6936,22
Where was the siege of the Alamo?,"The siege of the Alamo began on December 23, 18","28th State | 28th state | Christianity in Texas | Everything is bigger in Texas | Lake Ozark, Texas",0,0.4571,1.3721,23
Who captained the England rugby union team 59 times between 1988 and 1996?,graham wagg,"Will Carling | William Carling | William David Charles Carling | William David Charles Carling OBE | William David Charles Carling, OBE",0,0.9501,3.0249,23
What is the name forthe leaf of a fern or palm?,frond,FROND | Frond | Fronds,1,0.127,0.4152,26
What is a Gilbert Virtuo?,"The Virtuo is a 12-channel, 12-bit,",Rugby Ball | Rugby ball,0,0.8082,2.894,26
"""Sting's 2006 album """"Into the Labyrinth"""" is a collection of songs by John Dowland who was a 16th-17th century virtuoso on what instrument?""",lute,Arcicalascione | Calascione | Catleen | Catlin (music) | Catline,1,0.5171,0.4705,22
Which commission was set up to investigate the assassination of JFK?,The Warren Commission was set up to investigate the assassination of President John F. Kennedy,Kennedy assassination commission | President's Commission on the Assassination of JFK | President's Commission on the Assassination of John F. Kennedy | President's Commission on the Assassination of President John F. Kennedy | President's Commission on the Assassination of President Kennedy,1,0.6299,1.012,22
What was Grace Darling's father's job?,"The father of Grace Darling, Robert, was a ship's captain",Lighthouse keeper | Lighthouse-keeper,0,0.6686,3.1077,23
Chanterelle and Oyster are types of what?,chanterelle and oyster mushrooms,Bacidocarp | Fungophobia | Macrofungi | Mushroom | Mushroom Curry,1,0.5097,1.7035,22
What sport do you associate with Francesco Molinari?,Francesco Molinari is a professional golfer from Italy,Duffed | Duffs | GOLF | Golf | Golf (Sport),1,0.6278,1.3392,22
"Who, the illegitimate son of a peasant girl, was educated in the studio of a Florentine painter, spent much of his early working life in the service of Ludovico il Moro in Milan, worked in Rome, Bologna and Venice, and spent his final years in France at the home given to him by King Franois I?",Leonardo da Vinci,Caterina Buti del Vacca | Da Vinci | Da Vincian | Da vinci | DaVinci,1,0.7367,2.6973,22
Who was the author of 'The Overloaded Ark'?,The Overloaded Ark,Gerald Durrell | Gerald M. Durrell | Gerald Malcolm Durrell | Gerry Durrell,0,0.889,3.5222,22
The village of Tightwad is in which US state?,michigan,24th State | Demographics of Missouri | Economy of Missouri | MO (state) | Misouri,0,0.6247,3.1221,23
What is the only language that is historically African in origin among the six official working languages of the African Union?,"The six official working languages of the African Union are French, English, Arabic,",Swahili | Swahili (disambiguation) | Swehili,0,0.4235,1.7206,26
Who lived in the Lateran Palace from the fourth to the fourteenth centuries?,The Lateran Palace was the seat of the Papacy from the fourth to the,African popes | German pope | List of Bishops of Rome | List of Catholic popes | List of German popes,0,0.4735,1.7411,23
"Although they are best known for their only top five hit ,'Amateur Hour' and 'Beat The Clock' were other chart singles for which '70's group?",the Monkees,'SPARKS' | Sparks (band) | Sparks band | The Sparks,0,0.9827,2.0591,26
"Who's missing: Miss Scarlett, Mrs. White, Mr. Green, Mrs. Peacock, Professor Plum?",Professor Plum,Cluedo characters | Colonel Mustard | Doctor Black | List of Cluedo characters | Miss Scarlet,1,0.7176,1.3207,23
Pd is the chemical symbol for which element?,platinum,PALLADIUM | The Palladium,0,0.4366,0.801,22
Michelangelo Merisi (or Amerighi) is the birth name of which artist?,reni,Caravage | Caravaggesque | Caravaggiesque | Caravaggio | Caravaggio (Michaelangelo Morigi),0,0.4175,1.361,23
Buenos Aires is the capital of which South American country?,argentina,Airgintin | Airgintín | Antonia Merce Y Luque | Arc'hantina | Argentiina,1,0.0385,0.5147,22
"""The 1902 guitar composition """"Gran Vals"""" by the Spanish composer Francisco Tárrega would have remained obscure but for corporate executive Anssi Vanjoki selecting it for something in 1993. How do millions of people recognize it now?""","the 1993 film ""The Lord of the Rings""",Gran Vals | Grand Valse | Nokia Tone | Nokia Tones | Nokia Tune,0,0.7773,3.0105,23
"Although now pretty much a bit player, Porky Pig's only known girlfriend is who?",The Pig,Petunia Pig,0,0.8609,3.7814,23
Who wrote the novel The Thom Birds?,"The Thom Birds is a novel by the American author, John Steinbeck.",Colleen McCollough | Colleen McCullough | Colleen McCullough-Robinson,0,0.8159,3.4424,23
"According to the proverb, what should you never give a sucker?",A sucker is a person who is easily taken advantage of,An Even Break | an even break,0,0.7083,2.0621,22
In which U.S. State is the University of Harvard to be found?,massachusetts,6th State | Commonwealth of Masachusets | Commonwealth of Masachusetts | Commonwealth of Masachussets | Commonwealth of Masachussetts,1,0.2943,0.5698,23
What animal is Snowball in George Orwell's book Animal Farm?,pig,A pig | PIG | PIG (disambiguation) | PIGS | PIGS (disambiguation),1,0.6059,1.5487,22
Which manufacturer produced a motor cycle called the 'Dominator'?,honda,NORTON | Norton | Norton (disambiguation) | Nortonz,0,0.9853,2.802,26
The peaceful overthrow of the government in Czechoslovakia in 1989 was known as what?,The Velvet Revolution,Czech Revolution | Czech Revolution of 1989 | Czecho-Slovak Revolution | Czecho-Slovak Revolution of 1989 | Czecho-Slovakian Revolution,1,0.2694,1.5754,22
In which Polish city did Lech Wałęsa begin work in the Lenin Shipyard in 1967?,gdańsk,Baltic Sea/Gdanzk | Dantsic | Dantzic | Dantzick | Dantzik,1,0.4561,1.3924,23
"Which African country is bordered to the east by Chad, to the south by Nigeria and Benin, to west by Mali, and to the north by Algeria and Libya?",Niger,A niger | A. Niger | Aspergillopsis nigra | Aspergillus niger | Aspergillus niger var. niger,1,0.4507,1.8881,26
Which US President was born Lesley Lynch King Jr?,bill clinton,38th President of the United States | Assassination attempts on Gerald Ford | Birth and life of Gerald Ford | Ford Administration | Ford administration,0,0.7305,1.3206,26
Who was the Romanian gymnast who scored the first ever perfect ten at the Olympic Games of 1976?,Nadia Comăneci,"Comaneci | Comaneci, Nadia | Comăneci | NADIA COMANECI | Nadia Comaneci",1,0.8698,3.1494,23
In what year was the most recent census in the UK ?,2011,2001 | two thousand and one,0,0.5595,0.3037,22
Which capital city is served by Arlanda Airport,stockholm,British International Primary School Stockholm | British International Primary School of Stockholm | Capital of Sweden | Capital of sweden | Estocolmo,1,0.3437,0.5676,23
Who was the first presenter of 'Top of the Pops'?,The first presenter of Top of the Pops was Tony Blackburn,James Savile | James Saville | James Vincent Savile | James Wilson Savile | James Wilson Vincent Savile,0,0.8412,1.8153,23
Which northern English beer was originally launched by Col. James Porter in 1927?,porter,New Castle Brown Ale | Newcastle Brown | Newcastle Brown Ale | Newcastle ale | Newcastle brown ale,0,0.8888,1.9352,23
"In 1986, whilst facing England which West Indian batsman scored the fastest ever Test century in just 56 balls?",clyde campbell,"IVA Richards | Isaac Vivian Alexander Richards | Sir Isaac Vivian Alexander Richards | Sir Isaac Vivian Alexander Richards KNH | Sir Isaac Vivian Alexander Richards, KNH",0,0.9446,2.5434,23
"If someone has a BA, they are a Bachelor of what?",Arts,Arts | Classification of the arts | Cultural arts | List of arts | The Arts,1,0.4264,1.0241,23
What online travel agency uses The Roaming Gnome as its' TV spokesperson?,"The Roaming Gnome is a TV spokesperson for the online travel agency, Exp",AllHotels | Eaasy SABRE | Eaasy Sabre | Easy SAABRE | Easy SABRE,1,0.8336,3.0101,22
Inspector Bucket is a character in which novel by Charles Dickens?,A Tale of Two Cities,"Bleak House | Bleakhouse | Chesney Wold | Harold Skimpole | Honoria, Lady Dedlock",0,0.7462,2.0963,23
Who is the engineer with the big triangular hair-style in the Dilbert cartoons?,The Dilbert cartoons are a series of comic strips created by Scott Adams,A.L.I.C.E | ALICE | ALICE (disambiguation) | Alice | Alice (Film),0,0.6779,2.2107,23
"OJ presenter Stephen Fry stepped down earlier this year, who has replaced him, she is currently filming the latest series?",jodie whittaker,(Sandi) Toksvig | Sandi Toksvig | Sandy Toksvig,0,0.8841,3.7788,23
"What is the title of the 18th Century novel by Lawrence Sterne, which was published in nine volumes?","The Life and Opinions of Tristram Shandy, Gentleman","(The Life and Opinions of) Tristram Shandy (Gentleman) | Life and Opinions of Tristram Shandy | Life and Opinions of Tristram Shandy, Gentleman | Mrs Bridget | Shandean",1,0.6753,1.4221,23
Eugne Arnold Dolmetsch (1858-1940) is seen as largely responsible for promoting what for use in schools?,The first school to use the Dolmetsch system was the Royal Grammar School,Recorder | Recorder (disambiguation) | Recorders | The Recorder | The Recorder (newspaper),0,0.8605,3.7048,22
"Who plays 'Mahmud Nasir', a Muslim who finds out he was born Jewish, in the 2010 film 'The Infidel'?","The actor who plays the character 'Mahmud Nasir', a Muslim who",Hopeful: The Autobiography | OMID DJALILI | Omid Djalili | Omid Djalilli | Omid Jalili,0,0.9003,4.2291,23
Which musical instrument was Jelly Roll Morton associated with,piano,Acoustic piano | Baby grand piano | Black key | Classical piano | Concert grand,1,0.3506,1.0021,26
"Where does the infamous ""Streif"" downhill ski race take place?",The St. Moritz ski festival is a major winter sports event in St.,"Kitzbuehel | Kitzbuehel, Austria | Kitzbuehl | Kitzbuel | Kitzbuhel",0,0.6648,2.3998,23
Published in 2013 who wrote the novel 'The Kill List'?,John Le Carré,FREDERICK FORSYTH | Fred Forsyth | Freddie Forsyth | Frederick Forsyth | Frederick Forsyth CBE,0,0.843,3.904,23
What is the shortest Channel crossing,The shortest Channel crossing is 100 miles (160 km),Dover to Calais,0,0.664,2.1063,23
In which country is Lake Como?,italy,Administrative divisions of Italy | Austrian Empire (Italy) | Environment of Italy | Etymology of Italy | ISO 3166-1:IT,1,0.2648,1.6902,23
"Set up in 1954 as a merger of smaller groups, the Front de Libration Nationale fought a war for independence from France until 1962, when the French government signed a cease-fire agreement. The FLN became the only legal party in which country?",tunisia,Ad-Dimuqratiyah ash-Sha'biyah | Ad-Dīmuqrāṭīyah ash-Sha’bīyah | Administrative divisions of Algeria | Al Jumhuriyah al Jaza'iriyah ad Dimuqratiyah ash Shabiyah | Al-Jumhuriyah al-Jaza'iriyah,0,0.3752,1.7012,22
What was the name of the computer in the sitcom Red Dwarf?,"The computer in the sitcom Red Dwarf was named ""Kryten"".",Aquifoliaceae | Holly | Holly berry | Holly family | Ilex,0,0.8261,2.4393,23
What language was first to be represented in dictionaries and related language theory?,The first dictionaries of the modern languages of Europe were compiled in the 16,Chiineses | Chinese | Chinese (disambiguation) | Chineseness | Chineſe,0,0.5253,2.0046,22
Found in the garden what type of insect is a looper,caterpillar,Catapillar | Catapiller | Catepillar | Catepillars | Caterpillar,1,0.453,0.9974,23
As at 2012 an Olympic gold medal is mainly made of what metal?,gold,7440-22-4 | ATC code D08AL30 | ATCvet code QD08AL30 | Ag+ | Argentate,0,0.5725,1.8585,22
"A banderillero is a member of a team called a cuadrilla, in which controversial activity?",bullfighting,Bull fight | Bull fighting | Bull fights | Bull-Fighting | Bull-fighting,1,0.6822,0.2693,23
What is the state capital of Florida?,Tallahassee,"Capital of Florida | Flag of Tallahassee, FL | Swift Creek Middle School | Talahassee | Tallahasee",1,0.1626,0.8748,22
In which ocean are the Canary Islands?,Atlantic Ocean,Across the pond | Altantic Ocean | Altantic ocean | Antlantic Ocean | Atlantic,1,0.1036,0.8435,22
Which capital city is known as Praha by its inhabitants?,Praha,CZPRG | Capital city of the Czech Republic | Capital of Czech Republic | Capital of the Czech Republic | City of Prague,1,0.2371,1.2386,23
What name specifically describes an inhabitant of Dundee?,"The name of the city is derived from the Gaelic Dundeach, meaning ""","Ancrum Road Primary School | City of Discovery | City of Dundee | City of Dundee (council area) | City of Dundee (local government district, Tayside region)",0,0.5749,2.3198,23
What is the name of George Galloway's political party?,The party is known as the Independent Labour Party (ILP,Disrespect | Respect | Respectability | Respecting | Respection,0,0.6271,2.3687,26
"""Who had a hit record in 1990 with """"U Can't Touch This""""?""",the beatles,Family Affair (MC Hammer album) | Family Affair(MC Hammer album) | Hammer (rapper) | M c hammer | M. C. Hammer,0,0.8792,2.7286,23
Otology is a branch of medicine concerned with which part of the body?,otology,Ear | Ear (vertebrate) | Ear diseases | Ears | Human ear,0,0.1626,0.7805,22
"""In """"The Hitchhikers Guide to the Galaxy"""" by Douglas Adams, what was the name of the computer that determined that the answer to the ultimate question of Life, the Universe and Everything was 42?""",the Hitchhiker's Guide to the Galaxy,Deep Thought | Deep Thought (disambiguation) | Deep thought,0,0.7222,2.0888,22
Where on the body would a Hindu woman wear a bindi?,forehead,Fore head | Forehead | Foreheads | Hairline | Sincipital,1,0.3903,0.765,23
"Which is the oldest of the eight Ivy League Universities, founded in 1636 as New College?",harvard,HARVARD | Haravrd | Harvard | Harvard U. | Harvard Univ.,1,0.3592,2.216,23
Michael J Fox starred as Marty McFly in which series of films?,back to the future,88 Miles Per Hour | 88 Miles per Hour | BTTF | Back To The Future | Back to The Future,1,0.3971,0.704,22
Who plays the bounty hunter Carson Wells in the 2007 film ‘No Country For Old Men’?,tom hanks,Woodie Harrelson | Woodrow %22Woody%22 Harrelson | Woodrow Harrelson | Woodrow Tracy Harrelson | Woody Harellson,0,0.9456,1.3232,26
Planets in our solar system?,"The planets in our solar system are Mercury, Venus, Earth, Mars, Jupiter",8 | eight,0,0.4784,2.1518,23
What is the only U.S. state that borders just one other?,The only U.S. state that borders just one other is Alaska,23rd State | Climate of Maine | Demographics of Maine | Department of Maine | Economy of Maine,0,0.6434,1.9784,22
In which TV 'quiz' show was the consolation prize a chequebook and pen?,mad men,Blankety Blank | Blankety Blank (board game) | Blankety Blank (home game) | Blankety blank,0,0.9476,2.8611,22
As at 2012 Dame Marjorie Scardino is/was head of what high-performing global media/learning corporation?,Pearson,"Infoplease | Infoplease.com | Parker Publishing Company, Inc. | Pearson Communications | Pearson Group",0,0.6609,1.5584,22
In which film did Van Morrison sing Brown Eyed Girl,dark side of the moon,Sleeping With The Enemy | Sleeping With the Enemy | Sleeping With the Enemy (1991 film) | Sleeping with the Enemy | Sleeping with the Enemy (1991 film),0,0.8713,2.5278,22
The NASA spacecraft Messenger reached what planet destination in 2008?,The Messenger spacecraft reached Mercury in 2008.,Mercury | Mercury (album) | Mercury (disambiguation) | Merdcury | Murcury,1,0.4848,1.9676,26
Electric Christmas tree lights were first used in what year?,The first electric Christmas tree lights were used in 1903,"1882 | one thousand, eight hundred and eighty-two",0,0.7278,1.6612,22
"""On what highway can you """"get your kicks""""?""",i-95,Route 66 | Route 66 (disambiguation) | Route 66 (public transport),0,0.7023,2.7692,22
Bernie Ecclestone and Flavio Briatore were at one time co-owners of which Premier League club?,liverpool,Q.P.R. | QPR | QPR (football) | QPR (soccer) | QPR F.C.,0,0.8123,1.0033,22
The Wasp Factory was the debut novel of which author who died in 2013?,kate o'brien,"Banks, Iain | Iain Banks | Iain M Banks | Iain M. Banks | Ian M Banks",0,0.9705,3.7829,26
What was Jacques Cousteau's mobile oceonagraphic laboratory.,The Calypso,Calipso | Callypso | Calypso | Calypso (disambiguation) | Calypsos,1,0.5796,2.362,23
"In geology, a coomb or combe is a type of what?",A coomb or combe is a type of valley,Glacial valley | Glacial valleys | Glaciated valley | Hanging Valley | Hanging valley,1,0.481,1.5418,23
Prior to Andy Murray who was the last British player to contest a tennis Grand Slam singles final?,john mcenroe,Greg Rudsedski | Greg Rusedski | Greg Ruzetsky | Rusedski | Ruzetsky,0,0.8736,2.515,22
What was the first spacecraft to orbit the Earth?,"The first spacecraft to orbit the Earth was Sputnik 1, launched by",First artificial satellite | Prosteyshiy Sputnik 1 | Sputnik | Sputnik 1 | Sputnik 99,1,0.5517,1.2251,23
"Name the year - Norfolk farmer Tony Martin shootsand kills a 16 year old burglar in his farmhouse, UK fuel protesters almost bring the country to a standstill and Paula Yates and Robin Day both sadly die ?",1984,2000 | two thousand,0,0.7999,0.889,23
Who were Bolton Wanderers opponents in the first Wembley F.A. Cup Final,Bolton Wanderers,The Irons | WHUFC | West Ham United | West Ham United F C | West Ham United F. C.,0,0.985,1.7506,22
What did Thomas Chippendale design?,"He was also responsible for the design of the first English furniture catalogue, published in",Bedroom set (group) | Forniture | Furniture | Furniture Design | Furniture Industry,1,0.737,2.3727,26
"""Which Latin legal term means """"You should have the body""""?""",paterfamilias,28 U.S.C. SS 2254 | 28 U.S.C. § 2254 | Act for preventing wrongful imprisonment and against undue delays in trials | Criminal Procedure Act 1701 | Great Writ,0,0.9202,3.4622,22
"On this day, November 6th, 1924 who was elected as British Prime Minister?",david labor,"Baldwin, Stanley, 1st Earl Baldwin of Bewdley | Power without responsibillity | STANLEY BALDWIN | Stanley Baldwin | Stanley Baldwin, 1st Earl Baldwin of Bewdley",0,0.7983,2.5712,23
Rene Belloq is the arch enemy of which movie hero in his first film?,leon,"Dr. Henry Jones, Jr. | Henry %22Indiana%22 Jones | Henry Jones II | Henry Jones Jr. | Henry Jones Junior",0,0.8707,2.7271,22
What kind of animal is a 'Suffolk Punch'?,The Suffolk Punch is a breed of horse.,Cold blooded (horse) | Domestic Horse | Domestic horse | Domesticated horse | Equine Studies,1,0.5768,2.1889,22
Whose last opera was 'The Golden Cockerel'?,wagner,NIKOLAI RIMSKY- KORSAKOV | Nicolai Andreyevich Rimsky-Korsakov | Nicolai Rimsky-Korsakov | Nicolas Andreievich Rimsky-Korsakov | Nicolas Rimsky-Korsakov,0,0.8348,2.9728,23
Which corporation (as at 2010) produces Schwarzkopf haircare and Pritt glue-stick products?,Pritt Corporation,Diadermine (cosmetics) | Duck Products | Henkel | Henkel AG & Co. KGaA | Henkel Group,0,0.8541,2.7661,23
In relation to phobias what word describes the fear of strangers or foreigners?,xenophobia,Fear of strangers | XENOPHOBIA | Xenophobe (discrimination) | Xenophobia | Xenophobic,1,0.653,0.3384,23
"Which is the film, about canine reincarnation and the relationships between father and son and master and dog, based on an Alan Sharp adaptation of a short novel by Irish author Lord Dunsany?",The Secret of the Golden Door,Dean Spanley,0,0.879,2.6377,23
Where in the UK did the Queen unveil a memorial to John F Kennedy in May 1965?,London,Magna Carta Memorial | Runnemede | Runney Mead | Runnimede | Runnymead,0,0.8322,2.7154,22
Who had hits with Go Now and Nights in White Satin?,The Beatles,"22 thousand days | 22,000 days | 22000 days | Moodies | Moody Blues",0,0.9245,2.9401,22
"If I sail on the Neva river past the Hermitage Museum, what city am I in?",st. petersburg,"Art Pictures St. Petersburg | Landscrona | Leningrad | Leningrad, Russia | Leningrad, Soviet Union",1,0.1734,1.2102,26
In which American state is the Isabella Stewart Gardner Museum?,massachusetts,6th State | Commonwealth of Masachusets | Commonwealth of Masachusetts | Commonwealth of Masachussets | Commonwealth of Masachussetts,1,0.2403,1.5855,26
"""Which is the Muppet character who appeared in """"The Muppet Show"""" from the third season and in a number of Muppet films, who throws fish which return to him and plays a fish organ (a line of fish that, when squeezed, each gargle a different note)?""",Gonzo,'80s Robot | Andy Pig | Andy and Randy Pig | Andy and randy pig | Anything Muppet,0,0.9295,1.6752,26
The 'naut' in the words 'astronaut' and 'aeronaut' meant originally what?,The word 'naut' in the words 'astronaut' and 'a,Boatmanship | Boatmen | Expert seamen | Mariner | Merchant mariner,0,0.6359,2.073,22
In which parliament has the UK 87 seats for members who are elected for a five0-year term?,the House of Commons,Assembly of the European Communities | Common Assembly | Common Assembly of the European Coal and Steel Community | EU Parliament | EU parliament,0,0.6849,1.8035,23
Which artist David was born in Bradford UK?,david bowie,David Hockney | Hockney,0,0.8648,2.6591,22
"Angela Grisanti Vecchio, Stanley Zbornak, Clayton Hollingsworth and Salvadore Petrillo are characters in what US television series?",The Sopranos,A Midwinter Night's Dream (The Golden Girls episode) | Golden Girls | Golden girls | Miles Webber | Shady Pines,0,0.8509,1.6262,23
Which western country was the first to extend the right to vote in national elections to women?,The first country to extend the right to vote in national elections to women was New,Administrative divisions of New Zealand | Administrative divisions of new zealand | AoTeAroa | Aotearoa / New Zealand | Enzed,0,0.5472,1.5951,23
Which US singer released a 2010 album entitled ‘The Lady Killer’?,kelly clarkson,Ce Lo | Cee Lo Green | Cee-Lo (rapper) | Cee-Lo Green | Cee-Lo Green... Is Everybody's Brother,0,0.9817,3.2036,26
"""""""Aimee Anne"""" are the first names of which currently successful British female singer?""",Aimee Mann,Duffy | Duffy (disambiguation) | O'Duffy,0,0.9181,3.4622,23
"'Sunrise, Sunset' and 'Tradition' are songs from which musical?",the sound of music,2 life | Anatevka | Fiddler On The Roof | Fiddler On the Roof | Fiddler on a Roof,0,0.9113,2.7944,23
Which English producer and screenwriter is responsible for the creation of the fictional school Grange Hill ?,john bennett,Phil REDMOND | Phil Redmond | Phillip redmond,0,0.9282,3.3545,23
The Battle of Ghuznee in 1839 took place between the armies of Great Britain and which other country?,the Russian Empire,A-Stan | AFGHANISTAN | Afeganistao | Affghanistan | Afgahanistan,0,0.5287,2.4572,22
What is the name of the strait that lies between Australia and New Guinea that links the Coral Sea to the East with the Arafura Sea to the west?,Torres Strait,Strait of Torres | TORRES Strait | Torres Strait | Torres Straits,1,0.3701,0.685,23
"In 2005, Dan Wheldon became the first British competitor to win what event in over 30 years?",2005 Indianapolis 500,Carb Day | Greatest Spectacle In Racing | Greatest Spectacle in Racing | Greatest spectecle in racin | Indianapolis 500,1,0.6997,1.8281,23
What animals does a mahout work with?,"A mahout is a trained elephant rider, and mahouts work with elephants in",Baby elephants | Brown elephants | ELEPHANT | Elaphant | Elefonts,1,0.4744,2.3404,23
"In 1960, who co-founded Motor Racing Developments Ltd., a British racing car manufacturer and Formula One racing team with designer Ron Tauranac?",john wright,Jack Brabham | Sir Jack Brabham,0,0.9316,2.4636,22
"What is the former name of Helsingor, Denmark?",helsingborg,Elsinor,0,0.8639,2.11,22
The Fair Maid of Perth is a novel by which author?,daniel defoe,And come he slow or come he fast it is but death who comes at last | Border Minstrel | Doctor Jonas Dryasdust | Great Magician | Malachi Malasgrowther,0,0.8394,3.3475,23
Which British monarch was nicknamed ‘The Sailor King’?,george iv,Wilhelm IV | William 4 | William IV | William IV (disambiguation) | William Iv,0,0.8348,1.4385,26
With what group are Bobby Seale and Huey P. Newton associated?,"The Black Panther Party for Self Defense was founded in Oakland, California in 1",BPPSD | Black Panther Movement | Black Panther Party | Black Panther Party for Self Defense | Black Panther Party for Self-Defense,1,0.212,1.7286,26
"Who painted 'Rouen Cathedral: Sunset' found in the Museum of Fine Arts, Boston, USA?",John Singer Sargent,Alice Hoschede | Claude Monet | Claude O. Monet | Claude Oscar Monet | Claude monet,0,0.9594,3.1716,26
"In Greek mythology which of the Olympian gods was the goddess of fertility, agriculture, horticulture, grain and harvest?",ceres,Chloe (goddess) | Damater | Demeter | Demeter Chloe | Demeter Chthonia,0,0.6941,1.5646,26
"The white wine, Chablis, originates from which wine producing region of France?",chablis,Bergundy | Bourgogne | Bourgogne (region) | Burgandy | Burgund,0,0.3529,0.9794,22
Who was the illustrator for most of Roald Dahl’s stories for children?,"Roald Dahl was a prolific writer of children's books, and his stories were",Quentin Blake | Quentin Saxby Blake | Sir Quentin Blake,0,0.7053,2.0493,22
The North Sea and the Baltic Sea are linked through which canal?,the Kiel Canal,KIEL CANAL | Kaiser Wilhelm Canal | Kiel Canal | Kiel canal | Nord-Ostsee-Kanal,1,0.536,1.6654,22
Name the 2003 Turner Prize winning artist whose alter ego is Claire?,The answer to this question is,GRAYSON PERRY | Grayson Perry | Greyson perry,0,0.8761,3.9948,22
What brand name are Chuck Taylor sneakers sold under?,The brand name is Chuck Taylor All Star,Converse | Converse (disambiguation),0,0.5543,2.0859,26
The Black Hills are located primarily in which US state?,south dakota,40th State | Economy of South Dakota | Education in South Dakota | Fortieth State | Mount Rushmore State,1,0.3378,0.8304,22
Which English football league club is based in Burslem?,burslem town,Burslem Port Vale | Burslem Port Vale F.C. | PVFC | Port Vale | Port Vale F C,0,0.9075,2.0446,23
"""Who wrote the music for the musical """"A Chorus Line""""?""",Stephen Sondheim,Marvin Frederick Hamlisch | Marvin Hamlisch | Marvin Hamlish,0,0.8598,3.4445,23
What was the name of the American doctor who in 2011 was sentenced to four years in Jail after being convicted of the involuntary manslaughter of pop star Michael Jackson ?,"Michael Jackson's death was ruled a homicide, and the coroner's report stated",California v. Murray | Conrad MURRAY | Conrad Murray | Conrad Murray trial | Conrad R. Murray,0,0.7631,2.3601,22
Which boxer became the first to defeat Evander Holyfield in November 1992 to become undisputed Heavyweight Champion?,mike Tyson,Riddick Bowe | Riddick Lamont Bowe,0,0.9769,2.1539,26
"""Who painted """"Girl before a Mirror"""" ?""",john kermode,Bijiasuo | Maria Picasso y Lopez | María Picasso y López | Pablo Diego Jose Francisco de Paula Juan Nepomuceno Maria de los Remedios Cipriano de la Santisima Trinidad Clito Ruiz y Picasso | Pablo Diego Jose Francisco de Paula Juan Nepomuceno Maria de los Remedios Cipriano de la Santisima Trinidad Martyr Patricio Clito Ruiz y Picasso,0,0.7606,3.5026,22
What is the name of the vast hall where the Norse gods live?,The name of the hall is Valhalla,Val-Hall | Valhala | Valhalah | Valhalla | Valhoell,1,0.4518,2.4903,26
"Cayenne, after which the spicy condiment is named, is a city in which country?",mexico,Administrative divisions of French Guiana | Fr. Guiana | French Guiana | French Guianan | French Guianese,0,0.2255,1.8376,22
"Gluteus medius, Gluteus maximus and Piriformis are muscles in human?",yes,Ass (insult) | Ass cheeks | Asscheeks | Badonkadonk | Bare bum,0,0.5121,1.2592,26
"Feugo, Yangin, Brand, and Pozar are Spanish, Turkish, Dutch and Polish for?",football,A fire | Alight | Causes of fire | Fire | Fire damage,0,0.724,3.3577,23
What raw material is used for making glass?,"The raw materials for glass are silica, soda ash, and limestone",Coversand | Desert sand | Floor sugar | Floor-sugar | Grains of sand,0,0.3894,1.7676,22
What is the name of Terence and Shirley Conran's dress designer son?,Terence Conran,Black Jasper | Bruneau Jasper | Bruneau jasper | Egyptian jasper | Jasper,0,0.854,3.1432,23
What is the name of the first digital library founded by Michael Hart in 1971?,The first digital library founded by Michael Hart in 1971 was Project,Gutenberg Project | Gutenberg Project. | Gutenberg project | Gutenberg.org | Gutenburg Project,0,0.1926,2.2032,22
Wolf Mankowitz wrote the 1953 novel ‘A Kid For Two….’what’?,A Kid For Two,Farthing | Farthing (coin) | Farthing (disambiguation) | Farthing coin | Farthings,0,0.8783,2.3749,23
Between 1959 and 1967 which city was the capital of Pakistan (Islamabad was being built)?,lahore,"'Pindi | F.G. Sir Syed Boys Sec. School, Rawalpindi | RAWALPINDI | Rawal Pindee | Rawal Pindi",0,0.486,0.6823,22
What is the capital of Colombia?,Bogotá is the capital of Colombia,America/Bogota | Bacatá | Bogot%5CxC3%5CxA1 | Bogota | Bogota D.C.,1,0.2841,1.294,23
"What was abolished by the Supreme Court in 1972, but reinstated in 1976?",The Supreme Court of the United States has ruled that the 1972,Abolition of capital punishment | Abolition of the death penalty | Abolitionism (capital punishment) | Anti-death penalty | Capital Offence,0,0.8813,2.7718,22
In Greek mythology which son of Telamon fought Hector in single combat,peisidikos,A-JAX | A-Jax | Ajax | Ajax (Disambiguation) | Ajax (automobile),0,0.8473,2.1663,22
The axilla is the anatomical name for which part of the body?,axilla,Anterior axillary fold | Arm pit | Armpit | Armpits | Axilla,1,0.4394,1.7921,23
My bologna has a first name. What is it?,"The answer to this riddle is ""Frank."" This is because bologna is",King Oscar | OSCAR (disambiguation) | Oscar | Oscar (cat) | Oscar (disambiguation),0,0.7463,2.7995,23
"Which red dwarf star, approximately 4.2 light-years distant in the constellation of Centaurus is the nearest star to the Sun?",protostar,Alpha Centauri C | Alpha Proxima | Alpha proxima | Closest star | GCTP 3278.00,0,0.6168,2.495,23
What is measured by a Hygrometer?,Hygrometers are used to measure the relative humidity of the air,Absolute Humidity | Absolute humidity | Air humidity | Humid | Humidity,1,0.4382,1.5145,22
"Which crop that was of great nutritional importance in pre-Columbian Andean civilizations, and which has now entered the mainstream world market, was called as the 'mother of all grains' by the Incas?",quinoa,Chenopodium quinoa | International Year of Quinoa | Keemwa | Keenwa | Kinoa,1,0.3114,0.7536,22
Who was Don McLean singing about in Vincent,the Beatles,Van Gogh | Van Gogh's ear | Van Goh | Van Goth | Van Gough,0,0.8822,3.6579,23
What is the opposite of a spring tide,spring tide,Astronomical tide | Compound Tide | Compound Tides | Ebb Tide | Ebb Tide (disambiguation),1,0.5387,1.7668,22
Which infamous character became Pope Alexander VI?,alexander vi,"214th pope | Alejandro VI, Catalan | Alexander Sextus | Alexander The Sixth | Alexander VI",1,0.6086,2.6349,23
The Zapatista Army of National Liberation (Ejército Zapatista de Liberación Nacional) is a revolutionary group in which country?,mexico,Central Mexico | EUM | Estados Unidos Mexicanos | Estados Unidos de Mexico | Estados Unidos de México,1,0.1975,0.092,22
The love story of which writer is portrayed in the film Shadowlands?,j. k. rowling,C Lewis | C S Lewis | C s lewis | C. S Lewis | C. S. (Clives Staples) Lewis,0,0.8799,3.2374,22
'Indian Love Call' is a song from which 1924 operetta?,the merry widow,Rose Marie (operetta) | Rose-Marie,0,0.91,3.3241,23
"The painters Theodore Rousseau and Jean-Francois Millet were prominent members of which 19th century French school of landscape painters, named after the town in Fontainbleu Forest where the artists gathered?",Barbizon School,BARBIZON SCHOOL | Barbizon School | Barbizon movement | Barbizon painters | Barbizon school,1,0.4525,2.1974,22
Five docks built on The Manchester Ship Canal in what is now Salford Quays were named after which Roman goddess? The area is now served by a Metrolink stop bearing the same name.,venus,Pomona | Pomona (disambiguation) | Pomona Station | Pomona station,0,0.7623,1.5478,23
"Which ex-politician, now aged 80, had the nickname 'The Chingford Skinhead'",john bennett,Baron Tebbit | Lord Tebbit | Lord Tebbit of Chingford | NORMAN TEBBIT | Norman Beresford Tebbit,0,0.9919,3.2867,22
"In cricket, which nation won the 2009 Ashes series?",england,Aenglaland | Aengland | Anglica | Auld enemy | ENGLAND,1,0.5758,0.7608,23
What Scottish city is at the confluence of the rivers Dee and Don?,Inverness,ABERDEEN | Aberdeen | Aberdeen (Scotland) | Aberdeen (Scottish city) | Aberdeen (district),0,0.761,2.4966,26
"In 2006, who was the first football player in World Cup history to win the ‘Best Young Player Award’?",ronaldo,Lucas Podolski | Lucas Podolsky | Lukas Podolski | Lukasz Podolski | Łukasz Podolski,0,0.9134,3.6836,23
What well-known mountain pass connects Pakistan and Afghanistan?,The Khyber Pass is a well-known mountain pass that connects Pakistan and Afghanistan,Kaiber pass | Khaibar Pass | Khaiber Pass | Khyber Gate | Khyber Pass,1,0.5381,1.2412,26
Which acid is found in rhubarb leaves ?,oxalic acid,OXALIC | Oxalic | Oxalyl,1,0.2668,1.0012,22
What type of creature is a saiga?,The saiga antelope is a species of antelope native to Eurasia,Antelope | Antelopes | Antilopina | Botswanan Antelopes | Hybrid antelope,1,0.3374,1.6597,23
"What's the food 'head cheese' alternatively called, which separately refers to a man's physical strength?",bull's brain,Brawn | Brawned | Brawning | Brawns | Cheesed head,0,0.8899,3.3576,26
Who was Humphrey Bogart's female co-star in Casablanca,"In 1942, Bogart and Ingrid Bergman starred in",Ingrid Bergman | Ingrid Bergmann | Ingrid Berman | Ingrid Rossellini | Isotta Ingrid Rossellini,1,0.8572,1.4297,26
What is the state capital of Maryland,Annapolis,"Anapolis, Maryland | Annapolis | Annapolis (MD) | Annapolis (Maryland) | Annapolis Maryland",1,0.0997,0.5218,26
"In which postcode area are the Wimbledon Championships held? SW15, SW17 or SW19?",SW19,"Barnes, SW13 | London SW1 | London SW10 | London SW11 | London SW12",1,0.6236,0.7719,23
Herman Van Rompuy became first Permanent President of what?,The European Council is the main decision-making body of the European Union. It is,2007 EU Summit | Current composition of the European Council | Euco | Euopean Council | European Council,1,0.5272,2.0233,23
"Who invaded Europe from Mongolia and Turkey over 300 years, beginning in the 13th century?",The Mongol Empire,Astrakan Tatars | Baraba | Ta ta | Ta-ta | Tartar people,0,0.4275,1.7968,23
What city has a neighborhood called Little Havana?,"The city of Miami, Florida, is home to a neighborhood called Little Havana.","City of Miami | City of Miami, FL | City of Miami, Florida | Miami | Miami (AFL)",1,0.4646,2.2933,23
Late British singer-songwriter John Simon Ritchie was better known by what name?,johnny cash,John Simon Ritchie | John Simon Ritchie Beverly | John Simon Ritchie-Beverly | Sid Vicious | Sid vicious,0,0.8534,1.5378,23
"""As whom did Andres Cornelius (""""Dries"""") van Kujik become better known?""",the Dutch,%22Colonel%22 Tom Parker | Andreas Cornelis van Kuijk | Andreas Cornelius Dries van Kuijk | Andreas Cornelius van Kuijk | Col. Tom Parker,0,0.8327,3.0625,26
In what 80s arcade game were you armed with a lance and mounted upon an flying ostrich?,flying lancer,Competitive jousting | Joust | Jousting | Jousting lance | Jousts,0,0.8316,3.2333,23
Which musical features the songs If I loved you and You’ll never walk alone?,the sound of silence,CAROUSEL | Carousel | Carousels | Carrousel | Loof,0,0.9719,3.112,26
"First published in 1791, which was the world’s first Sunday newspaper?",The Times,Allan Jenkins (journalist) | London Observer | Observer (newspaper) | Observer Film Quarterly | Observer Food Monthly,0,0.7681,1.7546,23
"""The book """"Dirty Sexy Politics"""", released in 2010, was about whose US presidential campaign?""",barack obama,John MCCaine | John MaCain | John MacCain | John Mc Cain | John McCain,0,0.7935,1.8913,23
"If something is colubrine, it resembles or relates to which type of creature?",snake,Coronellidae | Serpentes | Serpentiform | Serpentigenous | Snake,1,0.5482,2.4466,23
Who is widely credited with introducing his former wife Whitney Houston to drugs?,"In 1995, Houston was arrested for drug possession and pleaded guilty",BOBBY BROWN | Bobby Brown | Bobby brown | Robert Barisford Brown | Robert Beresford Brown,0,0.7838,2.1831,22
What was the Paramount Film Company originally called?,The company was originally called the Paramount Pictures Corporation,Celebrated Players Film Corporation | Famous Players Film Company | Raleigh Studios | The Famous Players,0,0.8431,1.4804,22
Who designed the Adidas sportswear for the British Olympic and Paralympics teams at the 2012 London Games?,The Adidas sportswear for the British Olympic and Paralympics teams at,Alasdhair Willis | Alistair Willis | Stella Mc Cartney | Stella McCartney | Stella McCartney for Chloe,0,0.8146,2.0986,23
Madeleine Allbright was appointed by Bill Clinton as the USA's first woman to hold what position?,Secretary of State,Secreatary of State | Secretariat of State | Secretariats of State | Secretaries of State | Secretary Of State,1,0.6015,1.7262,22
"Who presented the 1980 blockbuster documentary series, Cosmos: A Personal Voyage?",Carl Sagan,Carl E. Sagan | Carl Edward Sagan | Carl Sagan | Carl sagan | Dr. Carl Sagan,1,0.2268,0.6302,22
"Who conceived the effective communication theory 'Three Modes of Persuasion' (comprising Logos, Ethos and Pathos)?",Aristotle,Aristole | Aristotel | Aristotele | Aristotelean philosophy | Aristoteles,1,0.5762,1.3351,26
What is the name of the large buttock and thigh muscle?,gluteus maximus,Glutaeus maximus | Glutaeus maximus muscle | Glute | Gluteaus maximus | Glutei maximi,1,0.4919,1.2766,23
"The name of which chemical element, with the symbol 'Rh', is derived from the Greek word for 'rose'?",rhodium,Element 45 | RHODIUM | Rhode Ium | Rhodic | Rhodium,1,0.7979,0.2028,26
"Statistically the greatest driver of Formula One, Michael Schumacher won his seven championships with which two companies?",Mercedes,Benetton and Ferrari,0,0.6002,0.9956,22
Who killed Goliath with a sling and a stone?,david,Daveed | David | David (Bible) | David (Biblical king) | David (bible),1,0.5895,2.0822,23
"What in law, does the term consanguinity mean?",The term consanguinity is used in law to refer to the degree of kin,RELATED BY BLOOD,0,0.6115,1.6462,22
What is the collective noun for a group of pigs?,"A group of pigs is called a ""swarm"" or a ""swarm",A HERD | The Herd | The Herd (band) | The Herd (disambiguation) | The herd,0,0.5237,2.5092,22
‘Make Them Wait’ is rhyming slang for which Bingo number?,10,58 | fifty-eight,0,0.9471,1.9719,26
"On August 28, 1963, who stood on the steps of Lincoln Memorial and famously stated ""I have a dream""?",martin luther king jr,"Biography of Martin Luther King | DMLKJ | Doctor King | Doctor Martin Luther King | Doctor Martin Luther King, Jr.",1,0.169,0.7474,22
What is the surname of Django in the 2012 film ‘Django Unchained’?,The surname of Django in the 2012 film 'Django Un,Free man | Free men | Free men (disambiguation) | Freeman | Freeman (album),0,0.6394,1.6518,22
"""Who wrote the trilogy of books """"The Millennium Trilogy"""" featuring the character Lisbeth Salander?""",stieg larsson,Steig Larsson | Stieg Larsen | Stieg Larson | Stieg Larssen | Stieg Larsson,1,0.3131,0.5422,26
Which city is the home of the Palais du Luxembourg?,paris,Cuisine of Paris | Departement de Paris | Département de Paris | FRPAR | France Paris,1,0.4133,1.2812,22
"""What movie featured the song """"The Time Warp""""?""",The Time Warp,Brad Majors | Doctor Everett Scott | Dr. Everett Scott | Dr. Frank-N-Furter | Frank N. Furter,0,0.9419,2.4356,22
In which Falklands engagement did Colonel H Jones win his VC,the Battle of Goose Green,"Goose Green | Goose Green Settlement | Goose Green, Falkland Islands",1,0.808,2.579,26
Which designer is famous for his/her red-soled footwear?,eddie harris,Christian Laboutin | Christian Louboutin | Christian Louboutin Miami | Christian laboutin | Louboutin,0,0.8149,3.1914,23
"In 1171 Henry II was the first English king to set foot in an Irish city. Founded by the Vikings in the ninth century, which is Ireland's oldest city?",dublin,City of Waterford | Hilly Shore | Hilly shore | Port Láirge | The weather in Waterford,0,0.5575,0.3736,26
What communal cooking method/equipment derives from French 'melted'?,"The French word for 'melted' is 'moulu', which",Cheese fondue | Cheese fondue from Savoy | Chocolate fondue | Fondeau | Fondeu,0,0.6164,3.1169,23
In which year was the Royal British Legion founded?,The Royal British Legion was founded in 1921.,"1921 | one thousand, nine hundred and twenty-one",1,0.6088,1.3613,26
Charles Rennie Mackintosh was a leading exponent of which art movement around the 1900's?,art nouveau,ART NOUVEAU | Art Nouveau | Art Nouveau Jewellery | Art Noveau | Art nouveau,1,0.4621,0.7412,26
Which chemical element is named after the Greek word for the Moon?,argon,Element 34 | Selenian | Seleniferous | Selenious | Selenium,0,0.5183,2.6295,22
Who composed the opera The Huguenots?,The Huguenots is an opera in three acts by French composer Jacques Off,GIACOMO MEYERBEER | Giacomo Meyerbeer | Jacob Liebmann Beer | Jakob Liebmann Beer | Jakob Liebmann Meyer Beer,0,0.6863,1.829,22
"In Wagner's opera 'Das Rheingold', what was the name of the dwarf who stole the gold from the 'Rhine Maidens'?",wolfram,'ALBERICH' | Alberich | Elberich,0,0.811,0.6653,23
Which British monarch introduced The George Cross?,The George Cross was introduced by King George VI in 1940,Albert Frederick Arthur George | Albert of Cornwall | Albert of Cornwall and York | Albert of Wales | Albert of York,1,0.7875,1.5413,26
Which mountain peak is the highest point in the Western Hemisphere?,mount everest,ACONCAGUA | Acancagua | Acancogua | Aconcagua | Aconcagua (mountain),0,0.3527,1.281,22
What was bandleader Joe Loss's signature tune,"""The Man I Love""",In The Mood | In the Mood | In the Mood (song) | In the mood,0,0.9249,3.9504,23
Which musician founded the Red Hot Peppers?,harrison,F.P. Lamothe | Ferdinand %22Jelly Roll%22 Morton | Ferdinand Joseph La Menthe | Ferdinand Joseph Lamothe | Ferdinand Joseph Morton,0,0.7335,2.0688,23
How many pieces does each player have at the start of a game of Draughts?,"The game is played on a 19 × 19 board, with",12 | TWELVE | twelve,0,0.586,1.8972,23
What international organisation was created in 1958 to bring about economic integration between European nations?,The European Union was created in 1958 to bring about economic integration,Common Europe | Common Market | Communauté Economique Européenne | Community Pillar | Community pillar,0,0.4685,1.2357,22
"What name is given to the lowest commissioned officer in a cavalry regiment, such as Prince Harry?",captain,CORNET | The Cornet,0,0.6613,2.581,23
What type of leaves does a koala feed on?,"The koala is a herbivore, feeding on eucalyptus",Eucalypti | Eucalyptus | Eucalyptus spp. | Eucalyptus tree | Gum trees,1,0.2992,1.5427,23
"In the television series ‘Thunderbirds’, what is Lady Penelope’s surname?",patten,Creighton-Ward,0,0.8618,4.2917,23
Who is the female presenter of the Channel 4 quiz show '1001 things you should know'?,jessica fletcher,Sandi Toksvig | Sandy Toksvig,0,0.9022,4.5071,22
On a rail journey from London to Edinburgh from what London terminus station do you depart?,London Paddington,King's Cross | King's Cross (disambiguation) | Kings Cross | Kings Cross (disambiguation) | King’s Cross,0,0.821,2.7024,23
"Nankey Poo, Poo Bah and Pish Tush are characters in which show?",The Simpsons,A Wand'ring Minstrel I | I Am So Proud | If you want to know who we are | Katisha | Lord High Executioner,0,0.8873,2.7047,23
"According to a short story by Washington Irving (1819), who escaped his nagging wife by wandering into New York's Catskill Mountains, fell asleep, and returned to his village, where he found that 20 years had passed?",roger turner,Rip Van Winkle | Rip Van winkle | Rip Wan Winkle | Rip van Winkel | Rip van Winkle,0,0.815,3.2727,22
What is the currency of the middle eastern country of Qatar?,Qatari riyal,RIAL | Rial | Rial (currency) | Rial (disambiguation) | Rial (monetary unit),1,0.284,1.5215,23
"""Tom and Ben Cooper play international cricket for which """"non-test playing"""" country?""",england,Administrative divisions of the Netherlands | Administrative divisions of the netherlands | Capitals of Holland | Climate of the Netherlands | Dutch inhabitants,0,0.9164,2.8133,26
"Which indoor sport includes a side wall, front wall, and a tin?",basketball,Squash | Squash (disambiguation) | Squashes,0,0.7851,2.5975,23
Which radio broadcaster was known as the Man In Black,johnny cash,Valentine Dyall,0,0.9834,3.2142,26
What coin of the realm ceased to be legal tender in Britain at the end of 1960?,The last coin of the realm to cease to be legal tender in Britain was the,FARTHING | Farthing | Farthing (coin) | Farthing (disambiguation) | Farthing coin,0,0.9048,2.38,22
"Canadian Florence Nightingale Graham dropped out of nursing school in Toronto and joined her elder brother in New York City, working as a bookkeeper for the E.R. Squibb Pharmaceuticals Company. By what name is she better known?",Florence Nightingale Graham,Elizabeth Arden | Florence Graham | Florence Nightingale Graham,1,0.6979,1.9527,22
"Which South American country's flag has three equal vertical stripes of red, white and red?",bolivia,El Peru | El Perú | Etymology of Peru | ISO 3166-1:PE | Lower Peru,0,0.4501,1.0733,22
"In golf, the holing of a ball directly from a bunker is known as a ‘Golden ‘what’?",hole in one,Ferret | Ferret food | Ferreting | Ferrets | Ferrets as pets,0,0.7614,1.6835,26
Who duetted with Lionel Ritchie for the hit song 'Endless Love'?,michael jackson,Diana Ernestine Earle Ross | Diana Ross | Diana Ross (musician) | Diana Ross (singer) | Diane Ross,0,0.9458,3.0599,22
An equilateral triangle has all 3 sides of the same length. What type of triangle only has 2 sides of equal length?,A scalene triangle has all sides of different lengths. A triangle with 2,Isoceles | Isoceles triangle | Isosceles | Isosceles triange | Isosceles triangle,0,0.4682,1.2186,22
In what country would you find Coptic Christians?,Egypt,A .R . EGYPT | A .R . Egypt | A.R. Egypt | Arab Republic Of Egypt | Arab Republic of Egypt,1,0.0893,1.6005,22
The home row for what keyboard layout is (from left to right) aoeuidhtbs-?,american standard code for information interchange,DVORAK | Dvorak | Dvorak (disambiguation) | Dvorakova | Dvorschak,0,0.6851,2.5197,23
What gladiator famously led a slave revolt against Rome?,The gladiator Spartacus led a slave revolt against Rome,Espartaco | Spartacus | Spartacus (person) | Spartakus | Sparticus,1,0.5191,2.2351,22
The Picts were an ancient tribe of people occupying what country in Roman times?,The Picts were an ancient tribe of people occupying what country in Roman times?,Auld Country | Autonomous Province of Scotland | Communications in Scotland | East coast of Scotland | H-Alba,0,0.5138,2.0432,23
What did US state Rhode Island outlaw after 29 years of decriminalization?,"In 1994, the state of Rhode Island outlawed the possession",Bawd | Bawds | Blyat | Commercial sex | Commercial sex acts,0,0.5435,1.4657,23
"""In Texas, what is known as """"Ole Sparky""""?""",texas oil,Death chair | Electric Chair | Electric chair | Electrical chair | Execution by electric chair,0,0.9065,2.7643,22
A polygraph is more popularly called a?,lie detector,Lie Detector | Lie detector | Lie-detector | PCASS | Polygraph,1,0.6989,0.5424,22
"""Which energy drink, introduced in 1987 has the advertising slogan """"gives you wings""""?""",red bull,Gives you wings | RED BULL | Red Bull | Red Bull Energy | Red Bull Energy Drink,1,0.8173,1.2437,23
In which year in the 20's did the General Strike occur,1926,"1926 | one thousand, nine hundred and twenty-six",1,0.654,0.352,23
The Meltdown (2006) is the second in which series of films?,"The Meltdown is the second film in the ""The Meltdown"" series.",Affect of ice age in uk | Cold period | Future ice age | Glacial Epoch | Glacial Maximum,0,0.7131,2.7169,23
Nebuchadnezzar was the ruler of which ancient kingdom (606-562 BC)?,babylon,Ancient Babylon | BABYLON | Babalyon | Babilu | Bablyon,1,0.1674,1.0315,23
Andrew Lloyd Webber and Tim Rice first worked together on which musical?,The Phantom of the Opera,The Likes of Us,0,0.8192,1.8417,23
"""""""At night they fly, you better run, these winged things are not much fun."""" """"In the jungle you must wait, until the dice read five or eight."""" """"A tiny bite can make you itch, make you sneeze, make you twitch."""" """"This will not be an easy mission, monkeys slow the expedition."""" Clues from what 1995 movie game?""","The 1995 movie game that features these clues is ""Monsters",Carl Bentley | Jumangi | Jumanij | Jumanji | Jumanji (2014 film),0,0.9632,2.2705,22
"What sporting term, meaning a second chance, comes from the French word for fishing again?",second chance,Last chance qualifier | Repechage | Repochage | Repêchage,0,0.9887,1.9268,22
Name the first monarch of the House of Lancaster?,henry IV,HENRY IV | Heinrich IV | Hendrik IV | Henry 4 | Henry IV,1,0.6026,1.2733,22
‘Mucke’ is the Serbo-Croatian name for which UK tv series?,the great british bake off,George Trotter | Lovely jubly | Nelson Mandella House | OF&H | Once upon a time in peckham,0,0.9252,3.3844,23
"In 1995, Steffi Graf became the only tennis player to have won each of the four grand slam events how many times?",four,4 | four,1,0.8175,1.6268,22
What country did the Reagan administration illegally sell arms to?,The Reagan administration illegally sold arms to Iran in 1985 in exchange,Historical Names of Iran | Historical names of Iran | I.R. Iran | I.R. of Iran | I.R.Iran,1,0.5519,1.744,22
What African nation is known in parts of Asia by the local names of two of its famous cities Marrakech and Fes?,morocco,Al-Mamlaka al-Maghrebia | Al-Mamlaka al-Maġribiyya | Al-Mamlakah al-Maġribiyah | Al-Mamlakah al-Maġribiyya | Al-Maġrib,1,0.1546,0.167,26
"Prior to Theo Walcott and Wayne Rooney, who was the youngest player to play football for England?",The answer to this question is: Alan Shearer,JAMES PRINSEP | James Prinsep,0,0.9526,3.3257,22
Whole Again and Eternal Flame were Number Ones for which girl group in 2001?,The Spice Girls,Atomic Kitten,0,0.9291,2.9742,23
What is someone allergic to if they have coeliac disease?,gluten,Gluten | Glutenous | Glutin | Glutinous | Gluton,1,0.5074,2.0126,22
Where are the administrative HQ of Derbyshire?,Derbyshire is a county in the East Midlands of England,MATLOCK | Matalock | Matlock | Matlock (disambiguation),0,0.5202,1.4324,26
Who bought Donington Park’s Dunlop Bridge at a memorabilia auction?,The Dunlop Bridge was sold at a memorabilia auction in 200,Chris Evans | Chris Evans (disambiguation) | Chris Evans (politician) | Christopher Evans | Christopher Evans (disambiguation),0,0.9542,1.8052,26
We know it as Myanmar today. By what name was it known before 1989?,Burma,Birma | Birman Empire | Birmania | Birmanie | Borders of Burma,1,0.471,1.6404,26
"The left side of the heart pumps blood to all parts of the body, but the right side pumps blood to which organ in particular?",The right side of the heart pumps blood to the lungs.,Alveolar sacs | Avian lungs | Bellows lung | Bird lung | Circulatory lung,1,0.6313,1.5058,22
"Which American state, with the capital Salem, is nicknamed the Beaver State?",maine,33rd State | Demographics of Oregon | Education in Oregon | Geography of Oregon | Ore.,0,0.383,1.4283,22
"""In Scotland and northern England, what is a """"bairn""""?""",child,Bairns | Child | Child-centric | Childer | Children,1,0.5946,1.0236,23
What is the name of the yacht that won the Royal Yacht Squadron's regatta around the Isle of Wight in 1851 and lent its name to a famous sports prize?,The yacht that won the Royal Yacht Squadron's regatta around the Isle of,'merica | (US) | (USA) | AMERICA | Amarica,0,0.871,2.5012,23
Which series of books are illustrated by Mary Grand Pre?,The series of books illustrated by Mary Grand Pre are called The Very Hungry Cater,'HARRY POTTER' | Anti-Harry Potter community | Books in the Harry Potter series | Events and Chronology of Harry Potter | HARRY POTTER,0,0.7677,2.7297,23
The UK political Labour Party's famously controversial 1995 constitutional 'Clause IV' amendment mainly removed a commitment to?,"The Labour Party's 1995 constitutional amendment, known as Clause IV",Compensation (nationalization) | Nationalisation | Nationalisations | Nationalise | Nationalised,0,0.6856,2.9229,26
Who was the second wife of Henry VIII?,"Henry's second wife, Catherine of Aragon, was the daughter of King Ferdinand",Ann Boleyn | Ann Bullen | Anna Bollina | Anne Boelyn | Anne Boleyn,0,0.5672,2.0413,23
What was Queen Victoria's first Christian name?,"Victoria was born in the palace of Buckingham House, which was then the official London",Alexandrina | Alexandrina (disambiguation) | Alexandrina Lake | Lake Alexandrina | Lake Alexandrina (disambiguation),0,0.5522,2.0964,26
"In politics and economics, ‘what’ Wednesday refers to 16th September 1992, when the British government was forced to withdraw the pound sterling from the European Rate Mechanism, after they were unable to keep it above its agreed lower limit?",the euro,Black Wednesday | Black Wednesday (disambiguation) | Black wednesday | ERM crisis | Erm crisis,0,0.714,2.7699,22
"In what outdoor sport, sanctioned by the NHPA, do you score 3 points for a ringer, 2 for a leaner, and the closet scores a point?",rugby,Horse shoes | Horseshoe Pitching | Horseshoe pit | Horseshoe pitching | Horseshoe throwing,0,0.8071,2.6297,23
What ology is the scientific study of the structure of Earth?,The geology of the Earth is the scientific study of the structure of Earth,Geol | Geol. | Geolgy | Geologic | Geologic Sciences,1,0.2442,2.201,22
"In Greek Mythology, who is the father of Odysseus?",king of Ithaca,All woes | Allwoes | King Allwoes | LAERTES | Laertes,0,0.526,2.4973,23
Which French racecourse hosts the 'Prix de l'Arc de Triomphe?,chasse,Longchamp | Longchamp (disambiguation) | Longchamps,0,0.6658,2.077,23
The top American fiction bestseller in both 1936 and 1937 was the only novel published during the lifetime of its author. Who was she?,Edith Wharton,Berrian Kinnard Upshaw | MARGARET MITCHELL | Margaret Mitchel | Margaret Mitchell | Margareth Mitchell,0,0.7165,2.6749,23
"In genetics, who is the woman who lived approximately 190,000-200,000 years ago and who was the most recent woman from whom all living humans today descend?",The most recent woman from whom all living humans today descend is the Neanderthal,African Eve | Complete Replacement theory | Eve (genetics) | Eve hypothesis | Genetic Eve,0,0.3838,3.1146,26
What is a group of jellyfish called?,A group of jellyfish is called a swarm.,SMACK | Smack | Smack (band) | Smack (disambiguation) | Smacked,0,0.352,1.8893,22
"Which American bluegrass-country singer and fiddler has won 26 Grammy Awards, making her the most awarded female artist (and the third most awarded artist overall) in Grammy history since she recorded for the first time at the age of 14?",Alison Krauss,AK&US | AKUS | Alison Kraus | Alison Krauss | Alison Krauss & Union Station,1,0.8718,1.7474,22
Which Italian fashion designer was shot dead on the steps of his Miami mansion in 1997?,gianni versace,Giani Versaci | Gianni Versace,1,0.788,3.0307,22
Which 2008 musical film is set on the fictional Greek island of Kalokairi?,the sound of music,MAMMA MIA | Ma Mia | Mama Mia | Mamamia | Mamma Mia,0,0.9099,3.1912,22
"Benot B. Mandelbrot worked on a wide range of mathematical problems, including mathematical physics and quantitative finance, but is best known as the father of what?",fractal geometry,Factral | Fractal | Fractal Curves | Fractal Trees | Fractal curve,1,0.3936,0.1854,26
Which bird was once called apteryx?,"The only living member of the order is the little penguin, which is a",Apterygidae | Apterygiformes | Apteryx | Brown kiwi | Kiwi,0,0.5506,2.7436,22
Who is the nude bow-carrying statue in London's Piccadilly Circus?,The statue is of a nude woman holding a bow and arrow,Anteros,0,0.7599,2.2958,22
Which radioactive substance sometimes occurs naturally in spring water?,radon,Actinon | Element 86 | Emanation (chemistry) | Household radon | Niton (element),1,0.508,1.335,23
Juan Valdez advertises the coffee of which country?,colombia,Colombia | Colombiá | Etymology of Colombia | ISO 3166-1:CO | Name of Colombia,1,0.5155,1.1561,26
"A speechwriter for both Ford and Nixon, before becoming actor and comedian, who won a Emmy award as host of a game show in which you could win $5000 of his own money?",gary busey,Win Ben Stein's Money | Win Ben Steins Money | Win ben steins money,0,0.8794,2.9926,23
The splanchnocranium refers to the bones of which defining part of the human body?,The splanchnocranium is the part of the human body that defines the,Face | Faces | Facial feature | Human Face | Human face,0,0.4169,1.6302,23
"Subtitled ‘What You Will’, which play begins: ‘If music be the food of love, play on’?",as you like it,"12th Night or What You Will | 12th Night, or What You Will | 12th night | Curio (Twelfth Night) | TWELFTH NIGHT",0,0.8695,1.8675,23
"Legend has it that the Pied Piper led the children from what German town on July 22, 1376, when the cheap bastards wouldn't pay him for ridding the town of rats?",hamburg,"Afferde | Hamelin | Hamelin, Germany | Hameln | Hameln (Germany)",0,0.8818,1.5482,26
Which was the first of the Mr. Men characters to be created by cartoonist Roger Hargreaves?,The first Mr. Men character to be created by cartoonist Roger Hargre,List of Mr Men | List of Mr. Men | List of Mr. Men Characters | MR TICKLE | Mr Happy,0,0.9381,2.5937,26
"Cable News Network (CNN), the first channel to provide 24-hour television news coverage, was founded by Ted Turner in what year?",1980,"1980 | one thousand, nine hundred and eighty",1,0.6111,0.1297,23
"Used when making tea, and deriving from the Russian for 'self brewer', what name is given to the heated metal container traditionally used to heat and boil water in Russia, Iran and Turkey?",kettle,Electric samovar | SAMOVAR | Samovar | Samowar | Semaver,0,0.47,1.5016,23
What is the official language of Barbados?,English is the official language of Barbados,ENGLISH | Egnlish | Engish | Englilsh | Englis,1,0.4442,1.2015,23
The popular 'Humming Chorus' comes from which Puccini opera?,madama butterfly,B. F. Pinkerton | B.F. Pinkerton | Cio Cio San | Cio-Cio San | Cio-Cio-San,1,0.7296,2.2327,23
"In the television series ‘Thunderbirds’, what is Lady Penelope’s surname?",patten,Creighton-Ward,0,0.8618,4.2917,23
Which ex Prime Minister died at his home in Hawarden in 1898?,william edward edwards,GLADSTONE | Gladstone | Gladstone (disambiguation) | Gladstone's | Mr Gladstone,0,0.9635,3.4067,26
"In 1967, who was the first DJ on Radio 1?",jimmy hoffman,Lenny Gamble | Tony Blackburn,0,0.9737,2.9598,26
"Which mountain range stretches for 1500 miles and has Mount Mitchell at 6,684 feet as its highest point?",the Appalachian Mountains,Apalachian | Apalachian Mountains | Apalachians | Appalachain | Appalachian Highlands,1,0.2182,1.3073,23
"Commonly known as nipplegate, whose wardrobe malfunction during the Super Bowl 38 half time show earned a record $550,000 FCC fine?",natalie portman,Artistry of Janet Jackson | Artists influenced by Janet Jackson | Janet Damita Jackson | Janet Damita Jo Jackson | Janet Jackson,0,0.9003,3.5807,23
Which teacher taught Helen Keller to communicate?,"Helen Keller was taught to communicate by her teacher, Anne Sullivan",ANNE SULLIVAN | Anna sullivan | Anne Sullivan | Anne Sullivan Macy | Anne sulavan,1,0.3714,1.4256,26
'Sir Leicester and Lady Dedlock' appear in which Charles Dickens novel?,'Bleak House','BLEAK HOUSE' | Bleak House | Bleakhouse | Chesney Wold | Harold Skimpole,1,0.7581,1.5043,22
What US city is called in Spanish 'The Meadows'?,san antonio,"City of Las Vegas | LV, NV | Las Vegas | Las Vegas (NV) | Las Vegas City Council",0,0.8721,2.198,26
The world became aware of the Chernobyl disaster after detectors were triggered in which country?,The world became aware of the Chernobyl disaster after detectors were triggered in the,Climate of Sweden | Etymology of Sweden | ISO 3166-1:SE | Kingdom of Sweden | Konungariket Sverige,0,0.4929,2.0305,26
The 1981 film ‘Chariots of Fire’ was based on the stories of which two British athletes?,oscar wilde,Harold Abrahams and Eric Liddell,0,0.947,2.7476,26
"""What organisation was founded in 1831 by James Winston, Samuel James Arnold, Samuel Beazley, Sir Andrew Francis Barnard, and Francis Mills to """"tend to the regeneration of the Drama""""?""",The Dramatic Association of Great Britain,Garrick Club | The Garrick | The Garrick Club,0,0.8338,2.0306,22
Yelena Isinbayeva broke her first World record in 2003 and continued to break records until 2009 in what sport?,gymnastics,Women's Pole Vault,0,0.4544,0.9574,23
"Saratoga and Yorktown, USA, are the sites of the defeat of which armies?",british,British | British (disambiguation) | British (language) | British language (disambiguation) | Britsih,1,0.3298,1.8223,22
What was J. D. Salinger's most famous novel?,The Catcher in the Rye,"A Catcher in the Rye | Agerstown Pa | Agerstown, PA | Agerstown, Pennsylvania | Catcher In The Rye",1,0.1524,1.2929,22
What U.S. state has the most coastline?,The state with the most coastline is Alaska,49th State | Alaksa | Alasca | AlaskA | Alaska,1,0.4626,1.7379,23
Which National Trail runs for 268 miles from Edale to Kirk Yetholm?,the Pennine Way,Penine Way | Pennine Way,1,0.4165,2.0245,22
"In 1940, the RAF made the first raid on which city?",The raid was the first of many that would be carried out by the RAF in,"Athens on the Spree | Berlib | Berlin | Berlin (Germany) | Berlin, Germany",0,0.6981,2.7289,23
What Roman wall lies near the boundary of Scotland and England?,Hadrian's Wall,"Broad Wall | Hadrian Wall | Hadrian's Wall | Hadrian's Wall - Frontiers of the Roman Empire | Hadrian's Wall, United Kingdom",1,0.592,1.4083,23
What is the name of the cartoon cat that is always chasing Tweety Pie?,the cat that is always chasing tweety pie,Sylvester | Sylvester (name),0,0.9192,3.6598,26
"Nani, Cobra Bubbles and Captain Gantu are all characters in which Disney film?",monster maids at night school,Disney's Lilo & Stitch | Find Stitch | He Mele No Lilo | Lilo & Stitch | Lilo & Stitch (soundtrack),0,0.857,2.5892,22
Which former US boxer is referred to as the ‘Poet laureate of boxing’?,cleveland davis,"Floyd Mayweather Sr | Floyd Mayweather Sr. | Floyd Mayweather, Sr | Floyd Mayweather, Sr. | Floyd mayweather sr",0,0.8923,3.1627,22
White Gem is a variety of which vegetable?,carrot,PARSNIP | Parsnip | Parsnip (botany) | Parsnips | Pastinaca sativa,0,0.5221,2.23,23
Singer Eleonara Fagan was better known by what stage name?,"The name was chosen by her father, who was a music promoter, and was",BILLIE HOLLIDAY | Billie Holiday | Billie Holliday | Billie halliday | Billy Holiday,0,0.8747,2.8942,23
"""Whose memoirs, published in 2010, were called """"A Journey""""?""",john lewis,Anthony (Tony) Blair | Anthony C. L. Blair | Anthony Charles Blair | Anthony Charles Lynton %22Tony%22 Blair | Anthony Charles Lynton Blair,0,0.8622,3.5213,23
"Recently appointed, what is the name of the current manager of Southampton Football Club ?",gareth anfield,Mauricio POCHETTINO | Mauricio Pocchettino | Mauricio Pochettino | Mauricio Roberto Pochettino Trossero | Pochettino,0,0.9463,3.5893,22
"Who was the mother of 'Samantha Stevens' in the television comedy series, 'Bewitched'?","The mother of Samantha Stevens in the television comedy series, Bewitched, was Elizabeth",'ENDORA' | Endora | Endora (disambiguation),0,0.9005,3.3806,26
"The equatorial Republic of Kiribati's 'Kiritimati' (Christmas) Island, among the first land to see each new day/year, is in which ocean?",pacific,East Pacific | Eastern Pacific | Eastern Pacific Ocean | Great South Sea | Mar del Sur,1,0.3753,0.66,23
What is the name of the short bar with weights at each end that is sometimes used by bodybuilders?,barbell,Dumb bell | Dumb-bell | Dumbbell | Dumbbells | Dumbell,0,0.8033,1.3126,26
Bonar Law is the only Prime Minister not born in the UK. In which country was he born?,canada,America's top hat | CANADA | Canada | Canada's | Canada.,1,0.7589,1.6755,23
"After 23 years on the air, America's Most Wanted will be winding down. Who has been the host of the series since its inception?",The host of the series since its inception is John Walsh.,Jack Walsh | John Walsh | John Walsh (disambiguation) | John Walsh (politician) | Johnny Walsh,1,0.8569,3.5269,23
What type of creature is a fennec?,"The fennec is a small, nocturnal fox native to the Sahara Desert",Focks | Fox | Fox (zoology) | Fox habitat | Fox penis,1,0.3909,1.7612,23
Moon River is an Oscar winning song from which movie?,the sound of music,Breakfast At Tiffany'S | Breakfast At Tiffany's | Breakfast At Tiffanys | Breakfast at Tiffanies | Breakfast at Tiffany,0,0.8445,2.9994,22
Which French physicist (1852-1908) shared the Nobel Prize for Physics with the Curies in 1903 and has the SI unit of radioactivity named after him?,Henri Becquerel,Antoine Becquerel | Antoine H. Becquerel | Antoine Henri Becquerel | Antoine-Henri Becquerel | Antoine-henri becquerel,1,0.5055,0.6798,23
How was President Kennedy assassinated?,"The assassination of President John F. Kennedy on November 22, 1",SHOT | Shot | Shot (alcohol) | Shot (beverage) | Shot (disambiguation),0,0.4271,1.7182,22
"Who were the first ever winners of the FA Cup, in 1872?",The FA Cup is a football competition organised by the Football Association of England. The,The Wanderer | The Wanderer (album) | The Wanderer (disambiguation) | The Wanderer (novel) | The Wanderer (song),0,0.8551,2.7058,22
How many 'Pockets' would you find on a pool table?,"The pockets on a pool table are usually 12, but some tables have",6 | six,0,0.6673,2.2383,23
Who does Emilio Estevez play in the 1988 film ‘Young Guns’?,johnny depp,Bill Bonney | Billie the Kid | Billy The Kid | Billy kid | Billy the Kid,0,0.9811,3.2147,22
Which county in England has a flag consisting of a white cross on a black background?,Here is a Python program that uses the given text to extract the county with the,Belerion | Cerniw | Cernyw | Corn Wall | Cornuvia,0,0.8361,2.4205,23
Which famous Englishman was born in Lichfield in Staffordshire in 1709?,john adams,DR SAMUEL JOHNSON | Doctor Johnson | Dr Johnson | Dr Samuel Johnson | Dr. Johnson,0,0.8216,2.2837,23
In which English city is the Anglican cathedral dedicated to St. Philip and the Catholic one to St. Chad?,leicester,B'Ham | B'ham | Beormingham | Bimringham | Birmingham,0,0.6847,1.953,22
Which record by Dexy's Midnight Runners was the best-selling UK single of 1982?,"""Come On Eileen""","COME ON EILEEN | Come On Eileen | Come On, Eileen | Come on Eileen | Come on eileen",1,0.9418,2.6569,26
"""What English model, with her short-haired androgynous look, born Lesley Hornby, was discovered in 1966 by Nigel Davies when she was 16 and weighed 6 stone (41 kg, 91 lbs), and became """"The Face of '66"""" with her high fashion mod look created by Mary Quant?""",model,Lesley Hornby | Lesley Lawson | Leslie Hornby | Twiggie | Twiggy,0,0.8058,2.8519,22
"In humans, alopecia is the loss of what?","In humans, alopecia is the loss of hair",Bodily hair | Body Hair | Curly hair | Curly haired | Curly hairs,1,0.495,1.8599,22
Which station is the Paris terminus of Eurostar?,"The Eurostar service is operated by Eurostar, a joint venture between Eurot",GARE DU NORD | Gare de Nord | Gare de Paris-Nord | Gare du Nord | Gare du Nord (SNCF),0,0.8667,1.8778,26
Who was the Principal Conductor of the Halle Orchestra from 1943 to 1970?,Sir Georg Solti,"Barbirolli | Barbirolli, Sir John | John Barbirolli | SIR JOHN BARBIROLLI | Sir Barbirolli",0,0.8684,2.3067,23
What word means to sell scarce shares or tickets at a quick profit?,"The word ""rummage"" means to sell scarce shares or tickets at a quick",Scalp | Scalp hair | Scalpus,0,0.6227,2.8115,23
Who is the only dwarf in the Disney tale of Snow White who wears spectacles?,The only dwarf in the Disney tale of Snow White who wears spectacles is Gr,D.O.C. | DOC | DOC (disambiguation) | DoC (disambiguation) | Doc,0,0.8753,2.6722,22
In which country is the Sky Train Rail bridge?,india,America's top hat | CANADA | Canada | Canada's | Canada.,0,0.7067,2.408,23
What is the more common name for 'transposons' discovered by Barbara McClintock who investigated the reason for uneven splattering of color in corn kernels?,transposons,Controlling element | DNA transposable element | Dna transposable elements | Gene jumped | Genetic element,1,0.519,1.743,23
"Allegedly coined by one Theodore Roosevelt, what product advertised itself with the slogan ""Good to the last drop""?",ketchup,Good to the last drop | Maxwell House | Maxwell House coffee,0,0.9222,1.6505,26
Which Irish politician was known as 'The Liberator'?,charles graham,'monster meetings' | Danial O'Connell | Daniel O'Connell | Daniel O’Connell | Dónal Ó Conaill,0,0.67,2.3359,23
In Eastenders what was Ethel's surname,Higginson,Skinner | Skinner (disambiguation),0,0.8974,4.6842,23
With what is FIFA usually associated?,The FIFA World Cup is the world's most popular football tournament,FOOTBALL | Foot Ball | Foot ball | Foot-Ball | Foot-ball,1,0.5579,1.9306,22
What is the result of raising any number to the power of zero?,Any number raised to the power of zero is equal to 1,1 | one,1,0.4573,1.8377,22
The Formosan Black Bear is indigenous to where?,Taiwan,"China (ROC) | China (Republic : 1949-) | China (Republic of) | China (Taiwan) | China, Republic of",1,0.3399,0.8482,22
In a petrol engine what component mixes fuel and air?,The fuel is mixed with air in the intake manifold.,Carberator | Carbereuter | Carbie | Carborator | Carburated,0,0.3069,1.9508,26
The stomach of which animal is traditionally stuffed for a haggis?,sheep,Agnine | Bleat | Domestic Sheep | Domestic ewe | Domestic ram,1,0.5937,1.0225,22
Who painted Luncheon of the Boating Party?,The painting was painted by the French artist Jean-Auguste-Dominique Ingres,Auguste Renoir | Firmin Auguste Renoir | Pierre August Renoir | Pierre Auguste Renoir | Pierre-August Renoir,0,0.5879,1.9653,22
Which detective was created by G K Chesterton?,george k. chesterton,Father Brown,0,0.7965,2.4559,23
Who wrote The Ugly Duckling,henrik ísberg,"Andersen, Hans Christian | Hans Chiristian Anderson | Hans Christen Andersen | Hans Christian Andersen | Hans Christian Anderson",0,0.6366,2.7262,23
Which celebrated battle was fought near Brno on 2nd December 1805?,austerlitz,AUSTERLITZ | Austerlitz | Austerlitz (disambiguation),1,0.3481,1.4036,22
Which famous employee-owned UK retailer's slogan is 'Never Knowingly Undersold'?,johnson and johnson,"John Lewis | John Lewis (disambiguation) | John Lewis (footballer) | John Lewis (priest) | Lewis, John",0,0.9224,3.6164,23
Who was the inventor of the Barbie Doll,The Barbie doll was invented by Ruth Handler in 1959.,Ruth Handler,1,0.7037,2.8809,22
"Quadrille, a popular card game in the 18th century, is for four players with a deck of how many?",52,40 | forty,0,0.7076,1.3926,26
Which was the lightest of the three weight categories for women boxers at the 2014 Commonwealth Games?,51 kg,FLYWEIGHT | Fly weight | Flyweight,0,0.9128,1.7423,26
Which was the only eastern bloc country to participate in the 1984 LA Olympics?,The Soviet Union,Austro-Hungarian Empire (Romania) | Carpathian Danubian space | Country ROM | Danubian-Carpathian Area | Etymology of Romania,0,0.7742,2.8196,26
What was the previous occupation of comedian Jim Bowen?,Bowen was born in 1948 in the United States,Educator | History teacher | List of educators | National Teacher | Pedagogia,0,0.8528,3.2598,22
"From the Latin meaning of clip/cut, what hairstyle symbolizes religious devotion?",The religious hair style of the nun is the most common example of a religious hairstyle,Clerical tonsure | Postrig | Roman tonsure | Tonsure | Tonsuring,0,0.7213,3.4828,22
"In the British monarchy, who succeeded Queen Anne to the throne?",George I succeeded Queen Anne to the throne,George 1 | George I | George I (disambiguation) | George the First | King George I,1,0.6372,2.2125,22
"Who was the first Englishman to lead an expedition to circumnavigate the earth by sea, and died of dysentery in the West Indies 16 years later?",john d'algarn,"Drake, the Voyages of Francis | Drake, the Voyages of Sir Francis | Draque | El Draque | Francis Drake",0,0.7508,2.3764,23
Which female singer won her second Mercury Music Prize in 2011 for her album let England Shake'?,"The winner of the 2011 Mercury Music Prize was Adele,","Harvey, PJ | P J HARVEY | P J Harvey | P. J. Harvey | P.J. Harvey",0,0.9454,3.4055,26
The King of which fictional country is drugged on the eve of his coronation in the 1894 book The Prisoner of Zenda?,zandria,Kingdom of Ruritania | Ruritania | Ruritanian | Strelsau,0,0.8034,2.6655,23
Which cricketing nation was first granted Test status in 2000?,england,B'desh | B-desh | BANGLADESH | BNGL | Bangaladesh,0,0.8548,1.644,22
What is the name of the line that darts players stand behind to throw?,"The line that darts players stand behind to throw is called the ""target line",Oche,0,0.75,2.6679,22
What play written in 1902 by J. M. Barrie reverses the rankings of the classes in British society when aristocrats and servants are shipwrecked on a deserted tropical island?,Peter Pan,The Admirable Crichton,0,0.6042,0.7714,22
On which river is Shrewsbury?,river Severn,Afon Hafren | River Severn | Seven Boar | Severn | Severn River (Great Britain),1,0.3988,2.0641,26
"Excluding Antarctica, which continent reaches the furthest south?",antarctica,America do Sul | América do Sul | Aouth america | List of national capitals in South America | Prehistory of South America,0,0.4224,1.507,23
What colour cape does Batman’s sidekick Robin wear in the 1960’s television series?,blue,"(255, 255, 0) | Dark yellow | Rgb(255, 255, 0) | Royal yellow | Symbolism of yellow",0,0.715,2.4142,23
"Bedrock is the home city of which eponymous 1960s cartoon show/family, the most successful adult TV franchise for three decades prior to The Simpsons?",The Flintstones,"Baby Puss (The Flintstones) | Flinstones | Flintstones | Flintstones, The | Hollyrock",1,0.9311,2.6385,22
Which Scottish football team plays home games at Easter Road?,hibernian,Charles Byrne (Journalist) | HIBERNIAN | The Hibernian,1,0.7856,1.5454,26
The Melrose Cup is awarded in which ball sport?,cricket,7-a-side | Borders Game | RUGBY SEVENS | Rugby 7's | Rugby 7s,0,0.7365,1.6217,23
Which car company produces the Meriva model?,meriva,Chevrolet Trafic | General Motors Vivaro | Nissan Primastar | Opel Arena | Opel Vivaro,0,0.7175,2.2194,22
Who was European Footballer of the Year for 1973 and 1974?,gerd kruse,Cruijff | Cruyff | Hendrik Cruijff | Hendrik Cruyff | Hendrik Johannes Cruijff,0,0.9381,3.0881,22
Which famous city has the official website domain www.mcgm.gov.in?,mumbai,Bom Bahia | Bomaim | Bomaím | Bombai | Bombay,1,0.4139,2.4325,26
How many hearts does an earthworm have,"Earthworms have a simple nervous system with a brain, a pair of gang",5 | Five | five,0,0.5257,2.0826,23
Canal+ TV is based in which country?,france,Belle France | Climate of France | Etymology of France | FRANCE | FRance,1,0.3958,0.5014,22
"What was the first name of the poet Mr. Pope, 1688-1744?",john,ALEXANDER | Alaksandar | Aleck | Aleksandar | Aleksander,0,0.8108,1.4439,23
"""Someone who deprives themselves of sleep is said to be """"burning the ... what ... at both ends""""?""",candle,Candel | Candle | Candle use | Candlemaker | Candlemaking,1,0.653,0.2265,23
"Which piece of laboratory equipment consists of a vertical cylindrical piece of glassware, graduated volumetrically along its length, with a stopcock at the bottom? It is used to dispense known amounts of liquids.",burette,A BURETTE. | Burets | Burette | Burettes | Microburette,1,0.2628,1.1986,26
"What 'seasonal-mood' name was given to the western social phenomenon of mid-1967, sparked by the vast gathering of young people in Haight-Ashbury, San Francisco?",hippie,Summer Of Love | Summer of Love | Summer of love | The Summer of Love | The summer of love,0,0.6844,1.8582,22
What is the minimum age of someone running for the office of President of the United States?,The minimum age of someone running for the office of President of the United States is,35 years of age,0,0.4159,1.313,22
"Based on market cap, who was declared the top technology company this week, stopping Microsoft's nearly 20 year run on top?",Apple,An apple a day | Aplle | Apple | Apple (Fruit) | Apple (fruit),1,0.6259,2.1723,22
"Which cult film, starring Harrison Ford, was based on the story Do Androids Dream of Electric Sheep?",androids,BLADE RUNNER (1982) | Blade Runner | Blade Runner (1982 film) | Blade Runner (2014 film) | Blade Runner (film),0,0.6775,2.2996,23
Creme Anglaise is the French version of which English dessert item?,crème brûlée,Cream custard | Crema pasticcera | Creme mousseline | Creme patisserie | Creme patissiere,0,0.562,1.6387,23
Who was lead singer with Frankie goes to Hollywood,"The song was written by the duo of John Lennon and Paul McCartney, and was",Hobo Joe | Hobo Joe (Holly Johnson Song) | Holly Johnson | William Holly Johnson | Yankee Rose (Holly Johnson Song),0,0.9897,3.6012,26
"To what RAF base, near Wooton Bassett village, were the bodies of servicemen killed in Afghanistan formerly transported?",RAF Waddington,LYNEHAM | Lyneham | Lyneham (disambiguation),0,0.858,1.9462,23
"Aphasia is the medical term for the inability to use or understand what, resulting from damage to the brain?",language,Complex language | Development of speech and language | Formal notation | Human language | Human languages,1,0.1941,0.5583,22
By which name meaning 'little bird' is the artist born Paolo di Dono at Pratovecchio in 1397 known by modern art-lovers?,giovanni bellini,Antonia Uccello | Paolo Di Dono | Paolo Uccello | Paolo Ucello | Uccello,0,0.8547,2.4856,22
The carotid arteries supply blood from the heart to what part of the human body?,The carotid arteries supply blood from the heart to the brain.,Head and neck | Head and neck anatomy | The head and neck,0,0.4589,1.0838,22
From which planet did Dan Dare's enemy The Mekon come?,earth,VENUS,0,0.9138,1.712,22
"Who has children called Track, Bristol, Piper, Trig and Willow?",jason hoffman,Gov. Palin | Gov. Sarah Palin | Governor Palin | Governor Sarah Palin | Palin 2012,0,0.9227,3.5047,22
"""One of Australia's oldest and most important industrial disputes and the subject of Henry Lawson's poem """"Freedom on the Wallaby"""", in 1891 brought central Queensland to the brink of civil war. What group of people was involved?""",shearers,Shearers,1,0.7243,2.2191,22
What is the name of the strong material found in plant cell walls?,Cellulose is a strong material found in plant cell walls,Cellulolysis | Cellulolysys | Cellulolytic | Cellulose | Cellulose ester,1,0.3799,1.6321,23
Which black and white marine creature is the largest member of the Dolphin family?,orca,Killer Whale | Killer Whale population | Killer Whales | Killer Whales In Native Culture | Killer Whales in Relation to Culture,1,0.5603,1.5863,23
The Tinta Barroca grape is chiefly used to make which drink?,port wine,Commercial port | Deep water port | Deep-water port | Deepwater pier | Deepwater port,1,0.5776,2.1863,23
The Most Noble Order of the Garter was established during the reign of which King?,Edward III,Eduard III | Edward 3 | Edward III | Edward III (England) | Edward III Plantagenet,1,0.6411,2.0034,23
What Buddhist monastery in China is famous for martial arts?,Shaolin Temple,Shao Lin | Shaolin | Shaolin (disambiguation) | Shàolín | Thieu Lam,1,0.5618,2.2934,26
Mark Bolland is the current Dutch born CEO of which retail chain?,De Koophandel,&MORE | M & S | M + s | M&S | M&S Simply Food,0,0.8608,3.1725,23
Which actress and singer's biography was entitled 'The Other Side Of The Rainbow'?,kate bush,Frances Ethel Gumm | Frances Gumm | JUDY GARLAND | Joey Luft | Judy Garland,0,0.9401,3.2871,22
"Composite, Shield and Cinder Cone are all types of what?",volcano,Active Volcano | Active volcano | Active worlds in the Solar System | All about Volcanos | Crater Row,1,0.2435,1.876,22
Which global confectioner started its business in 1920 making 'gummibärchen'?,toffees,HARIBO | Haribo | Haribo sugarless gummy bear | Maoam,0,0.8067,3.1006,26
Who wrote the BBC tv serial drama ‘The Singing Detective’ (1986)?,john lewis,DENNIS POTTER | Denis Potter | Dennis C. G. Potter | Dennis Christopher George Potter | Dennis Potter,0,0.9206,3.1901,23
"Which South London gang, led by Charles and Eddie, were rivals of the Krays?",The Crips,Richardson | Richardson (disambiguation),0,0.8982,3.8324,23
Who won his seventh French Open Tennis Championship in 2012?,rafael nadal,Fundacion Rafa Nadal | Fundación Rafa Nadal | King of Clay | Nadal | R nadal,1,0.8176,3.0489,22
"Fruit, cricket and horseshoe are varieties of what type of animal?",insect,Artificial bat roost | Barotrauma and Wind turbines | Bat | Bat (animal) | Bat Conservation,0,0.5233,2.168,23
Who plays Cruella de Vil in the 1996 live action version of 101 Dalmations?,The 1996 live-action version of 101 Dalm,"Annie Starke | Close, Glenn | Glen Close | Glen close | Glenn Close",0,0.871,3.3141,22
Which of the London Livery Companies is first in order of preference?,The first in order of preference is the Worshipful Company of Butchers,Mercers | Mercers Company | Mercers' Company | Mercers' Guild | Mercers' Hall,0,0.6957,2.7401,26
"The winner of the Academy Award for Best Foreign Film 1987, Babette's Feast, was set in, and filmed by, what country?",Denmark,Administrative divisions of Denmark | Administrative divisions of denmark | DENMARK | Daenemark | Danemark,1,0.5163,1.6677,23
"In World War II, what was the code name given to the artificial harbours towed across the English Channel after the D-Day landings?",The artificial harbours were towed across the English Channel after the D-Day land,MULBERRY | Moriculture | Morus (plant) | Mulberries | Mulberry,0,0.7201,2.1217,23
The town of Budge Budge is in which country?,india,Bharat Ganrajya | Bhart | Bhārat Gaṇarājya | Bhārtiya Prajāsattāk | Etymology of India,1,0.4357,1.677,22
"The German 'Dosenwerfen', the French 'Chamboule-tout', and the British 'Aunt Sally' are?",baseball,A game | Freegamer | Game | Game rule | Games,0,0.8235,3.2714,22
Who was the conservative candidate beaten by Ken Livingstone in the first two elections for Mayor of London?,Ken Livingstone,Stephen Norris | Steve Norris | Steven John Norris | Steven Norris,0,0.7548,1.5698,22
"""When Metro Pictures took over two other companies to form MGM, MGM adopted the former Goldwyn mascot """"Leo the Lion"""" and what Goldwyn corporate motto?""","""The Golden Rule""",Ars Gratia Artis | Ars gratia artis | Art For Art's Sake | Art for Art's Sake | Art for art's sake,0,0.8148,2.5679,26
In which country is the city of Kandahar?,afghanistan,A-Stan | AFGHANISTAN | Afeganistao | Affghanistan | Afgahanistan,1,0.1517,0.3356,26
Who succeeded Brian Epstein as manager of The Beatles?,"In 1962, Brian Epstein became the Beatles' manager",Allan Klein | Allen Klein,0,0.8419,2.2902,23
In which city was Michael Jackson born?,manchester,"GARY, Indiana | Gary Indiana",0,0.4191,1.9218,22
What is the most common chemical used in nail polish remover?,Nail polish remover is a chemical used to remove nail polish,(CH3)2CO | 2-Propanone | 2-propanone | Aceton | Acetone,1,0.4453,1.754,22
Anosmia is the lack of which of the senses in humans?,olfaction,Smell | Smell (disambiguation) | Smells,0,0.2157,1.9613,26
What is the name of the woollen gown worn by a junior barrister in the UK who has not taken silk?,barrister's gown,Stuff Gown,0,0.7222,2.8397,23
What name is given to any part of a circle that is bounded by two radii and an arc of the circumference?,sector,SECTOR | Sector | Sector (disambiguation) | Sectoral | Sectorally,1,0.4585,0.9549,22
"Who won the Best Actress Oscar for the 1988 film, The Accused?",alanna kelly,"Alicia Christian %22Jodie%22 Foster | Alicia Christian Foster | Alicia Foster | Foster, Jodie | Jodi Foster",0,0.9108,2.8715,26
"""Who wrote the opera """"Gloriana"""" for the coronation of Queen Elizabeth II?""",john stuart mill,Ballets by Benjamin Britten | Baron Britten | Baron Britten of Aldeburgh | Benjamen Britten | Benjamin Britain,0,0.9278,3.3103,23
"In which country was Marie Curie born? Poland, Austria or Switzerland?",Poland,Architecture of Poland | Bastarnia | Country- Poland | Etymology of Poland | Fourth Poland,1,0.3049,0.7234,22
Giugno is Italian for which month of the year?,June,JUNE | Jun. | June | June 31 | June 31st,1,0.3845,0.9842,23
"The islands of Malta, Sardinia, Sicily and Corsica are in which Sea?",Mediterranean Sea,Mare internum | Med sea | Medaterain | Medditeranean | Medeterain,1,0.198,0.4644,26
"What is Nashville's famous university in Tennessee US, named after the shipping and railroad magnate nicknamed Commodore?",Vanderbilt University,Vanderbilt University | Vanderbuilt university | Vandy Taal,1,0.5343,0.3884,23
What was the main character trait of the Dickens character Mr Micawber?,"He was a man of the world, and a man of the world's world",Optimalism | Optimalist | Optimism | Optimistic | Optimistic philosophy,0,0.6982,2.7926,22
"What links the US, 2 May 2011 and Abottabad in Pakistan?",The US military has said that the raid was conducted in accordance with the laws of,2011 Abottabad raid | Abbotabad Operation | Abbottabad Operation | Assassination attempts against Osama bin Laden | Assassination attempts on Osama bin Laden,0,0.5617,2.5909,22
Who was the first female artist to have a #1 album in the USA and the UK simultaneously?,The first female artist to have a #1 album in the USA and the UK,Home For Christmas (Susan Boyle album) | SUsan Boyle | SuBo | Susan BOyle | Susan Boyle,0,0.9439,2.6503,26
"In 1998, which director's Oscar acceptance speech included the line I'm king of the world?","In 1998, director Steven Spielberg's Oscar acceptance speech included the",James Cameron | James Francis Cameron | James cameron | List of awards and nominations received by James Cameron,0,0.8646,3.0437,23
"""Which nation's record in the final of football's World Cup, reads """"played one - lost one""""?""",england,Climate of Sweden | Etymology of Sweden | ISO 3166-1:SE | Kingdom of Sweden | Konungariket Sverige,0,0.8437,2.1261,26
What was the title of Status Quo's first UK No. 1 hit?,"The title of Status Quo's first UK No. 1 hit was """,Down Down | Down Down (Status Quo song) | Down Down (song) | Down down,0,0.92,2.2646,26
"""What is a """"white dwarf""""?""",a star that has exhausted its nuclear fuel and has collapsed under its own gravity,End of the Sun | Intermediate mass star | Intermediate mass stars | Intermediate star | Massive star,1,0.5115,1.5425,23
What is an oblation in relation to a god? Offering; Curse; Damnation; or Church?,Offering,Offering | Offering (album) | Offering (disambiguation),1,0.0888,0.207,22
What is the name of the backing band for noted bluesman Stevie Ray Vaughan?,bluesmen,Double Trouble | Double Trouble (2012 film) | Double Trouble (TV series) | Double Trouble (album) | Double Trouble (disambiguation),0,0.8433,2.6139,22
"Roald Dahl's BFG was a big, friendly what?",giant,Giant | Giant (album) | Giant (disambiguation) | Giant (film) | Giants,1,0.592,1.0244,22
What writer was convicted of sodomy and sentenced to hard labor?,"In 1886, the writer Oscar Wilde was convicted of gross inde",C. 3. 3. 3 | C. 3. 3. 3. | Cyril Wilde | Flahertie | O Wilde,1,0.8796,2.1825,26
"How long does it take, approximately, for light to travel from the Sun to the Earth?",The distance from the Sun to the Earth is about 150 million kilometers,About 8 minutes,0,0.5179,1.5386,23
What nation invented the kilt?,The kilt was invented in Scotland in the 16th century,Airlan | Airlann | Auld Sod | Erin's Isle | HÉireann,0,0.5945,1.3151,26
"If you divide a prime number by 4, the answer must result in ?",A prime number is a number that is only divisible by 1 and itself.,A fraction | Fraction | Fraction (disambiguation) | Fraction (quantity) | Fractional,0,0.4405,1.4973,22
Selenology is the scientific study of which celestial body?,selenology,Dorsa Argand | Earth I | Earth and Moon | Earth and moon | Earth's Moon,0,0.4126,1.098,22
What name has been given to the previously unknown species of man found in Russia 2010?,The species was named Homo luzonensis.,Denisova hominid | Denisova hominin | Denisova hominine | Denisovan | Denisovans,0,0.6298,3.0575,23
Which spectacular ridge connects Helvellyn with the Patterdale Valley?,The ridge is known as the Great End of the fells,Helvellyn | Helvellyn Lower Man | STRIDING EDGE | Striding Edge | Swirral Edge,0,0.6276,2.8541,23
"What is the next in this series: Conrad Hilton, Michael Wilding, Michael Todd, Eddie Fisher, Richard Burton?",michael jackson,Richard Burton | Richard Burton (actor) | Richard Walter Jenkins,0,0.9303,3.0817,23
What is the name of the character played by actor Nicholas Lyndhurst in the British television series ‘Goodnight Sweetheart’?,johnny b,Donald Bamford | Gary Sparrow | Gary sparrow | List of Goodnight Sweetheart characters | Phoebe Bamford,0,0.9936,3.9257,26
"""What animal did Will Smith's character use to commit suicide in the movie """"7 Pounds""""?""",a dog,Australian Box Jellyfish | Box Jellies | Box Jellyfish | Box jellies | Box jelly,0,0.8228,3.32,23
What is the waxy secretion of the sperm whale used in perfume manufacturing,The sperm whale is a large toothed whale that lives in the ocean. It,Ambarum | Amber grease | Amber gris | Ambergrease | Ambergreece,0,0.6408,2.2236,23
Who was the first person in the bible to get drunk?,The first person in the Bible to get drunk was Noah,Flood (Bible) | No'a | No'ah | Noah | Noah (Hebrew Bible),1,0.6681,1.8131,22
Who is the twin sister of Sebastian in Shakespeare's Twelfth Night?,mariana,Alto viola | Bratsche | Electric Viola | Electric viola | VIOLA,0,0.7543,2.2676,23
What is the trophy awarded to the women's world team champions in badminton?,The trophy is awarded to the women's world team champions in badminton,UBER CUP | Uber Cup | World Team Championships for Women,0,0.8569,2.025,26
Who was the only female prime minister of the United Kingdom?,Margaret Thatcher was the only female prime minister of the United Kingdom,Baroness Margaret Thatcher | Baroness Thatcher | Baroness Thatcher of Kesteven | Baroness The Margaret Thatcher | Lady T,1,0.7273,1.8875,23
Tewkesbury Mustard is mentioned in which Shakespeare play?,The play is based on the life of the 14th-century English king,Heinrich IV | Hendrik IV | Henry 4 | Henry IV | Henry IV (disambiguation),0,0.7954,2.6428,23
"Which river originates in the Taurus Mountains, and flows through Syria and Iraq?",Euphrates,Eufrat | Euphrat | Euphratean | Euphrates | Euphrates R.,1,0.2274,0.4262,23
"What is the lowest level of the atmosphere, which lies below the stratosphere, called?","The troposphere is the lowest level of the atmosphere, which lies below the str",Epitroposphere | The Troposphere | Trophosphere | Troposhere | Troposphere,1,0.3474,1.2591,23
"What was the location of the worst nuclear disaster in the United States, when a partial core meltdown of reactor #2 resulted in the release of significant quantities of radioactive gas in 1979?",The worst nuclear disaster in the United States occurred at the Three Mile Island nuclear power,3 Mile Island | 3 mile island | Three Mile Island | Three Mile Island Nuclear | Three Mile Island Nuclear Generating Station,1,0.6047,2.1405,23
"Supposedly a hangover cure, which drink consists of a raw egg, Worcestershire sauce and typically a hot sauce with condiments?",hangover cure,PRAIRIE OYSTER | Prairie Oyster | Russell deCarle,0,0.757,3.2146,22
What is produced when you strike steel agains flint?,"The flint is a hard, brittle, and nonmetallic mineral",SPARK | Spark | Spark (album) | Spark (disambiguation) | Spark (film),0,0.4999,2.7983,22
What abolitionist raided Harpers Ferry in 1859?,The raid was the first armed attack on the federal government since the War of,"Brown, John | John A. Brown | John A. Brown (disambiguation) | John Brown | John Brown (American football)",0,0.4343,2.1375,26
"What became the last city on earth to experience the horror of a nuclear bomb when the B-29 Bockscar devastated what Japanese city on August 9, 1945?",Hiroshima,Nagahsaki | Nagasaki | Nagasaki Bay | Nagasaki Bay (disambiguation) | Nagasaki City,0,0.5267,1.7936,23
Which is the first of the four stations on a standard Monopoly Board after passing Go?,park place,KING'S CROSS | King's Cross | King's Cross (disambiguation) | Kings Cross | Kings Cross (disambiguation),0,0.6572,2.9563,23
Stella Rimington was the first female head of which organisation?,MI5,British Counterintelligence Directorate | British Security Service | London Reception Centre | MI 5 | MI Five,1,0.7206,0.7059,23
Which film star is the title of a 1984 hit single by Madness?,michael jackson,"Caine, Michael | Cained | Maurice J. Micklewhite | Maurice Joseph Micklewhite | Maurice Joseph Micklewhite, Jr.",0,0.9789,3.189,22
From which country does paella come,paella,El Reino de Espana | El Reino de España | Espagna | Espainia | Espainiako Erresuma,0,0.2598,1.1755,22
"Mount Elbrus, arguably Europe's highest peak, is in which mountain range?",Caucasus Mountains,Caucase | Caucasia (geographic region) | Caucasian isthmus | Caucasus | Caucasus (geographic region),1,0.2576,1.5176,23
What does the term 'Halal' literally mean? As in Halal meat eaten by Muslims.,lawful,Permissible,0,0.4717,2.4487,23
The Lord Advocate is the chief law officer in which European country?,scotland,Auld Country | Autonomous Province of Scotland | Communications in Scotland | East coast of Scotland | H-Alba,1,0.3529,1.944,26
Convallaria majalis is the scientific name for what popular garden flower?,lily of the valley,LILY OF THE VALLEY | The Lily Of The Valley | The Lily of the Valley,1,0.389,1.5511,26
Chi is the Chinese year of what?,1996,COCK | Cock | Cock (disambiguation) | Cocks,0,0.5417,1.955,23
How many books in the Bible's Old Testament are included in the Catholic version but not in the Protestant one?,13,7 | seven,0,0.6266,1.6217,23
In which classic book does a boy hide in a ship's barrel of apples?,the adventures of huckleberry finn,Blind Pew | Blind Pew (Treasure Island) | Devils treasure | HMS Hispaniola | Pew (Treasure Island),0,0.8687,2.3712,23
"""The words """"Polyalphaolefins"""", """"dibasic acide esters"""", """"dibasic acide diesters"""", and """"polyol esters-based"""" and """"diester-based"""" are used in connection with the development of what?""",polyurethane,Synthetic engine oil,0,0.7164,1.988,23
What is the name of the line separating the numerator and denominator of a fraction if it is written as a diagonal line?,The line separating the numerator and denominator of a fraction if it is written as a,Solidus | Solidus (disambiguation) | Solidus Line | Solidus line,0,0.4301,1.1391,23
Which P.G. Wodehouse character has a butler 'Sebastian Beach' and a gardener 'Angus McAllister'?,jeeves,"'LORD EMSWORTH' | 9th Earl of Emsworth | Clarence Threepwood | Clarence Threepwood, 9th Earl of Emsworth | Clarence Threepwood, Lord Emsworth",0,0.8529,1.9003,23
Who is the current Australian prime minister ?,The current Australian Prime Minister is Scott Morrison.,JULIA GILLARD | Julia Eileen Gillard | Julia Gilard | Julia Gillard | Julia gillard,0,0.4965,2.0518,23
"The cocktail called a Tom Collins consists of lemon or lime juice, sugar, soda water and what else?",gin,GIN | Gin | Gins | List of gin brands | List of gins,1,0.5961,0.7661,26
"Name the renowned shirt maker in Jermyn Street, London?",hollister,Thomas Pink,0,0.9549,3.0084,22
The traditional sport of 'pugilism' is nowadays called?,boxing,Boxer | Boxers | Boxing | Boxing (sport) | Boxing Styles and Techniques,1,0.4749,0.3557,23
In the car insurance business what do the letters TPFT suggest,"The letters TPFT suggest that the car is a Toyota, a Pontiac,",Third Party Fire and Theft,0,0.6797,2.2941,22
Name the pioneering Game Theory US mathematician featured in the film A Beautiful Mind?,john nash,"John Nash | John Nash (disambiguation) | John nash | Johnny Nash (disambiguation) | Nash, John",1,0.1188,0.7566,26
"In Mexico, it is said that wearing what colour/color underwear on New Year's Eve ensures finding new love the following year?",red,"(255, 0, 0) | Aztec red | Color red | Color/red | FF0000",1,0.4837,1.0313,22
In which US city is the 1974 film Towering Inferno set?,new york city,"Baghdad by the Bay | Baking Arts | City & County of San Francisco | City and County of San Francisco | City and County of San Francisco, California",0,0.6982,1.6918,23
The OK Corral is in which US town?,arizona,Grave marker | Grave stone | Grave-stone | Gravemarker | Gravestone,0,0.4157,1.0518,23
"The daughter of the extravagant baronet 'Sir Walter Eliot', 'Anne Eliot is the central character in which of Jane Austen's novels?",pride and prejudice,'PERSUASION' | Heuristic persuasion | Inveigle | Inveigled | Inveigles,0,0.641,0.4884,23
"What was the first name of the father of Isambard Kingdom Brunel, a French engineer who moved to England and constructed the Thames Tunnel?",jean,MARC | MARC (disambiguation) | Marc | Marc (disambiguation),0,0.7368,2.2351,23
Which country joined the G7 government forum which then became the G8 in 1997?,"The G8 was formed in 1975 as the G7,",Etymology of Russia | Federation of Russia | ISO 3166-1:RU | Northern Russia | Novaya russia,0,0.5616,2.0829,26
The Nazi regime was Germany's Third Reich; which was the first Reich?,the Holy Roman Empire,12th century in Germany | 13th century in Germany | 14th century in Germany | 15th century in Germany | 15th-century Germany,1,0.3681,2.2985,22
"The Erythraean Sea, lying between Africa and Asia is more commonly called the (What?) Sea?",mediterranean,Al Baḩr al Aḩmar | Arabicus Sinus | Red Sea | Red Sea Basin | Red sea,0,0.4061,0.7343,23
"In order to secure the help of the Wizard, whose broom must Dorothy steal in the Wizard of Oz?",the ruby slippers,The Wicked Witch | The Wicked Witch of the West | The Witch of the West | The Wizard of Oz/Wicked Witch of the West | Wicked Witch,0,0.7692,2.2628,23
What was the name of Ernest Shackleton's ship which became stuck in Antarctic ice in 1915?,The Endurance,Endurance (ship) | HMS Endurance | Hms endurance,0,0.5955,1.8595,23
"In the nursery rhyme, which was the last creature eaten by the woman who swallowed a fly?",fly,A Horse | Around the World (Basketball) | Around the World (a playground basketball game) | Around the World (basketball game) | Around the World (basketball),0,0.8352,2.7614,23
"""Damon Runyon's two stories """"The Idyll of Miss Sarah Brown"""" and """"Blood Pressure"""" were the basis for which musical?""","the musical ""The Idyll of Miss Sarah Brown""",Arvide Abernathy | Fugue for Tinhorns | Guys & Dolls | Guys And Dolls | Guys and Dolls,0,0.9442,2.9607,22
In what South American country was unrepentant asshat Che Guevara and his band of merry men captured and ultimately executed?,bolivia,"Boliva | Bolivia | Bolivia (Plurinational State of) | Bolivia, Plurinational State of | Bolivian Republic",1,0.4524,1.4572,26
What do people normally do in a refectory?,The refectory is a place where people normally eat,Dining | Eat | Eatable | Eating | Eatingly,1,0.5885,1.9029,26
Who did Friedrich Engels famously work with?,"Friedrich Engels, a German philosopher, economist, and social critic, is best",Carl Heinrich Marx | Carl Marks | Carl Marx | Father of Communism | K Marx,0,0.475,1.8606,23
Who played Clayton Farlowe in Dallas,jason ross,Harold Clifford Keel | Harold Keel | Harold Leek | Harry Clifford Keel | Harry Keel,0,0.9224,3.8624,23
"As Charles Dickens' 'A Christmas Carol' is generally considered to be a short story, what is Dickens' shortest novel?",A Tale of Two Cities,'A TALE OF TWO CITIES' | A Tale Of 2 Cities | A Tale Of Two Cities | A Tale of Two Cities | A tale of two cities,1,0.7349,1.4534,23
"What highly durable footwear is used to name a species of bat and crab, alluding respectively to nose and body shapes?","The species name is derived from the Latin word for nose, nasus, and",Horse Shoe | Horse Shoes | Horse shoe | Horse-Shoes | Horseshoe,0,0.653,3.0662,23
"'Wilson, the Wonder Athlete' who was still breaking world records at the age of 128, first appeared in 1933 in which boy's comic?",boy's comic,Audere est facere | COYS | FC Tottenham | HOTSPUR | Hotspur,0,0.9618,3.2676,22
The 1887 novel A Study in Scarlet introduced what classic fictional character?,"The 1887 novel A Study in Scarlet introduced Sherlock Holmes, a","Elementary, My Dear Watson | Elementary, my dear Watson | Holmes and Watson | Inspector Holmes | Sherlock Holmes",1,0.461,2.2649,23
Broxtowe District Council is in which English county?,Nottinghamshire,"County of Nottingham | Larkfields Junior | Nottinghamshire | Nottinghamshire, England",1,0.738,0.7589,22
In which Thomas Hardynovel does the character 'John Loveday' appear?,The Turn of the Screw,'THE TRUMPET MAJOR' | Trumpet Major | Trumpet major,0,0.8776,3.8598,23
Which actor played the part of Ross Poldark in the BBC’s mid 1970’s television series?,richard nelson,ROBIN ELLIS | Robin Ellis,0,0.9808,3.4109,26
The 1987 film ‘Cry Freedom’ is a biographical drama about which South African civil rights leader?,Nelson Mandela,Bantu Steven Biko | Gerhardus Hattingh | Stephen Bantu Biko | Stephen Biko | Steve Bantu Biko,0,0.6943,2.2305,23
Where was the first penal colony in Australia situated,New South Wales,Botany Bay | Stingray Harbor,0,0.6321,2.1414,23
In which year was the 50p coin introduced into circulation in Britain?,1971,"1969 | one thousand, nine hundred and sixty-nine",0,0.7016,0.9646,23
Which French phrase commonly used in English means literally 'already seen' ?,déjà vu,DEJA VU | Dajavu | De Ja vous | De ja vu | Deja Vu,1,0.8032,1.8666,23
The International Bureau of Weights and Measures is based in which European country?,Paris,Belle France | Climate of France | Etymology of France | FRANCE | FRance,0,0.2982,1.2867,22
Which mountain range stretches from the Arctic Ocean to the Caspian Sea?,the Ural Mountains,Middle Urals | The Ural Mountains | The Urals | Trans-Urals | Ural Mountain,1,0.3068,1.8191,23
What is the five-letter name for Norway as used on its stamps?,norway,NORGE | Norge | Norge (disambiguation),0,0.6708,2.1899,23
"""Who sang """"Achy Breaky Heart""""?""",the Beatles,Bill ray cyrus | Bill ray sirus | Billy Cyrus | Billy Ray Cyrus | Billy Ray Cyrus: Home at Last,0,0.9408,3.0471,23
"Quadrille, a popular card game in the 18th century, is for four players with a deck of how many?",52,40 | forty,0,0.7076,1.3926,26
With which sport do you associate the Coventry bees?,"The Coventry Bees are an American football team based in Coventry, Rhode",SPEEDWAY | Speed way | Speed ways | Speedway | Speedway (disambiguation),0,0.7747,1.6902,23
Whose third symphony is also called his ‘organ symphony’?,The third symphony of Beethoven is also called his 'organ symphony,Camile Saint-Saens | Camille Saint Saens | Camille Saint Saëns | Camille Saint-Saeens | Camille Saint-Saens,0,0.7081,2.2135,23
In which country was Earl Spencer's acrimonious divorce settlement heard?,"The divorce was heard in the High Court of Justice, Chancery Division,",Afrique du sud | Azania/South Africa | Capital of South Africa | ISO 3166-1:ZA | Mzansi,0,0.7226,2.2282,23
'The Deep' is an aquarium at the confluence of which river with the Humber Estuary?,The Deep is an aquarium located at the confluence of the River Thames with the,"(River) HULL | Bridges on the River Hull | Drypool Bridge | Ha'penny Bridge, Kingston upon Hull | Myton Bridge, Kingston upon Hull",0,0.6356,2.0727,23
"Living from 1924 to 2006 what was the name of the Detective Police Superintendant of Scotland Yard who famously tracked down Great Train Robber Ronnie Biggs after he escaped from prison in 1965, although he had to leave without arresting him ?",Sir Robert Peel,Jack SLIPPER | Jack Slipper,0,0.9073,2.5844,22
"To within a year either side, in which year was the complete English FA Cup Final first shown live on television?",1953,"1938 | one thousand, nine hundred and thirty-eight",0,0.7695,1.8649,22
In which Verdi opera do the gypsies sing the 'Anvil Chorus'?,rigoletto,Azucena (gypsy) | Dei miei bollenti spiriti | II Trovatore | Il Trovatore | Il trovatore,0,0.8649,2.0645,26
How long do NFL football teams have to get a play off (the play clock)?,The play clock is 10 seconds,40 seconds | 40 time | forty  time,0,0.8497,1.4963,22
"What was the name of the democratic government of Germany in the 1920s and early 1930s, destroyed by Adolf Hitler?",Weimar Republic,Agressive leaders in Germany and japan | Birth of weimar republic | German Reich (1919–1933) | List of Weimer states | November Republic,1,0.3182,0.9839,26
"An American aided coup in Chile in 1973, deposed which President?",jorge yeltsin,"Allende Gossens | Allende's last speech | Allende, Salvador | SALVADOR ALLENDE | Salvador Allende",0,0.3444,3.1455,26
"Which prison themed TV series that began in 1979 featured an evil prison officer named Joan (the freak) Ferguson, played by the actress Maggie Kirkpatrick?",prison break,Caged Women | Cell Block H | Kvinnofaengelset | Kvinnofangelset | Kvinnofängelset,0,0.9418,0.6574,22
By the year 2010 there were roughly how many bicycles worldwide?,The number of bicycles worldwide is estimated to be 1.2 billion,1 billion | 1billion | one billion,0,0.698,1.8525,22
As what is the medical condition pertussis more commonly known?,Pertussis is also known as whooping cough,100 days' cough | Chincough | Cough of 100 days | Cough of one hundred days | Hundred days' cough,1,0.1525,1.1759,22
What was the name of two tyrants who ruled Syracuse in the 2nd century BC?,The tyrants of Syracuse were Hiero II and Dionysius I of Syracuse,Dionisios | Dionisis | Dionysios | Dionysius | Dionysius (disambiguation),1,0.3715,2.2643,26
Who performed the theme song to The Man With The Golden Gun?,The theme song to the film was composed by John Barry and performed by the English,LULU | Lulu | Lulu (Lulu album) | Lulu (album) | Lulu (disambiguation),0,0.8997,2.8982,23
Where is the only place in the United States that has a royal palace?,The only place in the United States that has a royal palace is the Palace of,"Capital of Hawaii | City of Honolulu | City of Honolulu, Hawaii | History of Honolulu | Honolulu",0,0.5502,1.8438,26
What are the names of Donald Duck's three nephews?,"The nephews of Donald Duck are Huey, Dewey, and Louie","Deuteronomy Duck | Dewey Duck | Donald Duck's nephews | Huebert Duck | Huey , Dewey and Louie",1,0.8279,2.1729,22
In which daily newspaper does the business cartoon 'Alex' appear?,The Daily Telegraph,Advantages of the telegraph | Cable gram | Cable grams | Cablegram | Cablegrams,1,0.8112,1.8173,23
What was the surname of the Alice - the inspiration of Alice in Wonderland?,liddell,Liddell | Lidel | Lidell,1,0.8434,3.069,22
"A Long Island Iced Tea is a cocktail based on vodka, gin, tequila, and which other spirit?",rum,Black rum | Cane spirit | Caña blanca | Coconut rum | Cuban rum,1,0.8003,2.481,22
"Who was the third President of the USA, following on from George Washington and John Adams was also famed for his numerous inventions?",Thomas Jefferson,"3rd President of the United States | Jefferson Administration | Jefferson, Thomas | President Jefferson | President Thomas Jefferson",1,0.5584,1.1414,23
How many pennies were in a British pre-decimal pound? 120; 200; 204; or 240?,204,240 | two hundred and forty,0,0.5113,0.4789,22
What letter was added to Wii by Nintendo in 2011 when naming its next generation gaming console?,"The Wii U was released in 2012, and Nintendo added a",Letter U | U | U (letter) | ⒰ | ⓤ,1,0.615,2.0241,22
What name was given to a series of thirty evening radio speeches given by US President Franklin D. Roosevelt in 1933 and 1944?,fireside chats,Fireside Chat | Fireside Chats | Fireside chat | Fireside chats,1,0.6154,1.8296,23
What synthetic opioid is used to help treat heroin addiction?,Methadone is a synthetic opioid used to help treat heroin addiction,ATC code N07BC02 | ATCvet code QN07BC02 | Adanon | Adolophine | Adolphine,1,0.4262,1.741,22
"In Vladimir Nabokov's book ""Lolita"", what is Lolita's real name?",madeline louise dewey,Clare Quilty | Confession of a white widowed male | Confessions of a White Widowed Male | Dolores HAZE | Dolores Haze,0,0.668,2.9483,23
Genghis Khan led what group of people?,Genghis Khan led the Mongol Empire,History of the Mongols | MONGOL | Mongol | Mongol clans | Mongol nation,1,0.1946,1.4723,26
"What is the old name (Latin, meaning 'strong water') for a solution of nitric acid in water, used in alchemy and other ancient processes?",aqua fortis,Aqua Fortis | Aqua fortis | Aqua sortis | Aquafortis | 🜅,1,0.6307,0.3705,22
Which nation in 2014 saw the abdication of Juan Carlos and the ascension of Felipe VI?,Spain,El Reino de Espana | El Reino de España | Espagna | Espainia | Espainiako Erresuma,1,0.4971,1.999,22
"Known as the Toison d'Or (French), Goldenen Vlies (Germany), and Toisón de Oro (Spain), the historic European supreme award is The Order of the (What ancient authority symbol?)",Golden Fleece,Chrysomallos | Chrysomallus | Golden Fleece | Golden fleece | Quest of Golden Fleece,1,0.6202,2.0881,23
Which is the smallest country in area in mainland Africa?,Comoros,Country GMB | Crown Colony of the Gambia | Culture of the Gambia | Divisions of Gambia | Divisions of The Gambia,0,0.5053,2.9742,22
In which town in Flanders could you visit the World War I memorial called the Menin Gate?,ypres,"Brielen | Dikkebus | Ieper | Ieper, Belgium | Iper",1,0.6702,1.6434,23
"Tom Parker, who famously managed Elvis Presley, was known by the title of, and as 'the..'?",King,Acting Colonel | Cnel | Col. | Colenel | Colonel,0,0.7863,1.9437,22
What was the Spice Girls' debut single called?,"The Spice Girls' debut single, ""Wannabe,"" was released in",Wanna Be | Wanna-be | Wannabe | Wannabe (disambiguation) | Wannabee,1,0.7712,1.8268,23
"In November 2008, RMS Queen Elizabeth II will depart Southamptonon her last voyage. To which city will she travel?",london,"Al memzar, dubai | Al-Dubayy | City of Dubai | DUBAI | Doubai",0,0.8011,2.9106,22
Films. Which Dominic starred as Merry (Meriadoc) in ‘The Lord of the Rings’?,john boyega,MONAGHAN | Monaghan | Monaghan Town | Monaghan Urban Council | Monaghan town,0,0.9318,3.2229,26
Who was the last British male to reach the final of a Grand Slam tennis singles tournament?,john mcenroe,Greg Rudsedski | Greg Rusedski | Greg Ruzetsky | Rusedski | Ruzetsky,0,0.855,2.7067,22
On which part of the body would a mukluk be worn?,The mukluk is a type of fur-lined boots worn by Inuit,Articulatio pedis | Articulationes pedis | Articulations of foot | Broken foot | Dorsum of foot,0,0.4744,2.1719,22
"""Which English playwright born in 1572 wrote the plays """"Il Volpone"""", """"The Alchemist"""" & """"Every Man in his Humour""""?""",ben jonson,(Ben)Jonson,0,0.7013,1.7185,26
Which title character was named Dolores Haze?,the 1980 film The Haze,Clare Quilty | Confession of a white widowed male | Confessions of a White Widowed Male | Dolores Haze | Enchanted Hunters,0,0.9582,3.5738,26
What was Kerry Packer's media company called?,"In 1988, Kerry Packer's media company, News Limited",CONSOLIDATED PRESS,0,0.6493,1.9141,22
According to Latin grammatical rules what is the singular of candelabra?,The singular of candelabra is candelabrum,Candelabra | Candelabra tower | Candelabrum | Candleabra | Candleabrum,1,0.5605,2.0851,23
Who wrote the novel The Naked and the Dead?,ernest hemingway,"Mailer, Norman | Maileresque | Mailerian | NORMAN MAILER | Norman Kingsley",0,0.7069,2.3082,22
What type of animal was Bambi's friend Flower?,deer,Chingue | Mephitidae | Mephitinae | Skunk | Skunk spray,0,0.6969,2.6716,22
Who was king of England from 1042 to 1066?,harold,Cultural depictions of Edward the Confessor | EDWARD the CONFESSOR | Eadweard III | Eadweard se Andettere | Eadƿeard se Andettere,0,0.5039,1.7955,22
In which European city was the world's first ghetto?,The first ghetto was established in Venice in 1516.,Districts of Venice | Sestiere (Venice) | The weather in Venice | UN/LOCODE:ITVCE | Venedig,1,0.5646,2.2827,23
Tessera are the individual pieces that go to make up what?,Tesserae are the individual pieces that go to make up a mosaic,MOSAIC | MOSAIC (disambiguation),1,0.6673,1.5494,26
In which prison was 'Amy' born in the novel 'Little Dorrit'?,Pentonville,Angel Alley | Angel Court | Angel Place | Chummage | Gaols Committee,0,0.861,3.229,22
Which capital city is served by Arlanda Airport,stockholm,British International Primary School Stockholm | British International Primary School of Stockholm | Capital of Sweden | Capital of sweden | Estocolmo,1,0.1495,0.5676,26
What is the ocean current that flows from Florida to Europe?,The Gulf Stream is a warm ocean current that flows from Florida to Europe,Atlantic Gulf Stream | Golf Stream | Golfs Dream | Gulf Stream | Gulf stream,1,0.3829,0.944,23
Who was the British Admiral who died in 1707 when four of his ships were wrecked in the Scilly Isles?,The Scilly Isles,Cloudesley Shorell | Cloudesley Shovel | Cloudesley Shovell | Cloudsley Shovel | Cloudsley Shovell,0,0.8545,2.663,23
Name the trademarked bass-frequency cinematic effect developed by Cerwin-Vega and Universal Studios initially for the 1974 film Earthquake?,treble boost,SENSURROUND | Sensurround,0,0.899,3.5931,22
What did Delia Smith train as before becoming a chef,Delia Smith trained as a teacher before becoming a chef.,Hair Stylist | Hair dresser | Hair stylist | Hair stylists | Hairdresser,0,0.7393,2.4728,22
What nationality was Christian Doppler after whom the famous 'effect' is named,Austrian,Austrian | Austrian (disambiguation),1,0.2673,0.4199,26
"Who, during a radio microphone test in 1984 said, 'I just signed legislation which outlaws Russia forever The bombing begins in five minutes?",The answer to this question is,40th President of the United States | Cultural and political image of Ronald Reagan | Dutch Reagan | Health of Ronald Reagan | President Reagan,0,0.8331,2.7923,22
The Clore Gallery at Tate Britain was built to house which painter's works?,jackson pollock,J M W Turner | J+M+W+Turner | J. M. W. Turner | J.+M.+W.+Turner | J.M.W. TURNER,0,0.7844,2.1435,23
Under what pseudonym did JK Rowling publish the book 'The Cuckoo's Calling'?,jk rowling,Robert Galbraith | Robert Galbraith (disambiguation),0,0.6955,2.4462,23
In Greek mythology who was the twin of Polydeuces?,zeus,CASTOR | Castor | Castor (disambiguation),0,0.663,2.6479,23
What gas is necessary for plants to perform photosynthesis?,The gas necessary for plants to perform photosynthesis is carbon dioxide,ATC code V03AN02 | ATCvet code QV03AN02 | Acidum aereum | Acidum mephiticum | CO2,1,0.4043,2.2766,23
Of which country is Manama the capital?,bahrain,1923 Sitrah Outrage | Al-Bahrayn | Al-Baḥrayn | Asia/Bahrain | Bahraih,1,0.1144,0.9183,26
"Michael, John, Steven and Susan are the children of which former US President?",george h. w. bush,38th President of the United States | Assassination attempts on Gerald Ford | Birth and life of Gerald Ford | Ford Administration | Ford administration,0,0.6759,2.2573,23
"Which group of large insects includes hawkers and darters, named for their flying styles?",dragonfly,Anisoptera | Anisopterans | Darner dragonfly | Dining needle | Dragon fly,1,0.5255,0.9177,23
Kriss Kross will make you what?,smart,Jump | Jump (album) | Jump (disambiguation) | Jump (film) | Jump (song),0,0.7522,2.9824,23
The LOGIE Awards in Australia are the equivalent of which awards in the USA?,The American Academy of Arts and Letters,EMMY (Awards) | EMMY Award | Emmie | Emmies | Emmy,0,0.8082,2.5,22
"Isoprene, Butyl and Nitrile are all types of which substance?",organic compound,Caoutchouc | Caucho | Gum Elastic | Gum rubber | India rubber,0,0.3002,1.8086,22
What type of bird was the first released by Noah?,The first bird released by Noah was a dove,Corbies | Raven | Raven (bird) | Ravin,0,0.5211,1.5734,23
"What TV character worked as a salesman at Gary's Shoes in Chicago, Illinois?",gary's shoes,Al Bundy | NO MA'AM | Polk High School Panthers,0,0.9415,3.3067,22
The main publicity image for which Alfred Hitchcock film featured Cary Grant being chased by a bi-plane?,the 39 Steps,N by nw | NXNW | NbNW | North By Northwest | North by Norhtwest,0,0.8367,2.4429,23
What was introduced by the Volstead Act?,"The Volstead Act, passed in 1919, was the first",Alcohol during and after prohibition | Alcohol prohibition in the United States | American Prohibition | American prohibition | Blocks of wine,0,0.45,1.7936,23
Who wrote the Thursday Next books?,The Thursday Next books are a series of science fiction novels by British author Jasper F,Jasper Fforde | The Last Great Tortoise Race,0,0.4096,1.8896,22
For which county did Ted Dexter play cricket for most of his career?,"The county of his birth, Lincolnshire, is represented by the county cricket team",County of Sussex | East Sussex and West Sussex | South Saxon | Sussex | Sussex Coast,0,0.9713,3.4347,26
Name the Latvian born dancer from the Kirov Ballet who defected to the West in 1974.,1974,"Barishnikov | Baryshnikov, Mikhail | MIKHAIL BARYSHNIKOV | Michael Baryzchnikow | Mikhail Barishnikov",0,0.7806,3.7163,26
Edith Cresson became the first female Prime Minister of which European country?,france,Belle France | Climate of France | Etymology of France | FRANCE | FRance,1,0.5004,0.3737,26
In which town is the Octagon Theatre?,london,"Bolton | Bolton, England | Bolton, Greater Manchester | Bolton, Lancashire | Bolton, Manchester",0,0.8108,2.9868,22
"Commonly known as nipplegate, whose wardrobe malfunction during the Super Bowl 38 half time show earned a record $550,000 FCC fine?",natalie portman,Artistry of Janet Jackson | Artists influenced by Janet Jackson | Janet Damita Jackson | Janet Damita Jo Jackson | Janet Jackson,0,0.9442,3.5807,22
You have probably all heard of the CD record but what number is CD in Roman numerals,cd,400 | Four hundred | four hundred,0,0.4751,1.6527,23
Only two nations have square flags. One is the Vatican City. Name the other?,the state of Israel,Confederatio Helvetica | Confederation Helvetia | Confederation Helvetica | Confederation Suisse | Confederation of Helvatia,0,0.8188,3.0712,26
How many cross-stars feature in the Subaru automotive badge logo?,The Subaru logo is a stylized version of the Subaru car's trademarked name,6 | Six | six,0,0.6831,2.5563,23
Roman Emperor Vespasian came to power in 69AD - the Year of the Four Emperors. Name any of the other three Emperors that year.,Nero,"Galba, Otho, Vitellius",0,0.1118,1.4983,26
"""What sport has been contested annually in Britain since 1715 in the race called """"Doggett's Coat and Badge""""?""",dog,Oarsman | Oarsmen | Oarswoman | Row boat | Rowboat,0,0.8096,1.7984,23
Which grape is used to produce top-quality Burgundy red wines?,pinot noir,Auvernat | Blauburgunder | Blauer Klevner | Blauer Spaetburgunder | Blauer Spatburgunder,1,0.3625,1.3765,22
Which is the largest city on the Caspian Sea?,baku,Aaamazzarite | Aenar | Akritirian | Akritirians | Allasomorph,1,0.2941,1.2062,22
"Which British periodical was founded by Joseph Addison and Richard Steel in 1711, the current magazine bearing the title was launched in 1828?",The Guardian,Spectator (1828) | Spectator Australia | Spectator Awards | Spectator.co.uk | The Spectator,0,0.7043,1.8681,23
Who scored the winning goal in this year's FA Cup final?,"The final was won by Manchester United, who had won the FA Cup in",BEN WATSON | Ben Watson | Ben Watson (disambiguation) | Ben Watson (football player) | Ben Watson (footballer born 1985),0,0.8815,3.2759,23
"""In 1936, whose paper """"On Computable Numbers, with an Application to the Entscheidungsproblem"""" proved that a machine could perform any conceivable mathematical computation if it were able to be represented as an algorithm?""",alan turing,"A. M. Turing | A. Turing | Alan M. Turing | Alan Mathison Turing | Alan Mathison Turing, OBE, FRS",1,0.5748,0.9367,22
"Who presented a list of 23 problems in mathematics at a conference of the International Congress of Mathematicians on 8 August 1900 in the Sorbonne, of which only 10 have resolutions which are fully accepted?",David Hilbert,David Hilbert | David hilbert | David hillbert | Gordan's Problem | Hilbert,1,0.5376,0.5966,23
Laila Morse is the sister of which actor?,jason hawke,"Gary L. Oldman | Gary Leonard Oldman | Gary Oldman | Gary Oldmen | Oldman, Gary",0,0.9704,3.5297,26
What was the name of the character played by Paul Newman in the film The Sting,gus,Henry Gondorf,0,0.9791,2.9413,22
Which television detective was created by Glenn Chandler?,The television detective was created by Glenn Chandler.,DCI Matt Burke | Killer (Taggart) | TAGGART | Taggart | Taggart (TV series),0,0.8432,2.6835,26
"Name the palace and monastery , situated some 25 miles north of Madrid, founded by King Phillip II of Spain?",san juan de la fraya,Biblioteca del Real Monasterio de El Escorial | El Escorial | Escorial | Escorial Library | Escorial Monastery,0,0.275,2.5869,26
Who was the Republican Presidential Nominee in the 2008 American Election?,al gore,John MCCaine | John MaCain | John MacCain | John Mc Cain | John McCain,0,0.6894,2.3495,22
Which 2009 Terry Pratchett novel features 'Mustrum Ridcully' setting up a University football team?,the weeping willow,'UNSEEN ACADEMICALS' | Mr Nutt | Terry Pratchett's Unseen Academicals | Unseen Academicals,0,0.8852,3.0485,22
Which is the only team to have won football’s Premier League once and once only?,liverpool,Blackburn F.C. | Blackburn FC | Blackburn Roavers F.C. | Blackburn Rovers | Blackburn Rovers F C,0,0.826,1.6981,22
Who is the presenter of the TV series The School of Hard Sums?,The School of Hard Sums is a British television series that aired on BBC One,Craic Dealer | DARA O'BRIAIN | Daire O'Briain | Dara O Briain | Dara O'Briain,0,0.8317,1.8618,23
Who set fire to his guitar at the Monterey Pop festival in 19676?,The Beatles,Al Hendrix | Early life of Jimi Hendrix | Early life of jimi hendrix | Electric Church | Gypsy Sun and Rainbows,0,0.8391,3.1445,22
"Which singer picked up three Ivor Novello awards in May, including songwriter of the year for her hit single, The Fear?",lisa del vecchio,Is It Scary (album) | Lilly Allan | Lilly Allen | Lilly Rose Cooper | Lilly allen,0,0.9855,3.0187,26
"""""""Wuthering Heights"""" by Emily Bront tells the story of which two lovers?""",1801,Catherine and Heathcliff,0,0.8719,2.1691,26
Who was British Prime Minister at the time of the first Aldermaston ban the bomb march?,The march was organised by the Women's International League for Peace and Freedom and the,"1st earl of Stockton | HAROLD MACMILLAN | Harold MacMillan | Harold MacMillan, 1st Earl of Stockton | Harold Macmillan",0,0.8629,1.8119,22
"""What were the last words of Romeo in Shakespeare's """"Romeo and Juliet""""?""","""to be or not to be""",Thus with a kiss I die,0,0.8369,3.0573,26
What name is given to the paradoxical psychological phenomenon wherein hostages express adulation and have positive feelings towards their captors that appear irrational in light of the danger or risk endured by the victims?,The name given to the paradoxical psychological phenomenon wherein hostages express adulation and have,Association With the Aggressor | Capture bonding | Helsinki Syndrome | Helsinki syndrome | Identification with the aggressor,0,0.6804,2.1567,23
Which actor succeeded Marlon Brando as head of the Corleone family in the Godfather films?,al pacino,Al Pachino | Al Pacino | Al pacino | Albert Pacino | Alfred James Pacino,1,0.814,1.6988,23
Who won an Oscar for his part in The Deer Hunter,robert de niro,Chris Walken | Chris walken | Christopher Walken | Christopher Walken for President | Christopher Wlaken,0,0.9309,1.1163,26
What is the name of the professional body that represents solicitors in England and Wales?,The Law Society of England and Wales,Incorporated Law Society | Law Society of England | Law Society of England and Wales | President of the Law Society | The Law Society,1,0.2102,1.1887,22
Who was the Roman god of the Sun,sol,SOL | SoL | Sol | Sol (Sun) | Sol (disambiguation),1,0.4721,0.4863,22
Who was the wife of Moses?,The wife of Moses was Zipporah,"Sephora, wife of Moses | Sipporah | Tsipora | Tsiporah | Tzipora",1,0.4704,1.814,23
Which sea lies off the Great Barrier Reef?,the Coral Sea,Coral Sea | Coral sea,1,0.3481,2.1351,23
Michael Phelps who during the Summer Olympics 2012 brought his swimming medal total to a record 18 golds represents which country?,united states,'merica | (US) | (USA) | AMERICA | Amarica,1,0.0971,0.2888,22
The chemical element antimony is found in nature mainly as which sulphite mineral?,stibnite,Antimony black | Antimony glance | Sb2S3 | Stibnite,1,0.4898,2.4091,22
A frugivore feeds on what?,Frugivores are animals that eat fruit,Bacca | Culture of fruits | Fleshy fruit | Friut | Fruit,1,0.389,1.763,22
A nectarine is a shiny-skinned variety of what?,peach,A Peach | Amygdalus nucipersica | Amygdalus persica | Amygdalus potanini | Brugnon,1,0.3737,0.3455,22
"When the egg is released from the ovary, what is left behind?",The ovary is the female reproductive organ that produces eggs (ova) and hormones,Corpora albicantia | Corpora lutea | Corpora luteum | Corpus Luteum | Corpus albicantia,0,0.5519,1.72,26
LOT is the national airline of which country?,india,Architecture of Poland | Bastarnia | Country- Poland | Etymology of Poland | Fourth Poland,0,0.4152,2.0158,22
"In Italian cookery, what name is given to soft dumplings made from semolina or wheat flour?",gnocchi,Gnocchetti | Gnocchi | Gnocci | Gnocco,1,0.6169,1.903,26
In which city are the baseball team the Dodgers based?,los angeles,"72 suburbs in search of a city | Brentwood Circle | Brentwood Circle, Los Angeles, CA | City of L A | City of L. A.",1,0.5376,0.8509,22
What is the middle name of US actor Samuel L Jackson?,"The middle name of US actor Samuel L Jackson is ""Lloyd"".",Le Roy | LeRoy | Lee Roy | Leeroy | Leroy,0,0.834,3.4356,23
"Common, Arctic and Sooty are all varieties of which bird?",gull,TERN | Trans European Road Network | Trans-European Road Network | Trans-European Road network | Trans-European Roads Network,0,0.5435,2.0502,23
What film was the first sequel to win a Best Picture Oscar?,The first sequel to win a Best Picture Oscar was The Lord of the Rings:,Antonio %22Tony%22 Rosato | Don Ciccio | Don Francesco Ciccio | Godfather 2 | Godfather II,0,0.7688,2.3099,22
"Rathlin Island, off the Northern Ireland coast, was refuge to which Scottish King in 1306?",robert the Bruce,King Robert I of Scotland | King Robert the Bruce | King bruce of scotland | Raibeart Bruis | Robert 'the Bruce',1,0.8541,1.131,22
Charleston is the capital of which US state?,south carolina,35th State | Climate of West Virginia | Counties and Important Towns in West Virgina | Counties and Important Towns in West Virginia | Demographics of West Virginia,0,0.2355,0.459,23
Under what pseudonym did JK Rowling publish the book 'The Cuckoo's Calling'?,jk rowling,Robert Galbraith | Robert Galbraith (disambiguation),0,0.6955,2.4462,23
The Nullarbor Plain is in which country?,australia,AUSTRALIA | AUSTRALIAN | Asutralia | Ausrtalia | Aussieland,1,0.2659,0.1935,22
What is the name of the official British coronation crown?,"The crown is made of gold, silver, and platinum, and is set with",Crown of Saint Edward | Crown of St. Edward | Saint Edward's Crown | St Edward's Crown | St Edward's crown,0,0.6322,2.1304,23
Amerigo Vespucci international airport serves which European city?,rome,"FLORENCE | Firenze | Firenze, Italy | Florence | Florence (Italy)",0,0.5543,2.0832,22
Who played the part of companion Martha Jones in the 2007 series of Dr Who?,The Doctor's companion Martha Jones was played by actress Jenna Coleman.,FREEMA AGYEMAN | Freema | Freema Agyeman | Frema | Frema Agyeman,0,0.9439,3.2703,26
It was announced in April 2007 that Lord Justice Scott Baker would replace Baroness Butler-Sloss in what position?,Lord Justice Scott Baker was appointed to the Supreme Court in April 200,Coroner at the inquests into the deaths of Princess Diana and Dodi Al Fayed,0,0.7683,1.4875,23
"What film production company was named after brothers Harry (born Hirsz), Albert (born Aaron), Sam (born Szmul), and Jack (born Itzhak)?","The company was named after the four brothers, who were born in Poland and immigr",The Warner Brothers Studio | WB Shield | WB Studios | Warmer Bros. | Warner Bro,0,0.7703,2.9609,26
Odontology is the scientific study of what?,Odontology is the scientific study of the structure and function of the teeth and jaws,Apex radicis dentis | Maxillary teeth | Pegged teeth | Teeth | Tooth,1,0.3756,1.617,22
The Crossbill belongs to which bird family?,finch,Carduelidae | Carduelini | FINCH | Finch | Finch (bird),1,0.5499,1.9938,22
"Released in 1961, what was the last No.1 hit for Frankie Vaughan?","The last No. 1 hit for Frankie Vaughan was ""The Way We Were",Tower Of Strength | Tower of Strength | Tower of Strength (disambiguation),0,0.925,3.7402,22
"Name the Leicester-born eponymous inspiration of the early 19th textile machinery smashers of the English industrial revolution, whose collective name is now a term for someone resisting new technology?",james watt,Captain Lud | Captain Ludd | General Lud | General Ludd | Ned Lud,0,0.8315,2.4783,23
"""Which work of literature starts with the lines: """"The past is a foreign country: they do things differently there""""?""",the great gatsby,'THE GO-BETWEEN' | Go-Between | The Go Between | The Go-Between,0,0.8901,1.8893,22
Whose 2014 best-selling novel ‘Be Careful What You Wish For’ is the fourth in the Clifton Chronicles series?,jennifer kirkpatrick,"Baron Archer of Weston-Super-Mare | Baron Archer of Weston-super-Mare | Jeffrey Archer | Jeffrey Archer, Baron Archer of Weston-super-Mare | Jeffrey Howard Archer",0,0.959,3.4036,22
"During WWII, the volkssturm was the German version of what in Britain?",The British volunteer corps was called the Auxiliary Units.,HOME GUARD | Home Army (disambiguation) | Home Guard | Home Guard (disambiguation) | Home guard,0,0.6852,2.2101,23
The North Sea and the Baltic Sea are linked through which canal?,the Kiel Canal,KIEL CANAL | Kaiser Wilhelm Canal | Kiel Canal | Kiel canal | Nord-Ostsee-Kanal,1,0.536,1.6654,22
Who in 1928 piloted the first flight between Australia and New Zealand?,"The first flight between Australia and New Zealand was made by the pilot, Charles Kings",CHARLES KINGSFORD SMITH | Charles Edward Kingsford Smith | Charles Edward Kingsford-Smith | Charles Kingford Smith | Charles Kingsford Smith,0,0.7236,2.44,23
Thanatology is the scientific study of what?,Thanatology is the scientific study of death and dying,Articulo mortis | Articulus mortis | Biological death | Dead | Deadness,1,0.4081,0.6427,26
For which minor sport do the USA and Europe compete annually for the Weber Cup?,The Weber Cup is an annual international competition between the United States and Europe in the,10 pin bowling | 10-Pin Bowling | Big Four (bowling) | Bowling terms | List of Bowling terms,0,0.7777,1.7703,22
Which American singer was born Eleanora Fagan?,barbra streisand,Billie Holiday | Billie Holliday | Billie halliday | Billy Holiday | Billy Holliday,0,0.8051,2.6001,22
Simon Legree is the villain in which famous novel?,douglass,Eliza (Uncle Tom's Cabin) | Eliza Harris | Emily Shelby | Legree | Life Among the Lowly,0,0.6386,1.1322,23
Buddy Holly and the Big Bopper were two of the three musicians who died in a plane crash in February 1959. Who was the other one?,jerry lee lewis,Richard Steven Valenzuela | Richie Valens | Richie Valenzuela | Ritchie S. Valens | Ritchie Valens,0,0.8317,1.2927,23
Which famous Englishman was born in Lichfield in Staffordshire in 1709?,john adams,DR SAMUEL JOHNSON | Doctor Johnson | Dr Johnson | Dr Samuel Johnson | Dr. Johnson,0,0.8216,2.2837,23
What is the art of hand-making cricket bats called?,"The art of hand-making cricket bats is called ""cricket bat making",Bat (cricket) | Cricket Bat | Cricket Bat industry of India | Cricket bat | Cricket bat industry of India,1,0.8252,2.441,26
What is the chief river of Burma ?,The Irrawaddy River is the chief river of Burma,IRRAWADDY | The Irrawaddy,1,0.193,1.2756,22
"How many Rings of Power were there, in total?",The number of Rings of Power is 3,20 | twenty,0,0.4634,2.4488,26
"Born in Kingston, Texas in 1925, who is generally recognized as the most decorated American soldier of WWII, before he launched a successful film career?",robert j. cobb,Audie L. Murphy | Audie Leon Murphy | Audie Murphey | Audie Murphy | Audie Murphy legacy,0,0.8871,2.5287,23
From which country does paella come,paella,El Reino de Espana | El Reino de España | Espagna | Espainia | Espainiako Erresuma,0,0.3167,1.1755,23
"According to Arthurian legend, Arthur's wife Guinevere, had a little on the side with which Knight of the Round Table?",le fort,Arondight | Aroundight | Chevalier mal fet | Evaine | Joyous Gard,0,0.8604,1.8432,26
"What disease was Robert the Bruce, King of Scotland, said to have died of in 1329?",tuberculosis,Dimorphic leprosy | Downgrading lepra reaction type 1 | Hansen disease | Hansen's Disease | Hansen's disease,0,0.5657,2.7579,23
Author J.R.R. Tolkien was born in which country?,ireland,Afrique du sud | Azania/South Africa | Capital of South Africa | ISO 3166-1:ZA | Mzansi,0,0.191,1.3741,26
What is the highest peak in the EU?,"The highest peak in the EU is Mount Elbrus, which is located in",MONT BLANC | Mont Blanc | Mont blanc | Mont blank | Mont-Blanc,0,0.3535,1.6801,22
What is the name of the five horizontal lines on and between which musical notes are written?,The five horizontal lines on and between which musical notes are written are called the staff,Stave | Stave (disambiguation),0,0.4317,2.3133,26
Which vegetable is traditionally used in the dish moussaka?,moussaka,Aubergeine | Aubergine | Aubergines | Baingan | Brinjal,0,0.3363,1.3245,26
Kremlin in Russia technically means?,"Kremlin is the name of the old fortress in Moscow, Russia, which was built",Defensive works | Earthwork (military) | Earthworks (fortification) | Earthworks (military) | Festungen,1,0.414,2.8101,22
"In April, which sportsman married his childhood sweetheart Kim Sears?",michael phelps,ANDY MURRAY | Andrew Murray (tennis player) | Andrew Murray (tennis) | Andy Murray | Andy Murray (tennis player),0,0.9921,3.3671,26
"In which year was the first robbery for which it is known that Jesse James was responsible, of the Davies's County Savings Association in Gallatin, Missouri, during which Jesse shot and killed the cashier, Captain John Sheets?",1878,"1869 | one thousand, eight hundred and sixty-nine",0,0.6498,1.3557,26
What gemstone is The Moonstone in the classic novel of that name by Wilkie Collins?,diamond,4-C's of Diamond Grading | Bortz | Daimonds | Diamonad | Diamond,1,0.4878,1.6128,22
How many black keys are there on a standard modern piano?,88,36 | thirty-six,0,0.5486,1.7672,26
Which was the first city to host the Summer Olympics twice?,1908,List of places and things named Paris | PARIS | Paris (Roman actor) | Paris (U.S.A.) | Paris (USA),0,0.7619,2.171,22
"Which type of roof is pitched at two different angles, the lower part being steeper than the upper?",hip roof,Curb roof | French roof | Mansard | Mansard Roof | Mansard roof,0,0.4022,1.9419,23
"The Pilgrimage of Grace was a popular uprising in 1536, led by Robert Aske, in which city did it take place?",York,City of York | County Borough of York | Eoferwic | Eoforwic | Park Grove (1895),1,0.5831,1.8366,22
In which year were Queen Victoria and Prince Albert married; the uniform penny post introduced in the UK; Tchaikovsky was born?,1840,"1840 | one thousand, eight hundred and forty",1,0.6665,0.269,22
"According to the song, what killed the radio star?",The song is about a radio star who is killed by a car,Analog video | Analogue video | Blanking region | Line (video) | Motion video,0,0.7945,3.5144,23
Where was the first competition named the FIFA Club World Cup held in 2006?,"The first competition was held in 2006 in Japan, with the",Etymology of Japan | ISO 3166-1:JP | JAPAN | JPN | Ja-pan,1,0.7486,2.1546,26
"""In 1965, who became the first American astronaut to """"walk in space""""?""",edwin e. may,(Edward) WHITE | Ed White | Edward D. White | Edward White | Edward White (disambiguation),0,0.7455,2.5274,23
"On a map of the London Underground, what colour is the Northern Line?",red,"(0, 0, 0) | 000000 | BLACK | Black | Black (Colour)",0,0.388,1.9429,22
Which Roman historian was the son-in-law of Agricola the Roman Governor of Britain?,Tacitus,C. Tacitus | Caius Cornelius Tacitus | Conelius Tacitus | Cornelius Tacitus | Gaius Cornelius Tacitus,1,0.6146,1.8125,22
"What was the middle name of Senator Edward M Kennedy, who died in August 2009?",joseph,"MOORE | Moore Theater | Moore Theater Building | Moore Theatre | Moore Theatre (Seattle, Washington)",0,0.731,1.3643,23
Which river meets the sea at Fleetwood on Lancashire's Fylde coast?,the Ribble,Borough of Wyre | Wyre | Wyre (borough) | Wyre Council | Wyre District,0,0.6235,1.943,23
In the Tour de France who wears the polka dot jersey?,robert lafferty,King Of The Mountain | King of the Mountain | King of the Mountain (disambiguation) | The King of the Mountain | The king of the mountain,0,0.7855,3.0545,22
"Which scientist was Time magazine's ""Person of the 20th Century""?",Albert Einstein,A Tribute to Einstein | A. Einstein | Al Einstein | Alber Einstein | Alber Enstien,1,0.5086,1.6782,22
"Who, along with the March Hare, throws a perpetual tea party in Lewis Caroll's Alice's Adventures in Wonderland?",The Mad Hatter,10/6 | Hatter (Alice's Adventures in Wonderland) | In this style 10/6 | Mad Hatter | MadHatter,1,0.5912,1.4958,22
Which actor played the title role in the ITV series 'Tarzan' from 1966 to 1968?,peter firth,RON ELY | Ron Ely | Ronald Ely | Ronald Pierce,0,0.9562,3.275,23
Andy Schleck competes in what sport at an international level?,road bicycle racing,Bicycle riding | Bicycle user | Bicycle uses | Bicycling | Bicyclist,0,0.6209,2.3898,26
"""Which garden feature is a structure consisting of a framed passageway covered with climbing and trailing plants and has a name derived from the Latin for """"projecting roof"""" ?""",pergola,Arbor (garden) | Arbour (garden) | PERGOLA | Pergola | Pergolas,1,0.6407,1.1894,22
"Since 1998, teams in which Olympic sport have included a libero, who wears a different colour shirt from his or her team mates and can swap in and out of the side freely between points ?",volleyball,Court (volleyball) | High school volleyball | History of volleyball | Indoor volleyball | Lebro,1,0.5345,0.4188,23
Which pub on Whitechapel Road was the site of William Booth's first sermon and the murder of the mobster George Cornell by Ronnie Kray?,"The Whitechapel Road pub, known as the ""Whitechapel Arms,""",'THE BLIND BEGGAR' | Blind Beggar | The Blind Beggar,0,0.907,2.8635,23
Who was the first member of the British royal family to lie in state at Westminster Hall?,The first member of the British royal family to lie in state at Westminster Hall was,"Albert Edward of the United Kingdom | Albert Edward, Duke of Cornwall | Albert Edward, Duke of Rothesay | Albert Edward, Prince of Wales | Albert, Prince of Wales",0,0.8905,2.1084,22
What is the main ingredient of the Mexican breakfast dish huervos rancheros,tortilla,Birds eggs | Egg | Egg (biology) | Egg (bird) | Egg cases,0,0.6155,2.7276,23
"By tradition, what country leads the procession of nations in the Olympics?","The Olympic Games are held every four years, and the host country is responsible for",Eladha | Ellada | Elliniki Dimokratia | Elliniki Dimokratía | Elláda,0,0.6135,1.8965,23
How is the London statue 'The Angel of Christian Charity' more commonly known?,The Angel of Christian Charity is more commonly known as the Angel of the North,Eros | Eros (god) | Eros (mythology) | Greek god of love | Love (mythology),0,0.6442,1.4609,23
Whose portrait (apart from the Queen) appeared on the now defunct one pound note?,The portrait of Queen Elizabeth II appeared on the now defunct one pound note,Cultural depictions of Isaac Newton | Hannah Ayscough | I. Newton | ISAAC NEWTON | Isaac Newton,0,0.8664,2.4668,23
"Which Central American country has a currency which is named after a bird, the Quetzal?",guatemala,Administrative divisions of Guatemala | Etymology of Guatemala | GUATEMALA | Guatamala | Guatelmala,1,0.2114,1.6,26
In which Poe tale is a wife murderer exposed by an ill-treated pet?,the black cat,Black Cat | Black Cat (film) | Black cat (disambiguation) | The Black Cat | The Black Cat (film),1,0.6782,2.1797,23
"What cocktail typically consists of 3 parts vodka, 1 part apple schnapps, and 1 part cointreau?",martini,Apple martini | Appletini,0,0.6654,2.4229,23
What is the family home of Cavendish's (Dukes of Devonshire)?,The family home of Cavendish's (Dukes of Devonshire) is,Chatsworth | Chatsworth (disambiguation),0,0.7242,1.3298,26
Which is the only non-European country to have hosted the Winter Olympics only once?,The only non-European country to have hosted the Winter Olympics only once is the United,CANADA (1988),0,0.7439,2.8264,26
What is the name of the chain of islands in the southwestern Philippines?,The islands are part of the chain of islands in the southwestern Philippines known as the,Sulu (island) | Sulu Archipelago | Sulu Island | Sulu Islands | Sulu archipelago,0,0.4641,1.8424,23
What name is given to a substance that accelerates a chemical reaction without itself being affected?,catalyst,CATALYST | Catalycity | Catalyse | Catalysed | Catalyser,1,0.3856,1.3144,26
"In the UK television series ‘Dad’s Army’, what was Lance-Corpopal Jack Jones occupation?",soldier,Boning | Boucherie | Butcher | Butcher shop | Butcher shops,0,0.9366,3.6717,26
Give an example of an 'ordinal number'?,Ordinal numbers are used to describe the position of an object in a list or,"FIRST, SECOND, THIRD etc",0,0.283,1.4951,26
Who first achieved stardom as the gangster Duke Mantee in the film 'The Petrified Forest'?,The Petrified Forest,Bogart | Humphrey Bogart | Humphrey DeForest Bogart | Humphrey bogart | Humphrey boggart,0,0.9336,3.4791,23
"Charlotte, TJ's, Adelphi, Barfly; Joiners, and Forum are/were names in what UK market sector?",retail,1st Art | Auditory art | Internet Music Video Database | Interpretation (music) | Meaning (music),0,0.9071,2.5663,26
Which Scottish percussionist born in 1965 has been deaf since the age of 12?,John Peel,Evelyn Glennie | Evelyn glennie,0,0.9298,4.0362,23
In which musical is the main male character called Billy Bigelow?,the sound of music,Carousel | Carousels | Carrousel | Loof | Marry Go Round,0,0.8636,2.1116,23
US professional wrestler and actor Terry Gene Bollea is better known by what name?,dwayne jones,Gene Bollea | Halk Hogan | Ho Kogan | Hollywood Hogan | Hollywood Hulk Hogan,0,0.8185,1.3886,26
For which team did Babe Ruth blast his last Major League home run?,yankee stadium,Boston Braves | Boston Braves (disambiguation),0,0.7681,2.4224,22
"British comedian/presenter Clive, Scottish singer/musician Ian and English footballer Vivian all share which surname?",wright,Anderson | Anderson (disambiguation),0,0.9902,3.4945,22
"Having risen in Plynlimmon, which is the only English city through which the River Wye flows?",newport,"HEREFORD | Hennffordd | Hereford | Hereford City Council | Hereford, England",0,0.7086,2.3622,26
The Battle of Vimy Ridge took place in which country during World War l?,canada,Belle France | Climate of France | Etymology of France | FRANCE | FRance,0,0.2782,0.9411,26
What colour on the London underground map is the District Line,green,"(0, 255, 0) | Avacado (color) | Green | Green (color) | Green (colour)",1,0.7295,2.0007,23
What does an octopus spray when threatened?,The octopus is a cephalopod mollusc of the order Octop,INK | Indelible ink | Ink | Inks | Inky (liquid),0,0.5963,2.1355,22
"Cursed to sail around the Cape of Good Hope, which ghost ship is the theme of an 1841 opera by Richard Wagner?",the Flying Dutchman,Flying Dutchman | Flying dutchman | Hendrik van der Decken | The Flying Dutchman,1,0.9448,2.355,22
Nebuchadnezzar was the ruler of which ancient kingdom (606-562 BC)?,babylon,Ancient Babylon | BABYLON | Babalyon | Babilu | Bablyon,1,0.1674,1.0315,23
The roe of lumpfish is used as a substitute for which delicacy?,The roe of lumpfish is used as a substitute for caviar.,Black caviar | Caviar | Caviar Caviare | Caviar substitute | Caviare,1,0.6247,2.1898,23
"What Detroit-area stadium was sold in 2009 for just $583,000?",The stadium was sold in 2009 for just $583,Pontiac Metropolitan Stadium | Pontiac Silverdome | Silverdome | The Silverdome,0,0.8447,2.0582,26
Deficiency in which vitamin causes Beri-Beri?,thiamine,B 1 | B-1 | B-1 (disambiguation) | B.1 | B1,0,0.5014,0.9996,23
By what name was Australia known before British colonisation?,The name Australia was first used in 1644 by Dutch explorer Abel,New Holland | New Holland (disambiguation) | Nova Hollandia,0,0.6387,2.0603,26
What kind of animal is a 'Suffolk Punch'?,The Suffolk Punch is a breed of horse.,Cold blooded (horse) | Domestic Horse | Domestic horse | Domesticated horse | Equine Studies,1,0.6251,2.1889,23
Which is the highest mountain in North America?,Mount McKinley,Churchill peaks | Denali | Denali East Buttress | Denali North Peak | Denali South Buttress,1,0.3566,2.2157,22
"""""""Bye Bye Love"""" in 1957 was the first hit single for which duo?""",The Beatles,Don Everly | Donald Everly | Everley Brothers | Everly Brothers | Ike Everly,0,0.9596,1.8759,23
"In Germany, what is an autobahn?",The German autobahn system is a network of motorways in Germany,Control of access | Controlled access | Controlled access highway | Controlled access road | Controlled-access,1,0.3353,1.6305,22
Who was king of England from 1042 to 1066?,harold,Cultural depictions of Edward the Confessor | EDWARD the CONFESSOR | Eadweard III | Eadweard se Andettere | Eadƿeard se Andettere,0,0.4913,1.7955,26
In which contact sport do two rikishi compete inside a dohyo ?,sumo,Amateur sumo | Nakabi | Ozumo | Professional sumo | SUMO WRESTLING,1,0.3089,0.2146,22
Krakatoa is part of which country?,indonesia,Ecology of Indonesia | Etymology of Indonesia | INDONESIA | ISO 3166-1:ID | Indnonesia,1,0.2752,0.4497,22
What company is the world's largest auction house?,Sotheby's is the world's largest auction house,"Christie's | Christie's East | Christie's Images | Christie, Manson & Woods | Christies",0,0.5972,1.6797,26
Which Latin word is used for a recess in a church wall containing a basin for washing holy vessels?,lavabo,PISCINA | Piscina | Sacrarium | Thalassidion,0,0.5849,1.872,23
The Yalu river forms a sort of natural border between China and which of its neighbours?,North Korea,Bukjoseon | Choson Minjujuui Inmin Konghwaguk | Chosun Minjujuui Inmin Gonghwaguk | Chosŏn Minjujuŭi Inmin Konghwaguk | Communist Korea,1,0.3467,0.6658,22
"According to Greek legend, King Midas was ""blessed"" by the god Bacchus with the gift that all he touched would turn to what?","In Greek mythology, King Midas was granted a wish by the god Dionys",Atomic number 79 | Au (element) | Aurate | Auric (Ion) | Auric compound,0,0.5996,2.4772,23
In which TV series would you find an Eagle Transporter,eagle transporters are a staple of the series,Alpha 1999 | Alpha1999 | Space 1999 | Space1999 | Space: 1999,0,0.9293,3.2123,26
The first name of which science fiction hero created by Alex Raymond was retitled as 'Speed' in Australia to avoid a negative connotation of the word by which we know him better?,the Hulk,Flash (Gordon) | Flash Gordan | Flash Gordon | Flash Gordon 3D | Flash gordon,0,0.9074,3.657,22
Of what does the usual base of a Florentine biscuit consist?,The usual base of a Florentine biscuit consists of a shortbread base,Book of KND | C.A.K.E.D.-F.I.V.E. | C.A.K.E.D.-T.H.R.E.E. | C.A.K.E.D.-T.W.O. | C.A.N.N.O.N.,0,0.7046,2.2944,26
What is the capital of the state of Oregon?,The capital of Oregon is Salem,Salem | Salem (band) | Salem (disambiguation),1,0.1888,1.1854,23
"The wood of which common tree was traditionally used to make tennis racquets, billiard cues and hockey sticks?",oak,Ash | Ash (disambiguation),0,0.5998,2.353,23
What is commonly known as the 'sport of kings'?,The sport of kings is a form of polo played in the United States,Horse Racing | Horse race | Horse races | Horse racing | Horse racing in Japan,0,0.6371,3.2442,23
What is the secret identity of Penrod ‘Penry’ Pooch?,Penrod ‘Penry’ Pooch is a fictional character in the,Hong Kong Fooey | Hong Kong Fuey | Hong Kong Phooey | Hong Kong Phooey (film) | Hong Kong Phooie,0,0.7657,2.4177,23
What do Americans call what we call a megaphone?,megaphone,BULLHORN | Blowhorn | Bull horn | Bullhorn | Loud Hailer,1,0.5349,1.3095,26
Which 1949 film was set on the Scottish island of Todday?,the island of todday,Whiskey Galore | Whiskey Galore! | Whisky Galore | Whisky Galore (disambiguation) | Whisky Galore!,0,0.9864,3.3859,26
"What stock index reached 5,000 in 2000 before collapsing nearly 80%?","The Dow Jones Industrial Average reached 11,706 in 2",NASDAQ | NASDAQ Capital Market | NASDAQ Global Select Market | NASDAQ Level II | NASDAQ National Market,0,0.4712,1.3662,23
Which motor scooter had a name meaning ‘wasp’?,the wasp,Piaggio Vespa | Piaggio vespa | VBC Super 150 | Vespa | Vespa 946,0,0.7749,3.5199,23
Who was the author of 'The Old Curiosity Shop'?,Charles Dickens,C Dickens | CJH Dickens | Charels Dickens | Charles Dickens | Charles Dickins,1,0.6543,2.2471,22
What number has the square root (to the nearest four decimal places) of 1.4142? 1; 2; 3; or 4?,1.4142 is the square root of 1. The,2 | two,1,0.5873,1.5832,23
"In 1951, which European country saw the abdication of King Leopold lll in favour of his son Baudouin?",belgium,Administrative divisions of Belgium | Begium | Beldjike | Belgian | Belgie,1,0.4107,1.5076,26
"As well as gold, silver and platinum, objects made of what other material have to be hallmarked by an Assay Office?",silver,PALLADIUM | The Palladium,0,0.6754,2.0534,23
The name of which European capital city means Merchants Harbour?,amsterdam,"COPENHAGEN | Capital of Denmark | Copenhagen | Copenhagen (Denmark) | Copenhagen, Denmark",0,0.5012,2.9873,23
John Chapter 11 Verse 35 is the shortest verse in the Bible. How many words make up the verse?,10,2 | Two | two,0,0.5817,1.577,22
"From the Greek word sphygmós, meaning pulse, what is the inflatable cuff pressure meter called which measures human blood pressure?",sphygmomanometer,Blood pressure cuff | Blood pressure meter | Blood pressure monitor | Cuff inflation | Máy đo huyết áp,1,0.3845,0.5696,23
"In which country did Queen Isabella secure the throne when her opponents (Carlists) were defeated in 1868, following a civil war between those who wanted a king and those who wanted a queen?",spain,El Reino de Espana | El Reino de España | Espagna | Espainia | Espainiako Erresuma,1,0.4934,1.051,22
Brazilian football legend Pele wore which number on his shirt?,10,10 | ten,1,0.6295,0.7776,23
"What cat food “tastes so good, cats ask for it by name”?",wet cat food,Alley Cat (cat food) | Meow Mix | Meow Mix (cat food) | Meow Mix Cat | Meow Mix Theme,0,0.8045,3.2281,26
Which celebrated battle was fought near Brno on 2nd December 1805?,austerlitz,AUSTERLITZ | Austerlitz | Austerlitz (disambiguation),1,0.3481,1.4036,22
What are the last six words of Rudyard Kipling’s ‘If’?,"I am the master of my fate, I am the captain of my soul","YOU’LL BE A MAN, MY SON",0,0.7541,3.0336,26
Which element is integral to all organic compounds?,Organic compounds are compounds that contain carbon,Atomic number 6 | C (element) | Carbon | Carbon (element) | Carbon Atom,1,0.4305,1.8257,23
What company bought Time Warner in 2001 - the biggest merger in U.S. history?,Time Warner,A.O.L. | AOL | AOL 9.0VR | AOL Canada | AOL Community Leaders,0,0.6566,2.1056,22
Thomas the Tank Engine lives on which fictional island?,england,Sodor | Sodor (disambiguation),0,0.8272,2.9603,23
What was the title of the fourth 'Alien' film starring Sigourney Weaver ?,alien3,ALIEN RESURRECTION | Alien - Resurrection | Alien 4 | Alien Ressurection | Alien Ressurrection,0,0.7675,1.6936,22
"In La Cage Aux Folles, what was La Cage Aux Folles?",The show was a comedy about a gay couple who opened a gay cabaret in,Club night | Club scene | Clubber | Clubbers | Clubgoer,0,0.7851,2.7294,22
A 'frontispiece' is traditionally at the beginning of a?,book,Book | Book and paper conservation | Booke | Books | 📕,1,0.4158,0.7327,22
The largest known volcano in our solar system is on which planet?,venus,2003 opposition of Mars | 4th planet | Fourth planet | Hydrology of Mars | Magnetosphere of Mars,0,0.253,0.9145,22
Which home of champagne in France was also where the German High Command surrendered in WWII?,The Palace of Versailles,"Durocortorum | Reims | Reims, France | Rheims | Rheims, France",0,0.6823,3.1048,22
The Royal Shakespeare Company is based in which British town?,Stratford-upon-Avon,Croft Preparatory School | Henley Street | Stratford Upon Avon | Stratford on Avon | Stratford on avon,1,0.5785,1.0575,22
The nictitating membrane is found on which part of animal’s body?,eye,Animal eyes | Apposition eye | Camera-type eye | Compound Eye | Compound Eyes,1,0.4245,1.0824,23
What colour is pistachio flavoured ice cream?,green,"(0, 255, 0) | Avacado (color) | Green | Green (color) | Green (colour)",1,0.528,1.2815,22
Who played the Riddler in the original Batman TV series?,The Riddler was played by the actor William H. Macy in the original,FRANK GORSHIN | Frank Gorshin | Gorshin,0,0.7906,2.9425,26
In which film does psychopath Annie Wilkes wield a sledgehammer to horrific effect?,psycho,Misery | Misery (disambiguation) | Misery (song),0,0.8454,2.5824,22
What was the surname of the Alice - the inspiration of Alice in Wonderland?,liddell,Liddell | Lidel | Lidell,1,0.6441,3.069,23
Indonesia's internet country TLD (top level domain) is?,id,.ID | .go.id | .id,1,0.372,1.2339,22
A throw of which number on each of a pair of dice is known as Snake Eyes?,one,1 | One | one,1,0.5468,1.0605,22
"""Which stage and film musical features the song, """"A Cock-eyed Optimist""""?""",stage musical,SOUTH PACIFIC | South Pacific | South Pacific (disambiguation) | South Pacific (film) | South pacific,0,0.9773,2.5106,26
What kind of bean is used to make tempeh?,Tempeh is a soybean product that is made by fermenting soybeans,Cancer risk of soy products | Glycine max | SBIF | Soja bean | Soy,1,0.5778,1.7796,26
Which is the highest prime number less than 100?,The highest prime number less than 100 is 97.,97 | ninety-seven,1,0.5649,1.4444,23
In which ‘business’ did John Davidson Rockefeller make his fortune?,oil,OIL | OiL | Oil (disambiguation),1,0.3893,1.4508,22
Who wrote The Importance Of Being Earnest?,"The Importance of Being Earnest is a play by Oscar Wilde, first performed in",C. 3. 3. 3 | C. 3. 3. 3. | Cyril Wilde | Flahertie | O Wilde,1,0.6092,1.4104,23
On which far eastern island did Mick Jagger marry Jerry Hall?,The Far East was a popular destination for the Rolling Stones in the 19,"BALI | Bal'i | Bala'i | Balahi | Balai, Iran",0,0.8993,2.9392,26
Rodolfo and Mimi are the main characters in which opera by Giacomo Puccini?,madama butterfly,A bohemian life | Boheme | Bohemian Life | Bohéme | Che Gelida Manina,0,0.6057,1.0614,26
"""From which Beatles song do the following lyrics come, """"Nothing's going to change my world""""?""",let it be,'ACROSS THE UNIVERSE' | Across The Universe | Across the Universe | Across the Universe (World Wildlife Fund version) | Across the universe,0,0.8387,2.0522,22
John F Kennedy suffered from chronic back complaints and what other medical problem?,John F. Kennedy suffered from chronic back complaints and a heart condition.,Addison Disease | Addison disease | Addison's | Addison's Disease | Addison's disease,0,0.65,2.6361,22
Tanzania was renamed in 1964. What was it previously called?,The country was renamed Tanzania in 1964,ISO 3166-1:TZ | Jamhuri ya Muungano wa Tanzania | Republic of Tanzania | TNZ | Tanganyika and Zanzibar,1,0.5369,2.0114,26
"The initial parts of which London building were built as a fortress by the Normans, had additions to become a palace and then was used primarily as a prison?",Tower of London,"Bloody tower | Gwynfryn, London | Her Majesty's Royal Palace and Fortress | London Tower | Martin Tower (Tower of London)",1,0.7799,1.0193,23
Where did Jonathan Edwards set his 1995 triple jump world record?,Jonathan Edwards set his 1995 triple jump world record of 1,Climate of Sweden | Etymology of Sweden | ISO 3166-1:SE | Kingdom of Sweden | Konungariket Sverige,0,0.7457,1.7803,23
Who played 'Jonathan Hart' in the TV series 'Hart to Hart'?,johnny depp,ROBERT WAGNER | Robert Wagner | Robert Wagner (actor) | Robert wagner,0,0.9339,3.2571,23
Which is the only internal organ that can regenerate itself?,The liver is the only internal organ that can regenerate itself,Calves liver | Capsula fibrosa perivascularis | Colic impression | Colic impression on liver | Couinaud segment,1,0.4892,1.5202,22
In which city did Dylan Thomas die?,new york,11th State | Eleventh State | Estado Nueva York | Estado de Nueva York | N Y,1,0.6334,1.5821,22
Which famous book features the character of Bob Cratchit?,a christmas carol,"A Christmas Carol | A Christmas Carol in Prose, Being a Ghost Story of Christmas | A christmas carol | A. Christmas Carol | Belinda Cratchit.",1,0.6205,0.9902,23
"""What word refers to the period before """"The Great Flood"""" as described in the Old Testament of the Bible?""",pre-flood,Ante-diluvian | Antedeluvian | Antediluvian | Antediluvians | Preflood earth,0,0.58,1.9308,23
Pompey the Great and Crassus were two of the 'First Triumverate' in 60 BC. Who was the third?,julius caesar,C. Julius Caesar | CAIVS IVLIVS CAESAR | Caesar | Caesar Dictator | Caesar complex,1,0.5363,1.7351,23
What type of creature is a copperhead?,The copperhead is a venomous pit viper,Coronellidae | Serpentes | Serpentiform | Serpentigenous | Snake,0,0.3994,1.872,26
Which stand-up comedian presents 8 Out Of 10 Cats and Distraction?,john hancock,Jimmy Carr | Jimmy car | Joke Technician | Karoline Copping,0,0.9287,2.5759,22
In which play by Harold Brighouse is 'Willie Mossop' employed at a shoe shop?,willie mossop,'HOBSON'S CHOICE' | Hobbesian choice | Hobson choice | Hobson's choice | Hobsons choice,0,0.9303,2.3985,23
"From which song does this lyric come? 'She calls out to the man in the street, sir can you help me'?","""I'm Yours""",Another Day in Paradise | Another Day in Paradise (Jam Tronix song) | Another day in Paradise | Another day in paradise,0,0.9279,2.8919,23
"Which US state lends its name to a baked pudding, made with ice cream, sponge and meringue?",nevada,49th State | ALASKA | Alaksa | Alasca | AlaskA,0,0.6014,2.4272,23
"""Which 19th century English writer wrote """"Swallows and Amazons"""", """"Peter Duck"""" and """"Secret Water""""?""",john bolitho,"Arthur Michell Ransome | Arthur Ransome | Ransome, Arthur Michell",0,0.9136,3.0779,22
"""In """"The Hitchhikers Guide to the Galaxy"""" by Douglas Adams, what was the name of the computer that determined that the answer to the ultimate question of Life, the Universe and Everything was 42?""",the Hitchhiker's Guide to the Galaxy,Deep Thought | Deep Thought (disambiguation) | Deep thought,0,0.6748,2.0888,23
"In 'Alice in Wonderland', who wanted to decapitate anyone who offended her?",the Queen,Queen of Hearts | Queen of Hearts (disambiguation) | Queen of Hearts (film) | Queen of Hearts (song) | Queen of hearts,0,0.7631,1.7695,23
By what first name is West Indian cricketer Sarwan known?,"Sarwan is a cricket player who is known by his first name, Sarwan",RAMNARESH,0,0.803,2.1386,22
"""Which Welsh author, born in Cardiff, has written over 30 books, including """"Pillars of the Earth"""", """"Fall of Giants"""" and """"Capricorn One""""?""",graham green,Century trilogy | KEN FOLLETT | Ken Follet | Ken Follett | Kenneth Martin Follett,0,0.9276,1.6385,22
A footpad was a criminal from the 16th to 19th century but what term is used to describe them today?,"The term ""footpad"" is used to describe a criminal from the 1",Footpad | MUGGER | Mugger,1,0.7065,3.8279,23
Which amendment to the U.S. Constitution says that no one may be forced to testify against himself,fifth amendment,1/5 | 5th | Fifth | Fifth (disambiguation) | Fifth (music),1,0.4653,1.7682,23
Which 20th Century U.S. President was a Peanut Farmer?,bill clinton,"39th President of the United States | Carter, James Earl | Carter, James Earl %22Jimmie%22 | Carter, James Earl %22Jimmy%22 | Carter, Jimmie",0,0.734,1.2945,22
"In the Hans Christian Andersen story, who slept in a walnut shell for a cradle?",the king,Palculienka | Thumbalina | Thumbelina | Thumbellina,0,0.7979,3.1247,23
Which element has the atomic number 1?,hydrogen,Atomic number 1 | Compressed Gaseous Hydrogen | Compressed gaseous hydrogen | Dihydrogen | E949,1,0.6539,0.7054,22
Scatology is the scientific study of what?,Scatology is the scientific study of feces,Animal Dump | Animal Waste | Animal shit | Bird droppings | Body Waste,1,0.2409,1.1071,22
Which popular newsreader resigned from ITN in 1979?,"The resignation of the ITN newsreader, who was also a member of the",REGINALD BOSANQUET | Reginald Bosanquet,0,0.8433,3.1509,23
"What fictional Chinese-American detective, created by Earl Derr Biggers in 1923 for a novel published in 1925, was the subject of over 45 films made between 1926 and 1981?",The answer to this question is: Sam Spade,Birmingham Brown | Charley Chan | Charlie Chan | Number One Son,0,0.775,2.6843,22
Which vegetable is added to Lasagne to make 'Lasagne Verdi'?,spinach,Eulithis mellinata | SPINACH | Spinach (Moth) | Spinach (moth) | The Spinach,1,0.7024,1.8755,22
Which playwright wrote Murder in the Cathedral?,t. S. Eliot,Eliotian | Prufrock and Other Observations | Sweeney Among the Nightingales | Sweeney among the Nightingales | T Eliot,1,0.5849,2.3362,26
"According to Smokey The Bear, Remember... only you can what?",prevent forest fires,Prevent Forest Fires,1,0.6398,0.9251,23
"""What was the code-name for the reporters Bernstein and Woodward's contact during their investigation of the """"Watergate"""" scandal?""","""deepthroat""",Deep Throat | Deep Throat (disambiguation) | Deep throat | Deep-throat | Deepthroat,1,0.6914,2.5295,23
"""The fictional setting Grover's Corner, New Hampshire, for the 1938 Broadway play """"Our Town"""" was created by which Pulitzer Prize winning playwright?""",charles garland garland,Thornton Niven Wilder | Thornton Wilder | Thorton Wilder,0,0.7839,2.8287,22
Of which country is Yingluck Shinawatra the Prime Minister?,thailand,Etymology of Thailand | ISO 3166-1:TH | Kingdom Of Thailand | Kingdom of Thailand | Kingdom of the Thai,1,0.174,0.4893,26
"Which American science fiction television series, first aired from 1993 to 2002, tapped into public mistrust of governments and large institutions and interest in conspiracy theories and spirituality, centring on efforts to uncover the existence of extraterrestrial life?",The X-Files,History of The X-Files | Mulderites | Opening title sequence of The X-Files | T-X-F | T-XF,1,0.6783,1.2905,23
In which decade was the David Lean film 'Lawrence Of Arabia' released?,1962,%6060s | '60s | 1960's | 1960-1969 | 1960ies,0,0.5984,0.1833,22
What U.S. state was an independent country between 1836 and 1846?,texas,"28th State | 28th state | Christianity in Texas | Everything is bigger in Texas | Lake Ozark, Texas",1,0.5178,0.8939,23
Tomorrow marks the 109th anniversary of which great American taking the reins of the presidency following the death of William McKinley?,calvin coolidge,"26th President of the United States | Cowboy of the Dakotas | Feddy Roosevelt | President Theodore Roosevelt | Roosevelt, Theodore",0,0.6076,2.444,23
Who created the Star Wars series of films?,George Lucas created the Star Wars series of films,G lucas | George Jr. Lucas | George Lucas | George Lucas Jnr | George Lucas Jr.,1,0.5254,1.5678,23
"The hall of fame for what sport is located in Saratoga Springs, NY, in which the announcement of new inductees is usually made on the first Saturday in May in Louisville, Ky?",baseball,Horse Racing | Horse race | Horse races | Horse racing | Horse racing in Japan,0,0.6093,0.9115,23
"What is analysed by, and of special interest to, a 'Graphologist'?",Graphology is the study of handwriting and the analysis of handwriting,HAND-WRITING | Hand (handwriting) | Handwriting | Handwritten,1,0.4969,2.1611,22
What type of company is 'Dunder Mifflin' in the US version of 'The Office'?,office supply,Granite paper | Homemade paper | Loose paper | PAPER | Paper,0,0.5418,2.2907,23
Who did Prince Andrew marry?,"Prince Andrew married Sarah Ferguson, the former Duchess of York, in 19",Sara Ferguson | Sarah Ferguson | Sarah Fergusson,1,0.6407,2.1253,26
The 1932 film ‘The Mask of Fu Manchu’ revolves around Fu Manchu’s quest for the sword and mask of which historical figure?,albus,Cambuscan | Chaanguys Khan | Chaangyus Khan | Changez khan | Cheng Ji Si Han,0,0.9154,2.3293,22
"From the Latin for argentum, which element, with an atomic number of 47, uses the symbol Ag?",silver,7440-22-4 | ATC code D08AL30 | ATCvet code QD08AL30 | Ag+ | Argentate,1,0.3376,0.1974,23
Who was the Principal Conductor of the Halle Orchestra from 1943 to 1970?,Sir Georg Solti,"Barbirolli | Barbirolli, Sir John | John Barbirolli | SIR JOHN BARBIROLLI | Sir Barbirolli",0,0.9274,2.3067,26
What is the opposite of an acid?,A base is a substance that can accept a proton (H+).,BASE | BASE (disambiguation) | Base | Base (disambiguation) | Base (math),1,0.2453,2.1054,22
"Yellow-pine, Uinta and Lodgepole are all types of which animal?",pine,Chip monk | Chip munk | Chipmonk | Chipmunk | Chipmunks,0,0.398,0.5865,23
"What name is given to the soft spots on a baby's head which, during birth, enable the bony plates of the skull to flex allowing the child's head to pass through the birth canal?",fontanelle,Depressed fontanelle | FONTANELLE | Fontanel | Fontanell | Fontanelle,1,0.4347,0.7036,22
Which heroine from a 1961 film had a cat called Cat?,catwoman,Holly Golightly | Holly Golightly (disambiguation),0,0.9406,3.7176,22
"On the human body, a keloid is a type of what?",A keloid is a type of scar that grows beyond the boundaries of the original,Atrophic scarring | Cicatrice | Cicatrices | Cicatricial | Cicatrix,1,0.4498,1.6118,26
What is the name of the monster’s creator in the 1818 novel of the same name by Mary Shelley?,Frankenstein,Frankenstein (Victor),0,0.6423,1.8526,22
Which drink is known as ‘The Wine of Islam’?,sherry,Brazilian coffee | Cafe de Columbia | Caffé | Coffe | Coffee,0,0.5065,2.3271,22
'Arias And Raspberries' is the title of the autobiography of which entertainer who died in April 2001?,johnny cash,HARRY SECOMBE | Harry Seacombe | Harry Seccombe | Harry Secombe | Sir Harry Secombe,0,0.9957,3.7557,26
"""In the James Bond film """"Goldfinger"""" who played Bond girl Pussy Galore?""",linda hamilton,Honor Blackman,0,0.8827,2.2025,22
What character was played by Bill Fraser in 'The Army Game'?,The character was played by Bill Fraser.,Snudge,0,0.9962,3.5933,22
"What country connected the ironically named Bushehr plant, the first nuclear power station in the Middle East, to its national grid in Sep 2011?",iran,Historical Names of Iran | Historical names of Iran | I.R. Iran | I.R. of Iran | I.R.Iran,1,0.5293,0.3046,22
"Excluding Antarctica, which continent reaches the furthest south?",antarctica,America do Sul | América do Sul | Aouth america | List of national capitals in South America | Prehistory of South America,0,0.4396,1.507,23
What term is used for the actress that has the main part in a film or play?,lead,Female lead | Leading lady,0,0.5752,1.0248,22
What is a nervous disorder whereby a person suddenly falls asleep?,sleepwalking,Always sleeping (narcolepsy) | Gelineau disease | Hypnolepsy | Nacrolepsy | Narcalepsy,0,0.4975,2.7544,23
In January 1968 who was chosen as leader of the Communist Party in Czechoslovakia?,"In January 1968, Alexander Dubček was chosen as leader",Aleksandr Dubcek | Alexander Dubcek | Alexander Dubchek | Alexander Dubek | Alexander Dubček,1,0.714,2.409,23
Which toy won the award for Toy of the Year in 1997 ? It came under controversy in 1999 when Conservative pundit Jerry Falwell claimed that one of them was a homosexual model for children.,The Hot Wheels 1997 Hot Wheels 1997,Dipsy | Eh-oh | Laa Laa | Laa-Laa | Laalaa,0,0.8635,3.1393,23
Who declared the 1936 summer Olympic Games open? (Both names required.),"The 1936 Summer Olympics, officially known as the Games of the",ADOLF HITLER | Adlof hitler | Adoff Hitler | Adolf HItler | Adolf Hiedler,0,0.7077,1.9437,22
"'An Island Parish' is a documentary series on BBC2, in which islands were the first four series set?",The islands featured in the first four series of 'An Island Parish' are the,Council of the Isles of Scilly | Flag of the Isles of Scilly | Governor of the Scilly Isles | Iles of Scilly | Isle of Scilly,0,0.7995,2.6626,23
John Sholto Douglas sponsored the rules for which sport in the 19th century?,The rules of the game were first published in 1870 by the,Boxer | Boxers | Boxing | Boxing (sport) | Boxing Styles and Techniques,0,0.7589,2.5055,23
If you order 'Gambas' in a Spanish restaurant what will you get?,pasta,King Prawn | King prawns | PRAWNS | Prawn | Prawn versus shrimp,0,0.4004,2.7805,22
"In Vermont, USA, there is an old law stating that it is illegal for women to wear what without their husbands written consent?",stockings,Artificial teeth | Artificial tooth | Dental plate | Denture | Denture Stabilization,0,0.6138,2.6451,26
What U.S. state borders four Great Lakes?,michigan,26th State | Climate of Michigan | Demographics of Michigan | Economy of Michigan | Education in Michigan,1,0.4144,0.897,23
"Known as The Hoosier State, what was the 19th state to join the Union on december 11, 1816?",indiana,19th State | Climate of Indiana | Demographics of Indiana | Education in Indiana | Hoosier State,1,0.5676,0.475,26
Who wrote the opera Faust in 1859?,The opera Faust was written by German composer Johann Wolfgang von Goethe and his,Ballets by Charles Gounod | Ballets to the music of Charles Gounod | CF Gounod | Charles Francis Gounod | Charles Francois Gounod,0,0.4757,2.1887,22
Who played 'Callan' in the TV series of the same name?,The TV series was based on the 1970s British television series,Edward Woodward | Ewar Woowar,0,0.9275,3.5932,23
What is the name of Bob Marley's greatest hits album?,100th Chapter,Alamat | Densetsu | LEGEND | Legend | Legend (person),0,0.4824,2.6998,26
"In April 1966, Bobbi Gibb became the first woman to run the entire distance of which marathon?",26.2 miles,Boston Marathon | Boston marathon | The Boston Marathon,0,0.6227,1.5065,23
"""Which Canadian, born Eilleen Regina Edwards, made the album """"Come on Over"""", the best-selling album of all time by a female musician and the best-selling album in the history of country music?""",kelly clarkson,Eileen Edwards | Eileen Regina Edwards | Eilleen Edwards | Eilleen Regina Edwards | Shaina Twain,0,0.9374,2.3141,22
'Citizen Smith' was the creation of which TV writer?,David Simon,JOHN SULLIVAN | John J. Sullivan | John J. Sullivan (lawyer) | John Sullivan | John Sullivan (cricketer),0,0.9121,3.0748,22
"Ushuaia, which is now generally accepted as the southernmost city in the world, is in which country?",argentina,ARGENTINA | Airgintin | Airgintín | Antonia Merce Y Luque | Arc'hantina,1,0.2387,0.4013,23
Which Jackson appeared in Celebrity Big Brother in January 2009?,jason jackson,Ja-Tail Records | La Toya Jackson | LaToya Jackson | Latoya Jackson | Latoya jackson,0,0.9029,2.784,23
What was the profession of Paul Strand (1890 - 1976)?,He was a photographer and film director.,Freelance Photography | Freelance photographer | Photographer | Photographist | Photographr,1,0.6174,2.2771,26
What fictional spy show showcases the dysfunctional International Secret Intelligence Service (ISIS)?,The fictional spy show The Man from U.N.C.L.E. (19,Anchor Point (archery) | Archer | Archer (comics) | Archeress | Archerie,0,0.568,2.3839,22
What word is applied to someone who is equally capable with both hands?,dexterous,Ambadexterous | Ambidexterity | Ambidexterous | Ambidextrous | Ambidextrousness,0,0.5231,2.9963,23
"""In what year did Glen Campbell have a hit with """"It's Only Make Believe""""?""",1975,"1970 | one thousand, nine hundred and seventy",0,0.8299,2.1061,22
"Sir William Herschel discovered which planet, calling it 'George's Star', in honour of King George the Third?",uranus,34 Tauri | 7th planet | Astronomy Uranus | Discovery of Uranus | George's Star,1,0.5919,0.6814,23
Which country is currently ruled by the Chakri dynasty that has been in power since 1782?,sri lanka,Etymology of Thailand | ISO 3166-1:TH | Kingdom Of Thailand | Kingdom of Thailand | Kingdom of the Thai,0,0.218,1.6506,22
What is the capital of the US state of Georgia?,Atlanta,"ATLANTA | Atanta, GA | Atlanta | Atlanta (GA) | Atlanta (Ga.)",1,0.057,0.8357,26
Who played Margo Channing in the 1950 film ‘All About Eve’?,carole lindbergh,Arthur Farnsworth (Bette Davis' husband) | Arthur Farnsworth. | Bette Davies | Bette Davis | Bettie Davis,0,0.8475,2.432,23
"Famous for 'Die Welt als Wille und Vorstellung', Arthur Schopenhauer (1788-1860) was a German?",philosopher,Philosopher | Philosophers,1,0.2913,0.0252,26
Which planet in our solar system has the shortest year?,venus,Mercury | Mercury (album) | Mercury (disambiguation) | Merdcury | Murcury,0,0.4533,1.176,22
Prince Charles founded what organisation in 1976 to help young employed people?,The Prince's Trust,Celebrity Cookbook | Prince's Trust | Prince's Trust Team | Prince's Youth Trust | Prince's trust,1,0.7816,2.0686,22
Which architect designed the Albert Memorial in 1875?,"The Albert Memorial was designed by Sir Charles Barry, an English architect who was also",G.G. Scott | George Gilbert Scott | George Scott (architect) | Gilbert Scott (architect) | Sir George Gilbert Scott,0,0.6648,2.1832,23
Who composed the 1965 choral work Chichester Psalms?,The 1965 choral work Chichester Psalms was,Ballets by Leonard Bernstein | Len Bernstein | Lenny Bernstein | Leonard Bernstein | Leonard bernstien,0,0.9064,2.1855,22
"Chim Chim Cheree, I Love to Laugh and Feed the Birds are all songs from which film?",The Lion King,17 Cherry Tree Lane | Bert (Mary Poppins) | Marry Poppins | Mary Poppins | Mary popins,0,0.9152,2.3815,23
Which disease is also called lockjaw?,tetanus,ATC code J06AA02 | Neo-natal tetanus | Obstetrical tetanus | Tetanis | Tetanus,1,0.4242,1.124,23
Who plays the role of Bubble in Absolutely Fabulous?,The role of Bubble is played by actress and comedian Joanna Lumley.,Jane Horrocks,0,0.8791,3.3554,22
"""What does the Gaelic phrase """"Sinn Fein"""" mean?""","""We are for""",Anti-Treaty Sinn Fein | Anti-Treaty Sinn Féin | Irish Republican Party | Irish republican Party | Irish republican party,0,0.5392,2.4131,22
Lady Jane Grey was the great grand-daughter of which English king?,Edward IV,"HENRY VII | Harri Tudur | Henri VII d'Angleterre | Henry Tudor, Earl of Richmond | Henry VII (England)",0,0.7231,1.7821,22
What word can mean loose broken rocks or someone who is vulgarly self-assertive?,pebble,Brash | Brash (disambiguation),0,0.7152,3.2693,22
Which element is the main polluting substance in acid rain?,sulfur dioxide,ATC code D10AB02 | ATCvet code QD10AB02 | Beta-sulfur | Beta-sulphur | Brimstone (sulfur),1,0.427,0.8865,23
"Which country occupying 47% of South America has states including Amazonas, Sao Paulo, Bahia and Para?",brazil,Barzil | Brasil | Brassil | Brazil | Brazil (country),1,0.2572,0.1336,23
Singer and musician Bono called which venue ‘Rock and roll’s great cathedral’?,The Rock and Roll Hall of Fame,Gilmores Garden | Knicks-Rangers Championship runs of 1994 | Knicks-Rangers Finals Series of 1994 | Knicks-Rangers Finals series of 1994 | Knicks–Rangers Championship runs of 1994,0,0.7858,2.2967,22
"What is the next in the series: Carboniferous, Permian, Triassic, Jurassic ?",Cretaceous,Creataceous | Cretacaeous | Cretaceous | Cretaceous (geology) | Cretaceous Africa,1,0.4578,0.4239,23
In what country did the Romani ethnic group originate?,"The Romani people are an ethnic group originating in South Asia, and are believed",Bharat Ganrajya | Bhart | Bhārat Gaṇarājya | Bhārtiya Prajāsattāk | Etymology of India,0,0.3893,2.798,22
Who became the new French president in 2007?,"In 2007, Jacques Chirac was succeeded by Nicolas Sark",Giulia Sarkozy | Hyperpresident | Nicholas Sarkozy | Nicholas Sarzoky | Nick sarkozee,0,0.36,1.7998,22
From which 1968 film did English band Duran Duran take their name?,The Cars,Barbarella | Barbarella (disambiguation),0,0.8784,2.6274,23
Name the 2003 Turner Prize winning artist whose alter ego is Claire?,The answer to this question is,GRAYSON PERRY | Grayson Perry | Greyson perry,0,0.8517,3.9948,22
15 October will mark the 600th anniversary of which famous battle?,battle of agincourt,AGINCOURT | Agincourt | Agincourt (disambiguation) | Ajencourt | Ajincourt,1,0.2497,0.7628,22
The Bledisloe Cup is contested by Australia and New Zealand in which sport?,rugby union,Fifteen-a-side | Rugby Union | Rugby Union Football | Rugby union | Rugby union football,1,0.4541,0.4963,22
How is Dihydrogen Monoxide better known?,"Dihydrogen monoxide is better known by its chemical name, water",H2o | H₂O | Importance of water | Life and water | Liquid water,1,0.2358,1.6367,26
"Which company with a trademark (£, a German 'L') similar to a £ sign released the first nine 'Beatles' albums?",EMI,PARLOPHONE | Parlophon | Parlophone | Parlophone Records,0,0.8403,1.3327,22
Film musical interpretations of Romeo and Juliet and the memoir of Baroness von Trapp shared what lead character name?,juliet,Mapiia | Maria | Maria (disambiguation) | Maria (film) | Maria (singer),0,0.9653,3.0566,22
